food_name,food_category,labeled_protein_g_per_100g,limiting_ratio,usable_pct,true_usable_protein_g
"Beef, New Zealand, imported, brisket point end, separable lean only, cooked, braised","Beef Products",34.510,NULL,NULL,NULL
"Beef, New Zealand, imported, bolar blade, separable lean only, cooked, fast roasted","Beef Products",33.530,NULL,NULL,NULL
"Beef, New Zealand, imported, flat, separable lean only, cooked, braised","Beef Products",33.220,NULL,NULL,NULL
"Beef, chuck for stew, separable lean and fat, choice, cooked, braised","Beef Products",32.490,1.186,100.0,32.49
"Beef, chuck for stew, separable lean and fat, all grades, cooked, braised","Beef Products",32.410,1.186,100.0,32.41
"Beef, chuck for stew, separable lean and fat, select, cooked, braised","Beef Products",32.290,1.186,100.0,32.29
"Beef, New Zealand, imported, chuck eye roll, separable lean only, cooked, braised","Beef Products",32.080,NULL,NULL,NULL
"Beef, New Zealand, imported, brisket point end, separable lean and fat, cooked, braised","Beef Products",31.940,NULL,NULL,NULL
"Beef, New Zealand, imported, flat, separable lean and fat, cooked, braised","Beef Products",31.860,NULL,NULL,NULL
"Beef, New Zealand, imported, bolar blade, separable lean and fat, cooked, fast roasted","Beef Products",31.300,NULL,NULL,NULL
"Beef, cured, breakfast strips, cooked","Beef Products",31.300,1.128,100.0,31.30
"Beef, New Zealand, imported, variety meats and by-products, heart, cooked, boiled","Beef Products",31.290,NULL,NULL,NULL
"Beef, New Zealand, imported, hind shin, separable lean only, cooked, braised","Beef Products",31.230,NULL,NULL,NULL
"Beef, rib, shortribs, separable lean only, choice, cooked, braised","Beef Products",30.760,1.094,100.0,30.76
"Beef, New Zealand, imported, flank, separable lean only, cooked, braised","Beef Products",30.750,NULL,NULL,NULL
"Beef, New Zealand, imported, rump centre, separable lean only, cooked, fast fried","Beef Products",30.170,NULL,NULL,NULL
"Beef, New Zealand, imported, flank, separable lean and fat, cooked, braised","Beef Products",30.130,NULL,NULL,NULL
"Beef, New Zealand, imported, cube roll, separable lean only, cooked, fast roasted","Beef Products",30.090,NULL,NULL,NULL
"Beef, New Zealand, imported, rump centre, separable lean and fat, cooked, fast fried","Beef Products",30.010,NULL,NULL,NULL
"Beef, New Zealand, imported, chuck eye roll, separable lean and fat, cooked, braised","Beef Products",29.920,NULL,NULL,NULL
"Beef, New Zealand, imported, oyster blade, separable lean only, cooked, braised","Beef Products",29.870,NULL,NULL,NULL
"Beef, New Zealand, imported, hind shin, separable lean and fat, cooked, braised","Beef Products",29.820,NULL,NULL,NULL
"Beef, New Zealand, imported, oyster blade, separable lean and fat, cooked, braised","Beef Products",29.790,NULL,NULL,NULL
"Beef, New Zealand, imported, eye round, separable lean only, cooked, slow roasted","Beef Products",29.680,NULL,NULL,NULL
"Beef, New Zealand, imported, eye round, separable lean and fat, cooked, slow roasted","Beef Products",29.490,NULL,NULL,NULL
"Beef, ground, 97% lean meat / 3% fat, crumbles, cooked, pan-browned","Beef Products",29.460,0.849,84.9,25.00
"Beef, New Zealand, imported, tenderloin, separable lean only, cooked, fast fried","Beef Products",29.370,NULL,NULL,NULL
"Beef, New Zealand, imported, brisket navel end, separable lean only, cooked, braised","Beef Products",29.350,NULL,NULL,NULL
"Beef, New Zealand, imported, tenderloin, separable lean and fat, cooked, fast fried","Beef Products",29.260,NULL,NULL,NULL
"Beef, ground, 95% lean meat / 5% fat, crumbles, cooked, pan-browned","Beef Products",29.170,0.846,84.6,24.67
"Beef, variety meats and by-products, liver, cooked, braised","Beef Products",29.080,1.550,100.0,29.08
"Beef, ground, 93% lean meat / 7% fat, crumbles, cooked, pan-browned","Beef Products",28.880,0.848,84.8,24.50
"Beef, New Zealand, imported, striploin, separable lean only, cooked, fast fried","Beef Products",28.530,NULL,NULL,NULL
"Beef, ground, 90% lean meat / 10% fat, crumbles, cooked, pan-browned","Beef Products",28.450,0.844,84.4,24.00
"Beef, New Zealand, imported, cube roll, separable lean and fat, cooked, fast roasted","Beef Products",27.790,NULL,NULL,NULL
"Beef, ground, 85% lean meat / 15% fat, crumbles, cooked, pan-browned","Beef Products",27.730,0.847,84.7,23.50
"Beef, ground, 97% lean meat / 3% fat, loaf, cooked, baked","Beef Products",27.580,0.846,84.6,23.33
"Beef, New Zealand, imported, knuckle, cooked, fast fried","Beef Products",27.510,NULL,NULL,NULL
"Beef, ground, 95% lean meat / 5% fat, loaf, cooked, baked","Beef Products",27.310,0.848,84.8,23.17
"Beef, New Zealand, imported, variety meats and by-products, kidney, cooked, boiled","Beef Products",27.280,NULL,NULL,NULL
"Beef, New Zealand, imported, ribs prepared, cooked, fast roasted","Beef Products",27.230,NULL,NULL,NULL
"Beef, variety meats and by-products, pancreas, cooked, braised","Beef Products",27.100,1.311,100.0,27.10
"Beef, ground, 93% lean meat / 7% fat, loaf, cooked, baked","Beef Products",27.030,0.845,84.5,22.83
"Beef, ground, 80% lean meat / 20% fat, crumbles, cooked, pan-browned","Beef Products",27.000,0.846,84.6,22.83
"Beef, ground, 90% lean meat / 10% fat, loaf, cooked, baked","Beef Products",26.620,0.845,84.5,22.50
"Beef, variety meats and by-products, liver, cooked, pan-fried","Beef Products",26.520,1.550,100.0,26.52
"Beef, ground, 97% lean meat / 3% fat, patty, cooked, broiled","Beef Products",26.360,0.847,84.7,22.33
"Beef, ground, 95% lean meat / 5% fat, patty, cooked, broiled","Beef Products",26.290,0.843,84.3,22.17
"Beef, ground, 75% lean meat / 25% fat, crumbles, cooked, pan-browned","Beef Products",26.280,0.843,84.3,22.17
"Beef, ground, 93% lean meat / 7% fat, patty, cooked, broiled","Beef Products",26.220,0.845,84.5,22.17
"Beef, ground, 90% lean meat / 10% fat, patty, cooked, broiled","Beef Products",26.110,0.849,84.9,22.17
"Beef, ground, 97% lean meat /3% fat, patty, cooked, pan-broiled","Beef Products",26.030,0.845,84.5,22.00
"Beef, ground, 85% lean meat / 15% fat, patty, cooked, broiled","Beef Products",25.930,0.604,60.4,15.67
"Beef, ground, 85% lean meat / 15% fat, loaf, cooked, baked","Beef Products",25.930,0.848,84.8,22.00
"Beef, ground, 95% lean meat / 5% fat, patty, cooked, pan-broiled","Beef Products",25.800,0.846,84.6,21.83
"Beef, ground, 80% lean meat / 20% fat, patty, cooked, broiled","Beef Products",25.750,0.848,84.8,21.83
"Beef, ground, 70% lean meat / 30% fat, crumbles, cooked, pan-browned","Beef Products",25.560,0.848,84.8,21.67
"Beef, ground, 93% lean meat /7% fat, patty, cooked, pan-broiled","Beef Products",25.560,0.848,84.8,21.67
"Beef, ground, 75% lean meat / 25% fat, patty, cooked, broiled","Beef Products",25.560,0.848,84.8,21.67
"Beef, ground, 70% lean meat / 30% fat, patty, cooked, broiled","Beef Products",25.380,0.847,84.7,21.50
"Beef, ground, 80% lean meat / 20% fat, loaf, cooked, baked","Beef Products",25.250,0.845,84.5,21.33
"Beef, ground, 90% lean meat / 10% fat, patty, cooked, pan-broiled","Beef Products",25.210,0.846,84.6,21.33
"Beef, variety meats and by-products, spleen, cooked, braised","Beef Products",25.100,1.286,100.0,25.10
"Beef, ground, unspecified fat content, cooked","Beef Products",25.070,1.281,100.0,25.07
"Beef, New Zealand, imported, striploin, separable lean and fat, cooked, fast fried","Beef Products",24.890,NULL,NULL,NULL
"Beef, ground, 85% lean meat / 15% fat, patty, cooked, pan-broiled","Beef Products",24.620,0.846,84.6,20.83
"Beef, ground, 75% lean meat / 25% fat, loaf, cooked, baked","Beef Products",24.560,0.848,84.8,20.83
"Beef, New Zealand, imported, manufacturing beef, cooked, boiled","Beef Products",24.210,NULL,NULL,NULL
"Beef, ground, 80% lean meat / 20% fat, patty, cooked, pan-broiled","Beef Products",24.040,0.846,84.6,20.33
"Beef, ground, 70% lean meat / 30% fat, loaf, cooked, baked","Beef Products",23.870,0.845,84.5,20.17
"Beef, ground, 75% lean meat / 25% fat, patty, cooked, pan-broiled","Beef Products",23.450,0.846,84.6,19.83
"Beef, New Zealand, imported, variety meats and by-products liver, cooked, boiled","Beef Products",23.300,NULL,NULL,NULL
"Beef, ground, 70% lean meat / 30% fat, patty cooked, pan-broiled","Beef Products",22.860,0.846,84.6,19.33
"Beef, Australian, imported, grass-fed, round, top round cap-off steak/roast, boneless, separable lean only, raw","Beef Products",22.410,1.185,100.0,22.41
"Beef, Australian, imported, grass-fed, round, top round cap-off steak/roast, boneless, separable lean and fat, raw","Beef Products",22.240,1.186,100.0,22.24
"Beef, New Zealand, imported, inside, raw","Beef Products",22.160,NULL,NULL,NULL
"Beef, New Zealand, imported, bolar blade, separable lean only, raw","Beef Products",22.090,NULL,NULL,NULL
"Beef, ground, 97% lean meat / 3% fat, raw","Beef Products",21.980,0.849,84.9,18.67
"Beef, Australian, imported, grass-fed, loin, top sirloin cap-off steak/roast, boneless, separable lean only, raw","Beef Products",21.900,1.186,100.0,21.90
"Beef, chuck for stew, separable lean and fat, select, raw","Beef Products",21.900,1.186,100.0,21.90
"Beef, variety meats and by-products, thymus, cooked, braised","Beef Products",21.850,1.111,100.0,21.85
"Beef, New Zealand, imported, oyster blade, separable lean only, raw","Beef Products",21.830,NULL,NULL,NULL
"Beef, Australian, imported, grass-fed, loin, top loin steak/roast, boneless, separable lean only, raw","Beef Products",21.790,1.186,100.0,21.79
"Beef, Australian, imported, grass-fed, loin, top sirloin cap-off steak/roast, boneless, separable lean and fat, raw","Beef Products",21.770,1.179,100.0,21.77
"Beef, chuck for stew, separable lean and fat, all grades, raw","Beef Products",21.750,1.186,100.0,21.75
"Beef, New Zealand, imported, rump centre, separable lean only, raw","Beef Products",21.740,NULL,NULL,NULL
"Beef, New Zealand, imported, rump centre, separable lean and fat, raw","Beef Products",21.650,NULL,NULL,NULL
"Beef, chuck for stew, separable lean and fat, choice, raw","Beef Products",21.640,1.186,100.0,21.64
"Beef, rib, shortribs, separable lean and fat, choice, cooked, braised","Beef Products",21.570,1.097,100.0,21.57
"Beef, Australian, imported, grass-fed, rib, ribeye steak/roast lip-on, boneless, separable lean only, raw","Beef Products",21.470,1.186,100.0,21.47
"Beef, New Zealand, imported, hind shin, separable lean only, raw","Beef Products",21.460,NULL,NULL,NULL
"Beef, ground, 95% lean meat / 5% fat, raw","Beef Products",21.410,0.849,84.9,18.17
"Beef, Australian, imported, grass-fed, round, bottom round steak/roast, boneless, separable lean only, raw","Beef Products",21.400,1.186,100.0,21.40
"Beef, New Zealand, imported, ribs prepared, raw","Beef Products",21.310,NULL,NULL,NULL
"Beef, New Zealand, imported, flat, separable lean only, raw","Beef Products",21.300,NULL,NULL,NULL
"Beef, New Zealand, imported, bolar blade, separable lean and fat, raw","Beef Products",21.290,NULL,NULL,NULL
"Beef, New Zealand, imported, oyster blade, separable lean and fat, raw","Beef Products",21.270,NULL,NULL,NULL
"Beef, New Zealand, imported, manufacturing beef, raw","Beef Products",21.230,NULL,NULL,NULL
"Beef, New Zealand, imported, tenderloin, separable lean only, raw","Beef Products",21.190,NULL,NULL,NULL
"Beef, Australian, imported, grass-fed, round, bottom round steak/roast, boneless, separable lean and fat, raw","Beef Products",21.130,1.170,100.0,21.13
"Beef, New Zealand, imported, tenderloin, separable lean and fat, raw","Beef Products",21.040,NULL,NULL,NULL
"Beef, New Zealand, imported, striploin, separable lean only, raw","Beef Products",20.930,NULL,NULL,NULL
"Beef, New Zealand, imported, brisket point end, separable lean only, raw","Beef Products",20.920,NULL,NULL,NULL
"Beef, ground, 93% lean meat / 7% fat, raw","Beef Products",20.850,0.847,84.7,17.67
"Beef, Australian, imported, grass-fed, loin, tenderloin steak/roast, boneless, separable lean only, raw","Beef Products",20.850,1.186,100.0,20.85
"Beef, brisket, whole, separable lean only, all grades, raw","Beef Products",20.720,1.247,100.0,20.72
"Beef, New Zealand, imported, hind shin, separable lean and fat, raw","Beef Products",20.610,NULL,NULL,NULL
"Beef, New Zealand, imported, flat, separable lean and fat, raw","Beef Products",20.570,NULL,NULL,NULL
"Beef, Australian, imported, grass-fed, loin, tenderloin steak/roast, boneless, separable lean and fat, raw","Beef Products",20.530,1.164,100.0,20.53
"Beef, New Zealand, imported, flank, separable lean only, raw","Beef Products",20.530,NULL,NULL,NULL
"Beef, New Zealand, imported, variety meats and by-products, liver, raw","Beef Products",20.500,NULL,NULL,NULL
"Beef, New Zealand, imported, chuck eye roll, separable lean only, raw","Beef Products",20.460,NULL,NULL,NULL
"Beef, variety meats and by-products, lungs, cooked, braised","Beef Products",20.400,1.245,100.0,20.40
"Beef, variety meats and by-products, liver, raw","Beef Products",20.360,1.583,100.0,20.36
"Beef, Australian, imported, Wagyu, rib, small end rib steak/roast, boneless, separable lean only, Aust. marble score 4/5, raw","Beef Products",20.350,1.186,100.0,20.35
"Beef, Australian, imported, Wagyu, loin, tenderloin steak/roast, boneless, separable lean only, Aust. marble score 4/5, raw","Beef Products",20.190,1.186,100.0,20.19
"Beef, New Zealand, imported, eye round, separable lean only, raw","Beef Products",20.150,NULL,NULL,NULL
"Beef, Australian, imported, Wagyu, loin, top loin steak/roast, boneless, separable lean only, Aust. marble score 4/5, raw","Beef Products",20.150,1.186,100.0,20.15
"Beef, New Zealand, imported, brisket navel end, separable lean and fat, cooked, braised","Beef Products",20.140,NULL,NULL,NULL
"Beef, New Zealand, imported, flank, separable lean and fat, raw","Beef Products",20.120,NULL,NULL,NULL
"Beef, New Zealand, imported, brisket point end, separable lean and fat, raw","Beef Products",20.050,NULL,NULL,NULL
"Beef, ground, 90% lean meat / 10% fat, raw","Beef Products",20.000,0.850,85.0,17.00
"Beef, Australian, imported, grass-fed, loin, top loin steak/roast, boneless, separable lean and fat, raw","Beef Products",19.900,1.078,100.0,19.90
"Beef, New Zealand, imported, eye round, separable lean and fat, raw","Beef Products",19.880,NULL,NULL,NULL
"Beef, Australian, imported, grass-fed, rib, ribeye steak/roast lip-on, boneless, separable lean and fat, raw","Beef Products",19.800,1.092,100.0,19.80
"Beef, New Zealand, imported, cube roll, separable lean only, raw","Beef Products",19.770,NULL,NULL,NULL
"Beef, New Zealand, imported, brisket navel end, separable lean only, raw","Beef Products",19.740,NULL,NULL,NULL
"Beef, Australian, imported, Wagyu, loin, tenderloin steak/roast, boneless, separable lean and fat, Aust. marble score 4/5, raw","Beef Products",19.710,1.172,100.0,19.71
"Beef, New Zealand, imported, chuck eye roll, separable lean and fat, raw","Beef Products",19.380,NULL,NULL,NULL
"Beef, rib, shortribs, separable lean only, choice, raw","Beef Products",19.050,1.248,100.0,19.05
"Beef, New Zealand, imported, variety meats and by-products, tripe cooked, boiled","Beef Products",19.000,NULL,NULL,NULL
"Beef, Australian, imported, Wagyu, loin, tenderloin steak/roast, boneless, separable lean only, Aust. marble score 9, raw","Beef Products",18.870,1.186,100.0,18.87
"Beef, ground, 85% lean meat / 15% fat, raw (Includes foods for USDA's Food Distribution Program)","Beef Products",18.590,0.843,84.3,15.67
"Beef, New Zealand, imported, variety meats and by-products, heart, raw","Beef Products",18.520,NULL,NULL,NULL
"Beef, Australian, imported, Wagyu, loin, tenderloin steak/roast, boneless, separable lean and fat, Aust. marble score 9, raw","Beef Products",18.500,1.177,100.0,18.50
"Beef, New Zealand, imported, striploin, separable lean and fat, raw","Beef Products",18.490,NULL,NULL,NULL
"Beef, New Zealand, imported, variety meats and by-products, tongue, cooked, boiled","Beef Products",18.310,NULL,NULL,NULL
"Beef, variety meats and by-products, spleen, raw","Beef Products",18.300,1.286,100.0,18.30
"Beef, New Zealand, imported, cube roll, separable lean and fat, raw","Beef Products",18.220,NULL,NULL,NULL
"Beef, cured, corned beef, brisket, cooked","Beef Products",18.170,1.092,100.0,18.17
"Beef, New Zealand, imported, variety meats and by-products, tongue, raw","Beef Products",17.770,NULL,NULL,NULL
"Beef, Australian, imported, grass-fed, ground, 85% lean / 15% fat, raw","Beef Products",17.720,1.159,100.0,17.72
"Beef, Australian, imported, Wagyu, loin, top loin steak/roast, boneless, separable lean and fat, Aust. marble score 4/5, raw","Beef Products",17.670,1.110,100.0,17.67
"Beef, Australian, imported, Wagyu, rib, small end rib steak/roast, boneless, separable lean only, Aust. marble score 9, raw","Beef Products",17.610,1.187,100.0,17.61
"Beef, carcass, separable lean and fat, select, raw","Beef Products",17.480,1.247,100.0,17.48
"Beef, carcass, separable lean and fat, choice, raw","Beef Products",17.320,1.247,100.0,17.32
"Beef, ground, 80% lean meat / 20% fat, raw","Beef Products",17.170,0.844,84.4,14.50
"Beef, Australian, imported, Wagyu, rib, small end rib steak/roast, boneless, separable lean and fat, Aust. marble score 4/5, raw","Beef Products",17.070,1.088,100.0,17.07
"Beef, Australian, imported, Wagyu, loin, top loin steak/roast, boneless, separable lean only, Aust. marble score 9, raw","Beef Products",16.920,1.187,100.0,16.92
"Beef, sandwich steaks, flaked, chopped, formed and thinly sliced, raw","Beef Products",16.500,1.262,100.0,16.50
"Beef, variety meats and by-products, lungs, raw","Beef Products",16.200,1.245,100.0,16.20
"Beef, New Zealand, imported, brisket navel end, separable lean and fat, raw","Beef Products",15.810,NULL,NULL,NULL
"Beef, ground, 75% lean meat / 25% fat, raw","Beef Products",15.760,0.846,84.6,13.33
"Beef, variety meats and by-products, pancreas, raw","Beef Products",15.700,1.312,100.0,15.70
"Beef, New Zealand, imported, variety meats and by-products, kidney, raw","Beef Products",15.680,NULL,NULL,NULL
"Beef, variety meats and by-products, mechanically separated beef, raw","Beef Products",14.970,1.300,100.0,14.97
"Beef, variety meats and by-products, tongue, raw","Beef Products",14.900,1.227,100.0,14.90
"Beef, New Zealand, imported, variety meats and by-products, tripe uncooked, raw","Beef Products",14.860,NULL,NULL,NULL
"Beef, cured, corned beef, brisket, raw","Beef Products",14.680,1.128,100.0,14.68
"Beef, Australian, imported, Wagyu, loin, top loin steak/roast, separable lean and fat, Aust. marble score 9, raw","Beef Products",14.580,1.097,100.0,14.58
"Beef, Australian, imported, Wagyu, rib, small end rib steak/roast, boneless, separable lean and fat, Aust. marble score 9, raw","Beef Products",14.540,1.079,100.0,14.54
"Beef, rib, shortribs, separable lean and fat, choice, raw","Beef Products",14.400,1.246,100.0,14.40
"Beef, ground, 70% lean meat / 30% fat, raw","Beef Products",14.350,0.848,84.8,12.17
"Beef, variety meats and by-products, brain, cooked, pan-fried","Beef Products",12.570,1.259,100.0,12.57
"Beef, New Zealand, imported, sweetbread, cooked, boiled","Beef Products",12.530,NULL,NULL,NULL
"Beef, cured, breakfast strips, raw or unheated","Beef Products",12.500,1.128,100.0,12.50
"Beef, variety meats and by-products, thymus, raw","Beef Products",12.180,1.112,100.0,12.18
"Beef, New Zealand, imported, sweetbread, raw","Beef Products",11.510,NULL,NULL,NULL
"Beef, retail cuts, separable fat, cooked","Beef Products",10.650,1.095,100.0,10.65
"Beef, New Zealand, imported, subcutaneous fat, raw","Beef Products",8.500,NULL,NULL,NULL
"Beef, retail cuts, separable fat, raw","Beef Products",8.210,1.096,100.0,8.21
"Beef, New Zealand, imported, intermuscular fat, cooked","Beef Products",7.900,NULL,NULL,NULL
"Beef, New Zealand, imported, intermuscular fat, raw","Beef Products",6.970,NULL,NULL,NULL
"Beef, New Zealand, imported, subcutaneous fat, cooked","Beef Products",6.500,NULL,NULL,NULL
"Beef, variety meats and by-products, suet, raw","Beef Products",1.500,1.111,100.0,1.50
"Wheat germ, crude","Cereal Grains and Pasta",23.150,1.150,100.0,23.15
"Spaghetti, protein-fortified, dry, enriched (n x 6.25)","Cereal Grains and Pasta",21.780,0.480,48.0,10.44
"Oat bran, raw","Cereal Grains and Pasta",17.300,0.976,97.6,16.89
"Oats (Includes foods for USDA's Food Distribution Program)","Cereal Grains and Pasta",16.890,0.922,92.2,15.58
"Rye flour, dark","Cereal Grains and Pasta",15.910,NULL,NULL,NULL
"Wheat bran, crude","Cereal Grains and Pasta",15.550,0.857,85.7,13.33
"Wheat, hard red spring","Cereal Grains and Pasta",15.400,0.583,58.3,8.98
"Wheat flour, white (industrial), 15% protein, bleached, unenriched","Cereal Grains and Pasta",15.330,0.455,45.5,6.98
"Wheat flour, white (industrial), 15% protein, bleached, enriched","Cereal Grains and Pasta",15.330,0.455,45.5,6.98
"Wild rice, raw","Cereal Grains and Pasta",14.730,0.949,94.9,13.98
"Noodles, egg, spinach, enriched, dry","Cereal Grains and Pasta",14.610,0.663,66.3,9.69
"Spelt, uncooked","Cereal Grains and Pasta",14.570,0.624,62.4,9.09
"Wheat, KAMUT khorasan, uncooked","Cereal Grains and Pasta",14.540,0.636,63.6,9.24
"Noodles, japanese, soba, dry","Cereal Grains and Pasta",14.380,0.938,93.8,13.49
"Noodles, egg, dry, enriched","Cereal Grains and Pasta",14.160,0.673,67.3,9.53
"Noodles, egg, dry, unenriched","Cereal Grains and Pasta",14.160,0.673,67.3,9.53
"Quinoa, uncooked","Cereal Grains and Pasta",14.120,1.008,100.0,14.12
"Wheat, durum","Cereal Grains and Pasta",13.680,0.492,49.2,6.73
"Amaranth grain, uncooked","Cereal Grains and Pasta",13.560,1.099,100.0,13.56
"Rice bran, crude","Cereal Grains and Pasta",13.350,1.082,100.0,13.35
"Spaghetti, spinach, dry","Cereal Grains and Pasta",13.350,0.454,45.4,6.07
"Teff, uncooked","Cereal Grains and Pasta",13.300,0.628,62.8,8.36
Buckwheat,"Cereal Grains and Pasta",13.250,1.064,100.0,13.25
"Wheat flour, whole-grain (Includes foods for USDA's Food Distribution Program)","Cereal Grains and Pasta",13.210,0.604,60.4,7.98
"Triticale flour, whole-grain","Cereal Grains and Pasta",13.180,0.622,62.2,8.20
"Macaroni, vegetable, enriched, dry","Cereal Grains and Pasta",13.140,0.455,45.5,5.98
"Wheat flour, white (industrial), 13% protein, bleached, enriched","Cereal Grains and Pasta",13.070,0.503,50.3,6.58
"Wheat flour, white (industrial), 13% protein, bleached, unenriched","Cereal Grains and Pasta",13.070,0.503,50.3,6.58
Triticale,"Cereal Grains and Pasta",13.050,0.622,62.2,8.11
"Pasta, dry, enriched","Cereal Grains and Pasta",13.040,0.508,50.8,6.62
"Pasta, dry, unenriched","Cereal Grains and Pasta",13.040,0.508,50.8,6.62
"Couscous, dry","Cereal Grains and Pasta",12.760,0.427,42.7,5.44
"Semolina, unenriched","Cereal Grains and Pasta",12.680,0.426,42.6,5.40
"Semolina, enriched","Cereal Grains and Pasta",12.680,0.426,42.6,5.40
"Buckwheat flour, whole-groat","Cereal Grains and Pasta",12.620,1.064,100.0,12.62
"Wheat, hard red winter","Cereal Grains and Pasta",12.610,0.590,59.0,7.44
"Barley, hulled","Cereal Grains and Pasta",12.480,0.828,82.8,10.33
"Bulgur, dry","Cereal Grains and Pasta",12.290,0.613,61.3,7.53
"Wheat flour, white, bread, enriched","Cereal Grains and Pasta",11.980,0.428,42.8,5.13
"Wheat flours, bread, unenriched","Cereal Grains and Pasta",11.980,0.428,42.8,5.13
"Buckwheat groats, roasted, dry","Cereal Grains and Pasta",11.730,1.063,100.0,11.73
"Wheat flour, white (industrial), 11.5% protein, bleached, unenriched","Cereal Grains and Pasta",11.500,0.522,52.2,6.00
"Wheat flour, white (industrial), 11.5% protein, unbleached, enriched","Cereal Grains and Pasta",11.500,0.522,52.2,6.00
"Wheat flour, white (industrial), 11.5% protein, bleached, enriched","Cereal Grains and Pasta",11.500,0.522,52.2,6.00
"Noodles, japanese, somen, dry","Cereal Grains and Pasta",11.350,0.427,42.7,4.84
"Pasta, fresh-refrigerated, plain, as purchased","Cereal Grains and Pasta",11.310,0.420,42.0,4.76
"Pasta, fresh-refrigerated, spinach, as purchased","Cereal Grains and Pasta",11.260,0.663,66.3,7.47
"Millet, raw","Cereal Grains and Pasta",11.020,0.428,42.8,4.71
"Rye flour, medium","Cereal Grains and Pasta",10.880,NULL,NULL,NULL
"Millet flour","Cereal Grains and Pasta",10.750,0.298,29.8,3.20
"Sorghum grain","Cereal Grains and Pasta",10.620,0.479,47.9,5.09
"Barley flour or meal","Cereal Grains and Pasta",10.500,0.828,82.8,8.69
"Wheat, soft red winter","Cereal Grains and Pasta",10.350,NULL,NULL,NULL
"Rye grain","Cereal Grains and Pasta",10.340,NULL,NULL,NULL
"Wheat flour, white, all-purpose, enriched, bleached","Cereal Grains and Pasta",10.330,0.490,49.0,5.07
"Wheat flour, white, all-purpose, unenriched","Cereal Grains and Pasta",10.330,0.490,49.0,5.07
"Wheat flour, white, all-purpose, enriched, calcium-fortified","Cereal Grains and Pasta",10.330,0.490,49.0,5.07
"Wheat flour, white, all-purpose, enriched, unbleached","Cereal Grains and Pasta",10.330,0.490,49.0,5.07
"Barley malt flour","Cereal Grains and Pasta",10.280,1.157,100.0,10.28
"Barley, pearled, raw","Cereal Grains and Pasta",9.910,0.827,82.7,8.20
"Wheat flour, white, all-purpose, self-rising, enriched","Cereal Grains and Pasta",9.890,0.492,49.2,4.87
"Rye flour, light","Cereal Grains and Pasta",9.820,NULL,NULL,NULL
"Wheat flour, white (industrial), 10% protein, unbleached, enriched","Cereal Grains and Pasta",9.710,0.595,59.5,5.78
"Wheat flour, white (industrial), 10% protein, bleached, unenriched","Cereal Grains and Pasta",9.710,0.595,59.5,5.78
"Wheat flour, white (industrial), 10% protein, bleached, enriched","Cereal Grains and Pasta",9.710,0.595,59.5,5.78
"Wheat flour, white, tortilla mix, enriched","Cereal Grains and Pasta",9.660,0.490,49.0,4.73
"Corn grain, yellow","Cereal Grains and Pasta",9.420,0.625,62.5,5.89
"Corn grain, white","Cereal Grains and Pasta",9.420,0.625,62.5,5.89
"Wheat flour, white (industrial), 9% protein, bleached, enriched","Cereal Grains and Pasta",8.890,0.597,59.7,5.31
"Wheat flour, white (industrial), 9% protein, bleached, unenriched","Cereal Grains and Pasta",8.890,0.597,59.7,5.31
"Spaghetti, protein-fortified, cooked, enriched (n x 6.25)","Cereal Grains and Pasta",8.860,0.479,47.9,4.24
"Corn flour, yellow, masa, enriched","Cereal Grains and Pasta",8.460,0.575,57.5,4.87
"Corn flour, masa, enriched, white","Cereal Grains and Pasta",8.460,0.575,57.5,4.87
"Corn flour, masa, unenriched, white","Cereal Grains and Pasta",8.460,0.575,57.5,4.87
"Sorghum flour, whole-grain","Cereal Grains and Pasta",8.430,0.459,45.9,3.87
"Cornmeal, white, self-rising, bolted, with wheat flour added, enriched","Cereal Grains and Pasta",8.410,0.608,60.8,5.11
"Cornmeal, yellow, self-rising, bolted, with wheat flour added, enriched","Cereal Grains and Pasta",8.410,0.608,60.8,5.11
"Cornmeal, white, self-rising, bolted, plain, enriched","Cereal Grains and Pasta",8.280,0.625,62.5,5.18
"Cornmeal, yellow, self-rising, bolted, plain, enriched","Cereal Grains and Pasta",8.280,0.625,62.5,5.18
"Wheat flour, white, cake, enriched","Cereal Grains and Pasta",8.200,0.772,77.2,6.33
"Cornmeal, whole-grain, yellow","Cereal Grains and Pasta",8.120,0.624,62.4,5.07
"Cornmeal, whole-grain, white","Cereal Grains and Pasta",8.120,0.624,62.4,5.07
"Rice, white, long-grain, precooked or instant, enriched, dry","Cereal Grains and Pasta",7.820,0.628,62.8,4.91
"Rice, brown, long-grain, raw (Includes foods for USDA's Food Distribution Program)","Cereal Grains and Pasta",7.540,0.893,89.3,6.73
"Rice, white, long-grain, parboiled, unenriched, dry","Cereal Grains and Pasta",7.510,0.636,63.6,4.78
"Rice, white, long-grain, parboiled, enriched, dry","Cereal Grains and Pasta",7.510,0.636,63.6,4.78
"Rice, brown, medium-grain, raw (Includes foods for USDA's Food Distribution Program)","Cereal Grains and Pasta",7.500,0.847,84.7,6.36
"Wheat, sprouted","Cereal Grains and Pasta",7.490,0.727,72.7,5.44
"Pasta, gluten-free, corn, dry","Cereal Grains and Pasta",7.460,0.626,62.6,4.67
"Rice flour, brown","Cereal Grains and Pasta",7.230,0.848,84.8,6.13
"Rice, white, long-grain, regular, raw, unenriched","Cereal Grains and Pasta",7.130,0.804,80.4,5.73
"Rice, white, long-grain, regular, raw, enriched","Cereal Grains and Pasta",7.130,0.804,80.4,5.73
"Cornmeal, degermed, enriched, white","Cereal Grains and Pasta",7.110,0.328,32.8,2.33
"Cornmeal, degermed, enriched, yellow","Cereal Grains and Pasta",7.110,0.328,32.8,2.33
"Cornmeal, degermed, unenriched, yellow","Cereal Grains and Pasta",7.110,0.328,32.8,2.33
"Cornmeal, degermed, unenriched, white","Cereal Grains and Pasta",7.110,0.328,32.8,2.33
"Corn flour, whole-grain, yellow","Cereal Grains and Pasta",6.930,0.625,62.5,4.33
"Corn flour, whole-grain, white","Cereal Grains and Pasta",6.930,0.625,62.5,4.33
"Rice, white, glutinous, unenriched, uncooked","Cereal Grains and Pasta",6.810,0.803,80.3,5.47
"Rice, white, medium-grain, raw, enriched","Cereal Grains and Pasta",6.610,0.803,80.3,5.31
"Rice, white, medium-grain, raw, unenriched","Cereal Grains and Pasta",6.610,0.803,80.3,5.31
"Rice, white, short-grain, raw, unenriched","Cereal Grains and Pasta",6.500,0.803,80.3,5.22
"Rice, white, short-grain, enriched, uncooked","Cereal Grains and Pasta",6.500,0.803,80.3,5.22
"Pasta, whole-wheat, cooked (Includes foods for USDA's Food Distribution Program)","Cereal Grains and Pasta",5.990,0.493,49.3,2.96
"Rice flour, white, unenriched","Cereal Grains and Pasta",5.950,0.773,77.3,4.60
"Rice noodles, dry","Cereal Grains and Pasta",5.950,0.773,77.3,4.60
"Pasta, cooked, unenriched, without added salt","Cereal Grains and Pasta",5.800,0.510,51.0,2.96
"Pasta, cooked, enriched, with added salt","Cereal Grains and Pasta",5.800,0.502,50.2,2.91
"Pasta, cooked, enriched, without added salt","Cereal Grains and Pasta",5.800,0.502,50.2,2.91
"Pasta, cooked, unenriched, with added salt","Cereal Grains and Pasta",5.800,0.510,51.0,2.96
"Wheat, KAMUT khorasan, cooked","Cereal Grains and Pasta",5.710,0.627,62.7,3.58
"Pasta, homemade, made with egg, cooked","Cereal Grains and Pasta",5.280,0.694,69.4,3.67
"Pasta, fresh-refrigerated, plain, cooked","Cereal Grains and Pasta",5.150,0.419,41.9,2.16
"Noodles, japanese, soba, cooked","Cereal Grains and Pasta",5.060,0.940,94.0,4.76
"Pasta, fresh-refrigerated, spinach, cooked","Cereal Grains and Pasta",5.060,0.663,66.3,3.36
"Noodles, egg, spinach, enriched, cooked","Cereal Grains and Pasta",5.040,0.666,66.6,3.36
"Spaghetti, spinach, cooked","Cereal Grains and Pasta",4.580,0.456,45.6,2.09
"Noodles, egg, cooked, enriched, with added salt","Cereal Grains and Pasta",4.540,0.671,67.1,3.04
"Noodles, egg, cooked, unenriched, with added salt","Cereal Grains and Pasta",4.540,0.671,67.1,3.04
"Noodles, egg, unenriched, cooked, without added salt","Cereal Grains and Pasta",4.540,0.671,67.1,3.04
"Noodles, egg, enriched, cooked","Cereal Grains and Pasta",4.540,0.671,67.1,3.04
"Macaroni, vegetable, enriched, cooked","Cereal Grains and Pasta",4.530,0.456,45.6,2.07
"Quinoa, cooked","Cereal Grains and Pasta",4.400,1.005,100.0,4.40
"Pasta, homemade, made without egg, cooked","Cereal Grains and Pasta",4.370,0.427,42.7,1.87
"Noodles, japanese, somen, cooked","Cereal Grains and Pasta",4.000,0.428,42.8,1.71
"Wild rice, cooked","Cereal Grains and Pasta",3.990,0.947,94.7,3.78
"Teff, cooked","Cereal Grains and Pasta",3.870,0.626,62.6,2.42
"Couscous, cooked","Cereal Grains and Pasta",3.790,0.428,42.8,1.62
"Millet, cooked","Cereal Grains and Pasta",3.510,0.424,42.4,1.49
"Pasta, gluten-free, brown rice flour, cooked, TINKYADA","Cereal Grains and Pasta",3.460,0.993,99.3,3.44
"Buckwheat groats, roasted, cooked","Cereal Grains and Pasta",3.380,1.063,100.0,3.38
"Pasta, gluten-free, corn flour and quinoa flour, cooked, ANCIENT HARVEST","Cereal Grains and Pasta",3.230,0.857,85.7,2.77
"Oat bran, cooked","Cereal Grains and Pasta",3.210,0.900,90.0,2.89
"Pasta, gluten-free, corn and rice flour, cooked","Cereal Grains and Pasta",3.200,0.825,82.5,2.64
"Bulgur, cooked","Cereal Grains and Pasta",3.080,0.613,61.3,1.89
"Rice, white, long-grain, parboiled, unenriched, cooked","Cereal Grains and Pasta",2.910,0.626,62.6,1.82
"Rice, white, long-grain, parboiled, enriched, cooked","Cereal Grains and Pasta",2.910,0.634,63.4,1.84
"Rice, brown, long-grain, cooked (Includes foods for USDA's Food Distribution Program)","Cereal Grains and Pasta",2.740,0.803,80.3,2.20
"Rice, white, long-grain, regular, enriched, cooked","Cereal Grains and Pasta",2.690,0.801,80.1,2.16
"Rice, white, long-grain, regular, cooked, enriched, with salt","Cereal Grains and Pasta",2.690,0.801,80.1,2.16
"Rice, white, long-grain, regular, unenriched, cooked without salt","Cereal Grains and Pasta",2.690,0.801,80.1,2.16
"Rice, white, long-grain, regular, cooked, unenriched, with salt","Cereal Grains and Pasta",2.690,0.801,80.1,2.16
"Pasta, gluten-free, corn, cooked","Cereal Grains and Pasta",2.630,0.625,62.5,1.64
"Rice, white, medium-grain, enriched, cooked","Cereal Grains and Pasta",2.380,0.803,80.3,1.91
"Rice, white, medium-grain, cooked, unenriched","Cereal Grains and Pasta",2.380,0.803,80.3,1.91
"Rice, white, short-grain, enriched, cooked","Cereal Grains and Pasta",2.360,0.800,80.0,1.89
"Rice, white, short-grain, cooked, unenriched","Cereal Grains and Pasta",2.360,0.800,80.0,1.89
"Rice, brown, medium-grain, cooked (Includes foods for USDA's Food Distribution Program)","Cereal Grains and Pasta",2.320,0.843,84.3,1.96
"Barley, pearled, cooked","Cereal Grains and Pasta",2.260,0.826,82.6,1.87
"Rice, white, long-grain, precooked or instant, enriched, prepared","Cereal Grains and Pasta",2.180,0.622,62.2,1.36
"Rice, white, glutinous, unenriched, cooked","Cereal Grains and Pasta",2.020,0.803,80.3,1.62
"Rice noodles, cooked","Cereal Grains and Pasta",1.790,0.770,77.0,1.38
"Hominy, canned, white","Cereal Grains and Pasta",1.480,0.495,49.5,0.73
"Hominy, canned, yellow","Cereal Grains and Pasta",1.480,0.495,49.5,0.73
"Arrowroot flour","Cereal Grains and Pasta",0.300,0.889,88.9,0.27
Cornstarch,"Cereal Grains and Pasta",0.260,0.513,51.3,0.13
"Tapioca, pearl, dry","Cereal Grains and Pasta",0.190,0.535,53.5,0.10
"Fish, cod, Atlantic, dried and salted","Finfish and Shellfish Products",62.820,1.321,100.0,62.82
"Mollusks, whelk, unspecified, cooked, moist heat","Finfish and Shellfish Products",47.680,1.116,100.0,47.68
"Mollusks, cuttlefish, mixed species, cooked, moist heat","Finfish and Shellfish Products",32.480,1.120,100.0,32.48
"Fish, sturgeon, mixed species, smoked","Finfish and Shellfish Products",31.200,1.321,100.0,31.20
"Fish, tuna, fresh, bluefin, cooked, dry heat","Finfish and Shellfish Products",29.910,1.321,100.0,29.91
"Mollusks, octopus, common, cooked, moist heat","Finfish and Shellfish Products",29.820,1.120,100.0,29.82
"Fish, yellowtail, mixed species, cooked, dry heat","Finfish and Shellfish Products",29.670,1.321,100.0,29.67
"Fish, tuna, yellowfin, fresh, cooked, dry heat","Finfish and Shellfish Products",29.150,1.265,100.0,29.15
"Fish, tuna, light, canned in oil, without salt, drained solids","Finfish and Shellfish Products",29.130,1.321,100.0,29.13
"Fish, tuna, light, canned in oil, drained solids","Finfish and Shellfish Products",29.130,1.321,100.0,29.13
"Fish, anchovy, european, canned in oil, drained solids","Finfish and Shellfish Products",28.890,1.321,100.0,28.89
"Fish, roe, mixed species, cooked, dry heat","Finfish and Shellfish Products",28.620,1.486,100.0,28.62
"Fish, tuna, skipjack, fresh, cooked, dry heat","Finfish and Shellfish Products",28.210,1.321,100.0,28.21
"Fish, salmon, coho, wild, cooked, moist heat","Finfish and Shellfish Products",27.360,1.321,100.0,27.36
"Fish, trout, mixed species, cooked, dry heat","Finfish and Shellfish Products",26.630,1.321,100.0,26.63
"Fish, tuna, white, canned in oil, drained solids","Finfish and Shellfish Products",26.530,1.321,100.0,26.53
"Fish, tuna, white, canned in oil, without salt, drained solids","Finfish and Shellfish Products",26.530,1.321,100.0,26.53
"Fish, salmon, sockeye, cooked, dry heat","Finfish and Shellfish Products",26.480,1.399,100.0,26.48
"Crustaceans, spiny lobster, mixed species, cooked, moist heat","Finfish and Shellfish Products",26.410,1.202,100.0,26.41
"Salmon, sockeye, canned, drained solids, without skin and bones","Finfish and Shellfish Products",26.330,1.316,100.0,26.33
"Fish, milkfish, cooked, dry heat","Finfish and Shellfish Products",26.320,1.321,100.0,26.32
"Fish, snapper, mixed species, cooked, dry heat","Finfish and Shellfish Products",26.300,1.321,100.0,26.30
"Fish, tilapia, cooked, dry heat","Finfish and Shellfish Products",26.150,1.255,100.0,26.15
"Fish, sheepshead, cooked, dry heat","Finfish and Shellfish Products",26.020,1.320,100.0,26.02
"Fish, mackerel, king, cooked, dry heat","Finfish and Shellfish Products",26.000,1.321,100.0,26.00
"Fish, salmon, chum, cooked, dry heat","Finfish and Shellfish Products",25.820,1.321,100.0,25.82
"Fish, mackerel, Pacific and jack, mixed species, cooked, dry heat","Finfish and Shellfish Products",25.730,1.321,100.0,25.73
"Fish, salmon, chinook, cooked, dry heat","Finfish and Shellfish Products",25.720,1.321,100.0,25.72
"Fish, bluefish, cooked, dry heat","Finfish and Shellfish Products",25.690,1.321,100.0,25.69
"Mollusks, clam, mixed species, cooked, moist heat","Finfish and Shellfish Products",25.550,1.120,100.0,25.55
"Fish, tuna, light, canned in water, without salt, drained solids","Finfish and Shellfish Products",25.510,1.321,100.0,25.51
"Fish, salmon, Atlantic, wild, cooked, dry heat","Finfish and Shellfish Products",25.440,1.320,100.0,25.44
"Fish, haddock, smoked","Finfish and Shellfish Products",25.230,1.321,100.0,25.23
"Fish, pollock, Atlantic, cooked, dry heat","Finfish and Shellfish Products",24.920,1.321,100.0,24.92
"Fish, sunfish, pumpkin seed, cooked, dry heat","Finfish and Shellfish Products",24.870,1.321,100.0,24.87
"Fish, perch, mixed species, cooked, dry heat","Finfish and Shellfish Products",24.860,1.321,100.0,24.86
"Fish, grouper, mixed species, cooked, dry heat","Finfish and Shellfish Products",24.840,1.321,100.0,24.84
"Fish, mullet, striped, cooked, dry heat","Finfish and Shellfish Products",24.810,1.321,100.0,24.81
"Fish, burbot, cooked, dry heat","Finfish and Shellfish Products",24.760,1.320,100.0,24.76
"Fish, pike, northern, cooked, dry heat","Finfish and Shellfish Products",24.690,1.321,100.0,24.69
"Fish, sardine, Atlantic, canned in oil, drained solids with bone","Finfish and Shellfish Products",24.620,1.321,100.0,24.62
"Fish, Salmon, pink, canned, drained solids, without skin and bones","Finfish and Shellfish Products",24.620,1.292,100.0,24.62
"Fish, caviar, black and red, granular","Finfish and Shellfish Products",24.600,1.316,100.0,24.60
"Fish, herring, Atlantic, kippered","Finfish and Shellfish Products",24.580,1.321,100.0,24.58
"Fish, salmon, pink, cooked, dry heat","Finfish and Shellfish Products",24.580,1.292,100.0,24.58
"Fish, pike, walleye, cooked, dry heat","Finfish and Shellfish Products",24.540,1.321,100.0,24.54
"Fish, tilefish, cooked, dry heat","Finfish and Shellfish Products",24.490,1.321,100.0,24.49
"Fish, whitefish, mixed species, cooked, dry heat","Finfish and Shellfish Products",24.470,1.321,100.0,24.47
"Fish, tuna, fresh, yellowfin, raw","Finfish and Shellfish Products",24.400,1.265,100.0,24.40
"Fish, cusk, cooked, dry heat","Finfish and Shellfish Products",24.350,1.320,100.0,24.35
"Fish, ling, cooked, dry heat","Finfish and Shellfish Products",24.350,1.320,100.0,24.35
"Fish, salmon, coho, farmed, cooked, dry heat","Finfish and Shellfish Products",24.300,1.321,100.0,24.30
"Mollusks, clam, mixed species, canned, drained solids","Finfish and Shellfish Products",24.250,1.297,100.0,24.25
"Fish, scup, cooked, dry heat","Finfish and Shellfish Products",24.210,1.321,100.0,24.21
"Fish, bass, freshwater, mixed species, cooked, dry heat","Finfish and Shellfish Products",24.180,1.321,100.0,24.18
"Fish, mackerel, Atlantic, cooked, dry heat","Finfish and Shellfish Products",23.850,1.320,100.0,23.85
"Mollusks, whelk, unspecified, raw","Finfish and Shellfish Products",23.840,1.115,100.0,23.84
"Mollusks, mussel, blue, cooked, moist heat","Finfish and Shellfish Products",23.800,1.120,100.0,23.80
"Fish, trout, rainbow, farmed, cooked, dry heat","Finfish and Shellfish Products",23.800,1.382,100.0,23.80
"Fish, spot, cooked, dry heat","Finfish and Shellfish Products",23.730,1.321,100.0,23.73
"Fish, mahimahi, cooked, dry heat","Finfish and Shellfish Products",23.720,1.321,100.0,23.72
"Crustaceans, crab, queen, cooked, moist heat","Finfish and Shellfish Products",23.720,1.202,100.0,23.72
"Fish, pompano, florida, cooked, dry heat","Finfish and Shellfish Products",23.690,1.320,100.0,23.69
"Fish, eel, mixed species, cooked, dry heat","Finfish and Shellfish Products",23.650,1.321,100.0,23.65
"Fish, sea bass, mixed species, cooked, dry heat","Finfish and Shellfish Products",23.630,1.321,100.0,23.63
"Fish, tuna, white, canned in water, without salt, drained solids","Finfish and Shellfish Products",23.620,1.321,100.0,23.62
"Fish, tuna, white, canned in water, drained solids","Finfish and Shellfish Products",23.620,1.321,100.0,23.62
"Fish, mackerel, spanish, cooked, dry heat","Finfish and Shellfish Products",23.590,1.321,100.0,23.59
"Fish, salmon, sockeye, canned, drained solids","Finfish and Shellfish Products",23.590,1.316,100.0,23.59
"Fish, pollock, Alaska, cooked, dry heat (may contain additives to retain moisture)","Finfish and Shellfish Products",23.480,1.321,100.0,23.48
"Fish, whiting, mixed species, cooked, dry heat","Finfish and Shellfish Products",23.480,1.321,100.0,23.48
"Fish, salmon, coho, wild, cooked, dry heat","Finfish and Shellfish Products",23.450,1.321,100.0,23.45
"Fish, swordfish, cooked, dry heat","Finfish and Shellfish Products",23.450,1.330,100.0,23.45
"Fish, whitefish, mixed species, smoked","Finfish and Shellfish Products",23.400,1.321,100.0,23.40
"Fish, tuna, fresh, bluefin, raw","Finfish and Shellfish Products",23.330,1.321,100.0,23.33
"Fish, mackerel, jack, canned, drained solids","Finfish and Shellfish Products",23.190,1.321,100.0,23.19
"Fish, yellowtail, mixed species, raw","Finfish and Shellfish Products",23.140,1.321,100.0,23.14
"Fish, salmon, pink, canned, drained solids","Finfish and Shellfish Products",23.100,1.291,100.0,23.10
"Fish, herring, Atlantic, cooked, dry heat","Finfish and Shellfish Products",23.030,1.322,100.0,23.03
"Fish, trout, rainbow, wild, cooked, dry heat","Finfish and Shellfish Products",22.920,1.321,100.0,22.92
"Fish, carp, cooked, dry heat","Finfish and Shellfish Products",22.860,1.321,100.0,22.86
"Fish, cod, Atlantic, cooked, dry heat","Finfish and Shellfish Products",22.830,1.321,100.0,22.83
"Crustaceans, shrimp, mixed species, cooked, moist heat (may contain additives to retain moisture)","Finfish and Shellfish Products",22.780,1.201,100.0,22.78
"Fish, cod, Atlantic, canned, solids and liquid","Finfish and Shellfish Products",22.760,1.321,100.0,22.76
"Fish, bass, striped, cooked, dry heat","Finfish and Shellfish Products",22.730,1.321,100.0,22.73
"Fish, roughy, orange, cooked, dry heat","Finfish and Shellfish Products",22.640,1.227,100.0,22.64
"Fish, lingcod, cooked, dry heat","Finfish and Shellfish Products",22.640,1.321,100.0,22.64
"Fish, smelt, rainbow, cooked, dry heat","Finfish and Shellfish Products",22.600,1.321,100.0,22.60
"Fish, halibut, Atlantic and Pacific, cooked, dry heat","Finfish and Shellfish Products",22.540,1.481,100.0,22.54
"Fish, drum, freshwater, cooked, dry heat","Finfish and Shellfish Products",22.490,1.321,100.0,22.49
"Fish, wolffish, Atlantic, cooked, dry heat","Finfish and Shellfish Products",22.440,1.321,100.0,22.44
"Fish, roe, mixed species, raw","Finfish and Shellfish Products",22.320,1.485,100.0,22.32
"Crustaceans, crab, dungeness, cooked, moist heat","Finfish and Shellfish Products",22.320,1.202,100.0,22.32
"Fish, salmon, sockeye, raw","Finfish and Shellfish Products",22.250,1.399,100.0,22.25
"Fish, rockfish, Pacific, mixed species, cooked, dry heat","Finfish and Shellfish Products",22.230,1.276,100.0,22.23
"Fish, butterfish, cooked, dry heat","Finfish and Shellfish Products",22.150,1.321,100.0,22.15
"Fish, salmon, Atlantic, farmed, cooked, dry heat","Finfish and Shellfish Products",22.100,1.321,100.0,22.10
"Fish, tuna, fresh, skipjack, raw","Finfish and Shellfish Products",22.000,1.321,100.0,22.00
"Fish, shad, american, cooked, dry heat","Finfish and Shellfish Products",21.710,1.320,100.0,21.71
"Fish, salmon, coho, wild, raw","Finfish and Shellfish Products",21.620,1.321,100.0,21.62
"Fish, sucker, white, cooked, dry heat","Finfish and Shellfish Products",21.490,1.321,100.0,21.49
"Fish, seatrout, mixed species, cooked, dry heat","Finfish and Shellfish Products",21.460,1.321,100.0,21.46
"Fish, salmon, chum, canned, drained solids with bone","Finfish and Shellfish Products",21.430,1.321,100.0,21.43
"Fish, salmon, chum, canned, without salt, drained solids with bone","Finfish and Shellfish Products",21.430,1.321,100.0,21.43
"Crustaceans, shrimp, mixed species, cooked, breaded and fried","Finfish and Shellfish Products",21.390,1.229,100.0,21.39
"Fish, pout, ocean, cooked, dry heat","Finfish and Shellfish Products",21.330,1.321,100.0,21.33
"Fish, salmon, coho, farmed, raw","Finfish and Shellfish Products",21.270,1.321,100.0,21.27
"Fish, herring, Pacific, cooked, dry heat","Finfish and Shellfish Products",21.010,1.322,100.0,21.01
"Fish, shark, mixed species, raw","Finfish and Shellfish Products",20.980,1.321,100.0,20.98
"Fish, sardine, Pacific, canned in tomato sauce, drained solids with bone","Finfish and Shellfish Products",20.860,1.103,100.0,20.86
"Fish, trout, mixed species, raw","Finfish and Shellfish Products",20.770,1.321,100.0,20.77
"Fish, sturgeon, mixed species, cooked, dry heat","Finfish and Shellfish Products",20.700,1.320,100.0,20.70
"Salmon, sockeye, canned, total can contents","Finfish and Shellfish Products",20.630,1.317,100.0,20.63
"Crustaceans, spiny lobster, mixed species, raw","Finfish and Shellfish Products",20.600,1.206,100.0,20.60
"Fish, turbot, european, cooked, dry heat","Finfish and Shellfish Products",20.580,1.321,100.0,20.58
"Mollusks, scallop, (bay and sea), cooked, steamed","Finfish and Shellfish Products",20.540,0.805,80.5,16.54
"Fish, milkfish, raw","Finfish and Shellfish Products",20.530,1.321,100.0,20.53
"Fish, snapper, mixed species, raw","Finfish and Shellfish Products",20.510,1.320,100.0,20.51
"Fish, salmon, pink, raw","Finfish and Shellfish Products",20.500,1.291,100.0,20.50
"Fish, trout, rainbow, wild, raw","Finfish and Shellfish Products",20.480,1.321,100.0,20.48
"Fish, salmon, sockeye, canned, without salt, drained solids with bone","Finfish and Shellfish Products",20.470,1.322,100.0,20.47
"Crustaceans, shrimp, mixed species, canned","Finfish and Shellfish Products",20.420,1.174,100.0,20.42
"Fish, salmon, Atlantic, farmed, raw","Finfish and Shellfish Products",20.420,1.340,100.0,20.42
"Fish, anchovy, european, raw","Finfish and Shellfish Products",20.350,1.320,100.0,20.35
"Fish, mackerel, king, raw","Finfish and Shellfish Products",20.280,1.321,100.0,20.28
"Fish, sheepshead, raw","Finfish and Shellfish Products",20.210,1.321,100.0,20.21
"Crustaceans, crab, blue, crab cakes, home recipe","Finfish and Shellfish Products",20.210,1.243,100.0,20.21
"Fish, salmon, chum, raw","Finfish and Shellfish Products",20.140,1.320,100.0,20.14
"Fish, tilapia, raw","Finfish and Shellfish Products",20.080,1.239,100.0,20.08
"Fish, mackerel, Pacific and jack, mixed species, raw","Finfish and Shellfish Products",20.070,1.321,100.0,20.07
"Fish, bluefish, raw","Finfish and Shellfish Products",20.040,1.320,100.0,20.04
"Fish, haddock, cooked, dry heat","Finfish and Shellfish Products",19.990,1.530,100.0,19.99
"Fish, trout, rainbow, farmed, raw","Finfish and Shellfish Products",19.940,1.382,100.0,19.94
"Fish, salmon, chinook, raw","Finfish and Shellfish Products",19.930,1.329,100.0,19.93
"Fish, salmon, Atlantic, wild, raw","Finfish and Shellfish Products",19.840,1.321,100.0,19.84
"Fish, salmon, pink, canned, without salt, solids with bone and liquid","Finfish and Shellfish Products",19.780,1.321,100.0,19.78
"Fish, salmon, pink, canned, total can contents","Finfish and Shellfish Products",19.680,1.292,100.0,19.68
"Fish, swordfish, raw","Finfish and Shellfish Products",19.660,1.330,100.0,19.66
"Mollusks, abalone, mixed species, cooked, fried","Finfish and Shellfish Products",19.630,1.123,100.0,19.63
"Fish, pollock, Atlantic, raw","Finfish and Shellfish Products",19.440,1.322,100.0,19.44
"Fish, tuna, light, canned in water, drained solids (Includes foods for USDA's Food Distribution Program)","Finfish and Shellfish Products",19.440,1.265,100.0,19.44
"Fish, sunfish, pumpkin seed, raw","Finfish and Shellfish Products",19.400,1.320,100.0,19.40
"Fish, perch, mixed species, raw","Finfish and Shellfish Products",19.390,1.321,100.0,19.39
"Fish, grouper, mixed species, raw","Finfish and Shellfish Products",19.380,1.320,100.0,19.38
"Fish, mullet, striped, raw","Finfish and Shellfish Products",19.350,1.321,100.0,19.35
"Crustaceans, crab, alaska king, cooked, moist heat","Finfish and Shellfish Products",19.350,1.206,100.0,19.35
"Fish, burbot, raw","Finfish and Shellfish Products",19.310,1.321,100.0,19.31
"Fish, mackerel, spanish, raw","Finfish and Shellfish Products",19.290,1.321,100.0,19.29
"Fish, pike, northern, raw","Finfish and Shellfish Products",19.260,1.321,100.0,19.26
"Fish, pike, walleye, raw","Finfish and Shellfish Products",19.140,1.321,100.0,19.14
"Fish, whitefish, mixed species, raw","Finfish and Shellfish Products",19.090,1.320,100.0,19.09
"Crustaceans, lobster, northern, cooked, moist heat","Finfish and Shellfish Products",19.000,1.150,100.0,19.00
"Fish, ling, raw","Finfish and Shellfish Products",18.990,1.321,100.0,18.99
"Fish, cisco, raw","Finfish and Shellfish Products",18.990,1.321,100.0,18.99
"Fish, cusk, raw","Finfish and Shellfish Products",18.990,1.322,100.0,18.99
"Mollusks, oyster, Pacific, cooked, moist heat","Finfish and Shellfish Products",18.900,1.121,100.0,18.90
"Fish, scup, raw","Finfish and Shellfish Products",18.880,1.320,100.0,18.88
"Fish, bass, fresh water, mixed species, raw","Finfish and Shellfish Products",18.860,1.320,100.0,18.86
"Fish, cod, Pacific, cooked, dry heat (may contain additives to retain moisture)","Finfish and Shellfish Products",18.730,1.228,100.0,18.73
"Fish, shark, mixed species, cooked, batter-dipped and fried","Finfish and Shellfish Products",18.620,1.329,100.0,18.62
"Fish, mackerel, Atlantic, raw","Finfish and Shellfish Products",18.600,1.321,100.0,18.60
"Fish, monkfish, cooked, dry heat","Finfish and Shellfish Products",18.560,1.321,100.0,18.56
"Fish, halibut, Atlantic and Pacific, raw","Finfish and Shellfish Products",18.560,1.481,100.0,18.56
"Fish, ocean perch, Atlantic, cooked, dry heat","Finfish and Shellfish Products",18.510,1.243,100.0,18.51
"Fish, spot, raw","Finfish and Shellfish Products",18.510,1.322,100.0,18.51
"Crustaceans, crab, queen, raw","Finfish and Shellfish Products",18.500,1.206,100.0,18.50
"Fish, mahimahi, raw","Finfish and Shellfish Products",18.500,1.321,100.0,18.50
"Fish, pompano, florida, raw","Finfish and Shellfish Products",18.480,1.321,100.0,18.48
"Fish, catfish, channel, wild, cooked, dry heat","Finfish and Shellfish Products",18.470,1.322,100.0,18.47
"Fish, catfish, channel, farmed, cooked, dry heat","Finfish and Shellfish Products",18.440,1.243,100.0,18.44
"Fish, eel, mixed species, raw","Finfish and Shellfish Products",18.440,1.321,100.0,18.44
"Fish, sea bass, mixed species, raw","Finfish and Shellfish Products",18.430,1.322,100.0,18.43
"Fish, halibut, greenland, cooked, dry heat","Finfish and Shellfish Products",18.420,1.321,100.0,18.42
"Fish, rockfish, Pacific, mixed species, raw","Finfish and Shellfish Products",18.360,1.275,100.0,18.36
"Fish, whiting, mixed species, raw","Finfish and Shellfish Products",18.310,1.321,100.0,18.31
"Crustaceans, crab, alaska king, raw","Finfish and Shellfish Products",18.290,1.207,100.0,18.29
"Fish, salmon, chinook, smoked, (lox), regular","Finfish and Shellfish Products",18.280,1.321,100.0,18.28
"Fish, salmon, chinook, smoked","Finfish and Shellfish Products",18.280,1.321,100.0,18.28
"Fish, croaker, Atlantic, cooked, breaded and fried","Finfish and Shellfish Products",18.200,1.334,100.0,18.20
"Fish, catfish, channel, cooked, breaded and fried","Finfish and Shellfish Products",18.090,1.337,100.0,18.09
"Mollusks, scallop, mixed species, cooked, breaded and fried","Finfish and Shellfish Products",18.070,1.161,100.0,18.07
"Crustaceans, crab, blue, raw","Finfish and Shellfish Products",18.060,1.205,100.0,18.06
"Fish, herring, Atlantic, raw","Finfish and Shellfish Products",17.960,1.321,100.0,17.96
"Mollusks, squid, mixed species, cooked, fried","Finfish and Shellfish Products",17.940,1.123,100.0,17.94
"Crustaceans, crab, blue, canned","Finfish and Shellfish Products",17.880,1.156,100.0,17.88
"Crustaceans, crab, blue, cooked, moist heat","Finfish and Shellfish Products",17.880,1.156,100.0,17.88
"Fish, carp, raw","Finfish and Shellfish Products",17.830,1.322,100.0,17.83
"Fish, cod, Atlantic, raw","Finfish and Shellfish Products",17.810,1.320,100.0,17.81
"Fish, croaker, Atlantic, raw","Finfish and Shellfish Products",17.780,1.321,100.0,17.78
"Fish, bass, striped, raw","Finfish and Shellfish Products",17.730,1.322,100.0,17.73
"Fish, lingcod, raw","Finfish and Shellfish Products",17.660,1.321,100.0,17.66
"Fish, sablefish, smoked","Finfish and Shellfish Products",17.650,1.322,100.0,17.65
"Fish, smelt, rainbow, raw","Finfish and Shellfish Products",17.630,1.321,100.0,17.63
"Fish, drum, freshwater, raw","Finfish and Shellfish Products",17.540,1.322,100.0,17.54
"Crustaceans, crayfish, mixed species, farmed, cooked, moist heat","Finfish and Shellfish Products",17.520,1.203,100.0,17.52
"Fish, wolffish, Atlantic, raw","Finfish and Shellfish Products",17.500,1.322,100.0,17.50
"Fish, tilefish, raw","Finfish and Shellfish Products",17.500,1.322,100.0,17.50
"Crustaceans, crab, dungeness, raw","Finfish and Shellfish Products",17.410,1.206,100.0,17.41
"Fish, butterfish, raw","Finfish and Shellfish Products",17.280,1.321,100.0,17.28
"Fish, sablefish, cooked, dry heat","Finfish and Shellfish Products",17.190,1.322,100.0,17.19
"Mollusks, abalone, mixed species, raw","Finfish and Shellfish Products",17.100,1.120,100.0,17.10
"Fish, shad, american, raw","Finfish and Shellfish Products",16.930,1.321,100.0,16.93
"Crustaceans, crayfish, mixed species, wild, cooked, moist heat","Finfish and Shellfish Products",16.770,1.202,100.0,16.77
"Fish, sucker, white, raw","Finfish and Shellfish Products",16.760,1.320,100.0,16.76
"Fish, seatrout, mixed species, raw","Finfish and Shellfish Products",16.740,1.322,100.0,16.74
"Fish, pout, ocean, raw","Finfish and Shellfish Products",16.640,1.321,100.0,16.64
"Crustaceans, lobster, northern, raw","Finfish and Shellfish Products",16.520,1.150,100.0,16.52
"Fish, roughy, orange, raw","Finfish and Shellfish Products",16.410,1.233,100.0,16.41
"Fish, herring, Pacific, raw","Finfish and Shellfish Products",16.390,1.322,100.0,16.39
"Fish, catfish, channel, wild, raw","Finfish and Shellfish Products",16.380,1.321,100.0,16.38
"Fish, cisco, smoked","Finfish and Shellfish Products",16.360,1.321,100.0,16.36
"Fish, haddock, raw","Finfish and Shellfish Products",16.320,1.530,100.0,16.32
"Mollusks, cuttlefish, mixed species, raw","Finfish and Shellfish Products",16.240,1.119,100.0,16.24
"Fish, sturgeon, mixed species, raw","Finfish and Shellfish Products",16.140,1.322,100.0,16.14
"Fish, turbot, european, raw","Finfish and Shellfish Products",16.050,1.321,100.0,16.05
"Fish, tuna salad","Finfish and Shellfish Products",16.040,1.317,100.0,16.04
"Crustaceans, crayfish, mixed species, wild, raw","Finfish and Shellfish Products",15.970,1.203,100.0,15.97
"Mollusks, squid, mixed species, raw","Finfish and Shellfish Products",15.580,1.119,100.0,15.58
"Fish, ocean perch, Atlantic, raw","Finfish and Shellfish Products",15.310,1.241,100.0,15.31
"Fish, cod, Pacific, raw (may have been previously frozen)","Finfish and Shellfish Products",15.270,1.227,100.0,15.27
"Fish, flatfish (flounder and sole species), cooked, dry heat","Finfish and Shellfish Products",15.240,1.346,100.0,15.24
"Fish, catfish, channel, farmed, raw","Finfish and Shellfish Products",15.230,1.242,100.0,15.23
"Fish, surimi","Finfish and Shellfish Products",15.180,1.010,100.0,15.18
"Mollusks, octopus, common, raw","Finfish and Shellfish Products",14.910,1.120,100.0,14.91
"Crustaceans, crayfish, mixed species, farmed, raw","Finfish and Shellfish Products",14.850,1.202,100.0,14.85
"Mollusks, clam, mixed species, raw","Finfish and Shellfish Products",14.670,1.299,100.0,14.67
"Fish, monkfish, raw","Finfish and Shellfish Products",14.480,1.321,100.0,14.48
"Fish, halibut, Greenland, raw","Finfish and Shellfish Products",14.370,1.320,100.0,14.37
"Mollusks, clam, mixed species, cooked, breaded and fried","Finfish and Shellfish Products",14.240,1.170,100.0,14.24
"Fish, herring, Atlantic, pickled","Finfish and Shellfish Products",14.190,1.321,100.0,14.19
"Crustaceans, shrimp, mixed species, raw (may contain additives to retain moisture)","Finfish and Shellfish Products",13.610,1.200,100.0,13.61
"Fish, sablefish, raw","Finfish and Shellfish Products",13.410,1.321,100.0,13.41
"Mollusks, scallop, mixed species, imitation, made from surimi","Finfish and Shellfish Products",12.770,1.018,100.0,12.77
"Fish, flatfish (flounder and sole species), raw","Finfish and Shellfish Products",12.410,1.345,100.0,12.41
"Crustaceans, shrimp, mixed species, imitation, made from surimi","Finfish and Shellfish Products",12.390,1.009,100.0,12.39
"Fish, pollock, Alaska, raw (may contain additives to retain moisture)","Finfish and Shellfish Products",12.190,1.302,100.0,12.19
"Mollusks, scallop, mixed species, raw","Finfish and Shellfish Products",12.060,0.806,80.6,9.72
"Mollusks, mussel, blue, raw","Finfish and Shellfish Products",11.900,1.120,100.0,11.90
"Mollusks, oyster, eastern, wild, cooked, moist heat","Finfish and Shellfish Products",11.420,0.175,17.5,2.00
"Fish, fish sticks, frozen, prepared","Finfish and Shellfish Products",11.010,NULL,NULL,NULL
"Mollusks, oyster, Pacific, raw","Finfish and Shellfish Products",9.450,1.121,100.0,9.45
"Fish, gefiltefish, commercial, sweet recipe","Finfish and Shellfish Products",9.070,1.514,100.0,9.07
"Mollusks, oyster, eastern, wild, cooked, dry heat","Finfish and Shellfish Products",8.870,0.176,17.6,1.57
"Mollusks, oyster, eastern, cooked, breaded and fried","Finfish and Shellfish Products",8.770,1.196,100.0,8.77
"Crustaceans, crab, alaska king, imitation, made from surimi","Finfish and Shellfish Products",7.620,0.962,96.2,7.33
"Mollusks, oyster, eastern, canned","Finfish and Shellfish Products",7.060,1.119,100.0,7.06
"Mollusks, oyster, eastern, farmed, cooked, dry heat","Finfish and Shellfish Products",7.000,1.121,100.0,7.00
"Mollusks, oyster, eastern, wild, raw","Finfish and Shellfish Products",5.710,0.175,17.5,1.00
"Mollusks, oyster, eastern, farmed, raw","Finfish and Shellfish Products",5.220,1.120,100.0,5.22
"Mollusks, clam, mixed species, canned, liquid","Finfish and Shellfish Products",0.400,NULL,NULL,NULL
"Veal, leg (top round), separable lean only, cooked, braised","Lamb, Veal, and Game Products",36.710,1.349,100.0,36.71
"Game meat, deer, shoulder clod, separable lean only, cooked, braised","Lamb, Veal, and Game Products",36.280,1.230,100.0,36.28
"Veal, leg (top round), separable lean and fat, cooked, braised","Lamb, Veal, and Game Products",36.160,1.349,100.0,36.16
"Veal, shoulder, arm, separable lean only, cooked, braised","Lamb, Veal, and Game Products",35.730,1.349,100.0,35.73
"Veal, cubed for stew (leg and shoulder), separable lean only, cooked, braised","Lamb, Veal, and Game Products",34.940,1.349,100.0,34.94
"Game meat, beaver, cooked, roasted","Lamb, Veal, and Game Products",34.850,NULL,NULL,NULL
"Veal, rib, separable lean only, cooked, braised","Lamb, Veal, and Game Products",34.440,1.349,100.0,34.44
"Lamb, New Zealand, imported, frozen, shoulder, whole (arm and blade), separable lean only, cooked, braised","Lamb, Veal, and Game Products",34.060,1.318,100.0,34.06
"Veal, sirloin, separable lean only, cooked, braised","Lamb, Veal, and Game Products",33.960,1.349,100.0,33.96
"Game meat, bison, chuck, shoulder clod, separable lean only, cooked, braised","Lamb, Veal, and Game Products",33.780,1.258,100.0,33.78
"Veal, shoulder, whole (arm and blade), separable lean only, cooked, braised","Lamb, Veal, and Game Products",33.680,1.349,100.0,33.68
"Veal, shoulder, arm, separable lean and fat, cooked, braised","Lamb, Veal, and Game Products",33.630,1.349,100.0,33.63
"Veal, loin, separable lean only, cooked, braised","Lamb, Veal, and Game Products",33.570,1.349,100.0,33.57
"Lamb, New Zealand, imported, fore-shank, separable lean only, cooked, braised","Lamb, Veal, and Game Products",33.310,1.306,100.0,33.31
"Veal, leg (top round), separable lean only, cooked, pan-fried, not breaded","Lamb, Veal, and Game Products",33.170,1.349,100.0,33.17
"Game meat, rabbit, wild, cooked, stewed","Lamb, Veal, and Game Products",33.020,1.303,100.0,33.02
"Veal, shoulder, blade, separable lean only, cooked, braised","Lamb, Veal, and Game Products",32.660,1.349,100.0,32.66
"Lamb, New Zealand, imported, hind-shank, separable lean only, cooked, braised","Lamb, Veal, and Game Products",32.500,1.306,100.0,32.50
"Veal, rib, separable lean and fat, cooked, braised","Lamb, Veal, and Game Products",32.430,1.349,100.0,32.43
"Veal, shank (fore and hind), separable lean only, cooked, braised","Lamb, Veal, and Game Products",32.220,1.348,100.0,32.22
"Veal, shoulder, whole (arm and blade), separable lean and fat, cooked, braised","Lamb, Veal, and Game Products",32.060,1.349,100.0,32.06
"Veal, composite of trimmed retail cuts, separable lean only, cooked","Lamb, Veal, and Game Products",31.900,1.349,100.0,31.90
"Veal, leg, top round, cap off, cutlet, boneless, cooked, grilled","Lamb, Veal, and Game Products",31.890,1.349,100.0,31.89
"Veal, leg (top round), separable lean and fat, cooked, pan-fried, not breaded","Lamb, Veal, and Game Products",31.750,1.349,100.0,31.75
"Veal, shank (fore and hind), separable lean and fat, cooked, braised","Lamb, Veal, and Game Products",31.540,1.348,100.0,31.54
"Lamb, New Zealand, imported, neck chops, separable lean only, cooked, braised","Lamb, Veal, and Game Products",31.400,1.306,100.0,31.40
"Veal, shoulder, blade, separable lean and fat, cooked, braised","Lamb, Veal, and Game Products",31.260,1.349,100.0,31.26
"Veal, sirloin, separable lean and fat, cooked, braised","Lamb, Veal, and Game Products",31.260,1.349,100.0,31.26
"Lamb, New Zealand, imported, square-cut shoulder chops, separable lean only, cooked, braised","Lamb, Veal, and Game Products",31.060,1.306,100.0,31.06
"Game meat, elk, loin, separable lean only, cooked, broiled","Lamb, Veal, and Game Products",31.000,1.190,100.0,31.00
"Game meat, elk, round, separable lean only, cooked, broiled","Lamb, Veal, and Game Products",30.940,1.190,100.0,30.94
"Game meat, squirrel, cooked, roasted","Lamb, Veal, and Game Products",30.770,NULL,NULL,NULL
"Game meat, elk, tenderloin, separable lean only, cooked, broiled","Lamb, Veal, and Game Products",30.760,1.190,100.0,30.76
"Lamb, variety meats and by-products, liver, cooked, braised","Lamb, Veal, and Game Products",30.570,1.202,100.0,30.57
"Game meat, rabbit, domesticated, composite of cuts, cooked, stewed","Lamb, Veal, and Game Products",30.380,1.303,100.0,30.38
"Lamb, New Zealand, imported, fore-shank, separable lean and fat, cooked, braised","Lamb, Veal, and Game Products",30.350,1.306,100.0,30.35
"Veal, breast, whole, boneless, separable lean only, cooked, braised","Lamb, Veal, and Game Products",30.320,1.348,100.0,30.32
"Game meat, deer, cooked, roasted","Lamb, Veal, and Game Products",30.210,NULL,NULL,NULL
"Veal, loin, separable lean and fat, cooked, braised","Lamb, Veal, and Game Products",30.190,1.349,100.0,30.19
"Game meat, elk, cooked, roasted","Lamb, Veal, and Game Products",30.190,NULL,NULL,NULL
"Veal, composite of trimmed retail cuts, separable lean and fat, cooked","Lamb, Veal, and Game Products",30.100,1.349,100.0,30.10
"Game meat, muskrat, cooked, roasted","Lamb, Veal, and Game Products",30.090,NULL,NULL,NULL
"Game meat, deer, tenderloin, separable lean only, cooked, broiled","Lamb, Veal, and Game Products",29.900,1.248,100.0,29.90
"Game meat, caribou, cooked, roasted","Lamb, Veal, and Game Products",29.770,1.205,100.0,29.77
"Veal, loin, chop, separable lean only, cooked, grilled","Lamb, Veal, and Game Products",29.750,1.349,100.0,29.75
"Lamb, New Zealand, imported, hind-shank, separable lean and fat, cooked, braised","Lamb, Veal, and Game Products",29.590,1.306,100.0,29.59
"Lamb, New Zealand, imported, frozen, composite of trimmed retail cuts, separable lean only, cooked","Lamb, Veal, and Game Products",29.590,1.319,100.0,29.59
"Game meat, antelope, cooked, roasted","Lamb, Veal, and Game Products",29.450,NULL,NULL,NULL
"Lamb, New Zealand, imported, frozen, loin, separable lean only, cooked, broiled","Lamb, Veal, and Game Products",29.310,1.318,100.0,29.31
"Game meat, moose, cooked, roasted","Lamb, Veal, and Game Products",29.270,NULL,NULL,NULL
"Veal, foreshank, osso buco, separable lean only, cooked, braised","Lamb, Veal, and Game Products",29.120,1.349,100.0,29.12
"Veal, variety meats and by-products, heart, cooked, braised","Lamb, Veal, and Game Products",29.120,1.331,100.0,29.12
"Game meat, rabbit, domesticated, composite of cuts, cooked, roasted","Lamb, Veal, and Game Products",29.060,1.303,100.0,29.06
"Lamb, New Zealand, imported, loin, boneless, separable lean only, cooked, fast roasted","Lamb, Veal, and Game Products",28.990,1.305,100.0,28.99
"Lamb, New Zealand, imported, loin, boneless, separable lean and fat, cooked, fast roasted","Lamb, Veal, and Game Products",28.960,1.306,100.0,28.96
"Lamb, New Zealand, imported, neck chops, separable lean and fat, cooked, braised","Lamb, Veal, and Game Products",28.530,1.306,100.0,28.53
"Game meat, bison, separable lean only, cooked, roasted","Lamb, Veal, and Game Products",28.440,NULL,NULL,NULL
"Veal, variety meats and by-products, liver, cooked, braised","Lamb, Veal, and Game Products",28.420,1.494,100.0,28.42
"Veal, leg (top round), separable lean only, cooked, pan-fried, breaded","Lamb, Veal, and Game Products",28.410,1.342,100.0,28.41
"Game meat, boar, wild, cooked, roasted","Lamb, Veal, and Game Products",28.300,1.374,100.0,28.30
"Veal, breast, point half, boneless, separable lean and fat, cooked, braised","Lamb, Veal, and Game Products",28.230,1.348,100.0,28.23
"Lamb, New Zealand, imported, frozen, shoulder, whole (arm and blade), separable lean and fat, cooked, braised","Lamb, Veal, and Game Products",28.210,1.318,100.0,28.21
"Lamb, New Zealand, imported, breast, separable lean only, cooked, braised","Lamb, Veal, and Game Products",28.160,1.306,100.0,28.16
"Game meat, horse, cooked, roasted","Lamb, Veal, and Game Products",28.140,1.329,100.0,28.14
"Veal, leg (top round), separable lean only, cooked, roasted","Lamb, Veal, and Game Products",28.070,1.349,100.0,28.07
"Veal, loin, chop, separable lean and fat, cooked, grilled","Lamb, Veal, and Game Products",28.040,1.349,100.0,28.04
"Lamb, New Zealand, imported, tenderloin, separable lean only, cooked, fast fried","Lamb, Veal, and Game Products",27.940,1.306,100.0,27.94
"Veal, foreshank, osso buco, separable lean and fat, cooked, braised","Lamb, Veal, and Game Products",27.940,1.349,100.0,27.94
"Lamb, New Zealand, imported, flap, boneless, separable lean only, cooked, braised","Lamb, Veal, and Game Products",27.880,1.306,100.0,27.88
"Lamb, New Zealand, imported, tenderloin, separable lean and fat, cooked, fast fried","Lamb, Veal, and Game Products",27.870,1.306,100.0,27.87
"Veal, leg (top round), separable lean and fat, cooked, roasted","Lamb, Veal, and Game Products",27.700,1.349,100.0,27.70
"Lamb, New Zealand, imported, frozen, leg, whole (shank and sirloin), separable lean only, cooked, roasted","Lamb, Veal, and Game Products",27.680,1.318,100.0,27.68
"Lamb, New Zealand, imported, loin chop, separable lean only, cooked, fast fried","Lamb, Veal, and Game Products",27.430,1.306,100.0,27.43
"Veal, variety meats and by-products, liver, cooked, pan-fried","Lamb, Veal, and Game Products",27.370,1.494,100.0,27.37
"Veal, shoulder, blade chop, separable lean only, cooked, grilled","Lamb, Veal, and Game Products",27.330,1.349,100.0,27.33
"Veal, leg (top round), separable lean and fat, cooked, pan-fried, breaded","Lamb, Veal, and Game Products",27.290,1.342,100.0,27.29
"Game meat, goat, cooked, roasted","Lamb, Veal, and Game Products",27.100,1.374,100.0,27.10
"Veal, breast, whole, boneless, separable lean and fat, cooked, braised","Lamb, Veal, and Game Products",26.970,1.348,100.0,26.97
"Game meat, buffalo, water, cooked, roasted","Lamb, Veal, and Game Products",26.830,1.364,100.0,26.83
"Lamb, New Zealand, imported, square-cut shoulder chops, separable lean and fat, cooked, braised","Lamb, Veal, and Game Products",26.790,1.306,100.0,26.79
"Game meat, elk, ground, cooked, pan-broiled","Lamb, Veal, and Game Products",26.640,1.191,100.0,26.64
"Lamb, variety meats and by-products, spleen, cooked, braised","Lamb, Veal, and Game Products",26.460,1.448,100.0,26.46
"Game meat, deer, ground, cooked, pan-broiled","Lamb, Veal, and Game Products",26.450,1.242,100.0,26.45
"Veal, sirloin, separable lean only, cooked, roasted","Lamb, Veal, and Game Products",26.320,1.349,100.0,26.32
"Veal, loin, separable lean only, cooked, roasted","Lamb, Veal, and Game Products",26.320,1.349,100.0,26.32
"Veal, variety meats and by-products, kidneys, cooked, braised","Lamb, Veal, and Game Products",26.320,1.356,100.0,26.32
"Lamb, New Zealand, imported, leg chop/steak, bone-in, separable lean only, cooked, fast fried","Lamb, Veal, and Game Products",26.310,1.306,100.0,26.31
"Lamb, New Zealand, imported, heart, cooked, soaked and simmered","Lamb, Veal, and Game Products",26.260,1.305,100.0,26.26
"Veal, shoulder, arm, separable lean only, cooked, roasted","Lamb, Veal, and Game Products",26.130,1.349,100.0,26.13
"Veal, breast, plate half, boneless, separable lean and fat, cooked, braised","Lamb, Veal, and Game Products",25.930,1.348,100.0,25.93
"Veal, variety meats and by-products, tongue, cooked, braised","Lamb, Veal, and Game Products",25.850,1.176,100.0,25.85
"Veal, ground, cooked, pan-fried","Lamb, Veal, and Game Products",25.830,1.349,100.0,25.83
"Veal, shoulder, whole (arm and blade), separable lean only, cooked, roasted","Lamb, Veal, and Game Products",25.810,1.349,100.0,25.81
"Lamb, New Zealand, imported, liver, cooked, soaked and fried","Lamb, Veal, and Game Products",25.800,1.306,100.0,25.80
"Veal, rib, separable lean only, cooked, roasted","Lamb, Veal, and Game Products",25.760,1.349,100.0,25.76
"Veal, shoulder, blade chop, separable lean and fat, cooked, grilled","Lamb, Veal, and Game Products",25.720,1.349,100.0,25.72
"Veal, shoulder, blade, separable lean only, cooked, roasted","Lamb, Veal, and Game Products",25.640,1.349,100.0,25.64
"Lamb, variety meats and by-products, liver, cooked, pan-fried","Lamb, Veal, and Game Products",25.530,1.202,100.0,25.53
"Lamb, New Zealand, imported, loin saddle, separable lean only, cooked, fast roasted","Lamb, Veal, and Game Products",25.530,1.306,100.0,25.53
"Veal, shoulder, arm, separable lean and fat, cooked, roasted","Lamb, Veal, and Game Products",25.460,1.349,100.0,25.46
"Bison, ground, grass-fed, cooked","Lamb, Veal, and Game Products",25.450,1.257,100.0,25.45
"Veal, shoulder, whole (arm and blade), separable lean and fat, cooked, roasted","Lamb, Veal, and Game Products",25.320,1.349,100.0,25.32
"Lamb, New Zealand, imported, tunnel-boned leg, chump off, shank off, separable lean only, cooked, slow roasted","Lamb, Veal, and Game Products",25.290,1.306,100.0,25.29
"Veal, shoulder, blade, separable lean and fat, cooked, roasted","Lamb, Veal, and Game Products",25.150,1.349,100.0,25.15
"Lamb, New Zealand, imported, netted shoulder, rolled, boneless, separable lean only, cooked, slow roasted","Lamb, Veal, and Game Products",25.140,1.306,100.0,25.14
"Veal, sirloin, separable lean and fat, cooked, roasted","Lamb, Veal, and Game Products",25.140,1.349,100.0,25.14
"Lamb, New Zealand, imported, square-cut shoulder, separable lean only, cooked, slow roasted","Lamb, Veal, and Game Products",25.080,1.306,100.0,25.08
"Lamb, variety meats and by-products, heart, cooked, braised","Lamb, Veal, and Game Products",24.970,1.276,100.0,24.97
"Lamb, New Zealand, imported, frozen, leg, whole (shank and sirloin), separable lean and fat, cooked, roasted","Lamb, Veal, and Game Products",24.810,1.318,100.0,24.81
"Veal, loin, separable lean and fat, cooked, roasted","Lamb, Veal, and Game Products",24.800,1.349,100.0,24.80
"Lamb, ground, cooked, broiled","Lamb, Veal, and Game Products",24.750,1.318,100.0,24.75
"Lamb, New Zealand, imported, rack - partly frenched, separable lean only, cooked, fast roasted","Lamb, Veal, and Game Products",24.430,1.306,100.0,24.43
"Lamb, New Zealand, imported, frozen, composite of trimmed retail cuts, separable lean and fat, cooked","Lamb, Veal, and Game Products",24.420,1.319,100.0,24.42
"Lamb, New Zealand, imported, rack - fully frenched, separable lean only, cooked, fast roasted","Lamb, Veal, and Game Products",24.390,1.306,100.0,24.39
"Veal, ground, cooked, broiled","Lamb, Veal, and Game Products",24.380,1.349,100.0,24.38
"Lamb, New Zealand, imported, leg chop/steak, bone-in, separable lean and fat, cooked, fast fried","Lamb, Veal, and Game Products",24.260,1.306,100.0,24.26
"Veal, variety meats and by-products, spleen, cooked, braised","Lamb, Veal, and Game Products",24.080,NULL,NULL,NULL
"Game meat, beaver, raw","Lamb, Veal, and Game Products",24.050,NULL,NULL,NULL
"Veal, rib, separable lean and fat, cooked, roasted","Lamb, Veal, and Game Products",23.960,1.349,100.0,23.96
"Game meat, bison, ground, cooked, pan-broiled","Lamb, Veal, and Game Products",23.770,1.262,100.0,23.77
"Lamb, New Zealand, imported, chump, boneless, separable lean only, cooked, fast roasted","Lamb, Veal, and Game Products",23.690,1.305,100.0,23.69
"Lamb, variety meats and by-products, kidneys, cooked, braised","Lamb, Veal, and Game Products",23.650,1.272,100.0,23.65
"Lamb, New Zealand, imported, rack - fully frenched, separable lean and fat, cooked, fast roasted","Lamb, Veal, and Game Products",23.560,1.306,100.0,23.56
"Lamb, New Zealand, imported, frozen, loin, separable lean and fat, cooked, broiled","Lamb, Veal, and Game Products",23.430,1.318,100.0,23.43
"Lamb, New Zealand, imported, tunnel-boned leg, chump off, shank off, separable lean and fat, cooked, slow roasted","Lamb, Veal, and Game Products",23.410,1.306,100.0,23.41
"Game meat, deer, raw","Lamb, Veal, and Game Products",22.960,NULL,NULL,NULL
"Game meat, elk, raw","Lamb, Veal, and Game Products",22.950,NULL,NULL,NULL
"Lamb, variety meats and by-products, pancreas, cooked, braised","Lamb, Veal, and Game Products",22.830,1.085,100.0,22.83
"Game meat, caribou, raw","Lamb, Veal, and Game Products",22.630,1.204,100.0,22.63
"Lamb, New Zealand, imported, ground lamb, cooked, braised","Lamb, Veal, and Game Products",22.600,1.306,100.0,22.60
"Game meat, antelope, raw","Lamb, Veal, and Game Products",22.380,NULL,NULL,NULL
"Game meat, moose, raw","Lamb, Veal, and Game Products",22.240,NULL,NULL,NULL
"Veal, leg, top round, cap off, cutlet, boneless, raw","Lamb, Veal, and Game Products",22.070,1.349,100.0,22.07
"Lamb, New Zealand, imported, rack - partly frenched, separable lean and fat, cooked, fast roasted","Lamb, Veal, and Game Products",22.060,1.305,100.0,22.06
"Lamb, New Zealand, imported, fore-shank, separable lean only, raw","Lamb, Veal, and Game Products",22.050,1.306,100.0,22.05
"Veal, loin, separable lean only, raw","Lamb, Veal, and Game Products",21.850,1.349,100.0,21.85
"Game meat, rabbit, wild, raw","Lamb, Veal, and Game Products",21.790,1.304,100.0,21.79
"Game meat, deer, ground, raw","Lamb, Veal, and Game Products",21.780,1.236,100.0,21.78
"Game meat, elk, ground, raw","Lamb, Veal, and Game Products",21.760,1.190,100.0,21.76
"Lamb, New Zealand, imported, flap, boneless, separable lean only, raw","Lamb, Veal, and Game Products",21.720,1.306,100.0,21.72
"Veal, Australian, rib, rib roast, separable lean only, raw","Lamb, Veal, and Game Products",21.700,1.350,100.0,21.70
"Lamb, New Zealand, imported, chump, boneless, separable lean only, raw","Lamb, Veal, and Game Products",21.680,1.306,100.0,21.68
"Game meat, bison, separable lean only, raw","Lamb, Veal, and Game Products",21.620,NULL,NULL,NULL
"Lamb, variety meats and by-products, tongue, cooked, braised","Lamb, Veal, and Game Products",21.570,1.206,100.0,21.57
"Game meat, boar, wild, raw","Lamb, Veal, and Game Products",21.510,1.374,100.0,21.51
"Lamb, New Zealand, imported, loin, boneless, separable lean only, raw","Lamb, Veal, and Game Products",21.500,1.306,100.0,21.50
"Lamb, New Zealand, imported, loin chop, separable lean and fat, cooked, fast fried","Lamb, Veal, and Game Products",21.500,1.306,100.0,21.50
"Lamb, New Zealand, imported, netted shoulder, rolled, boneless, separable lean and fat, cooked, slow roasted","Lamb, Veal, and Game Products",21.450,1.305,100.0,21.45
"Lamb, New Zealand, imported, loin, boneless, separable lean and fat, raw","Lamb, Veal, and Game Products",21.440,1.306,100.0,21.44
"Game meat, horse, raw","Lamb, Veal, and Game Products",21.390,1.328,100.0,21.39
"Veal, leg (top round), separable lean only, raw","Lamb, Veal, and Game Products",21.280,1.349,100.0,21.28
"Game meat, squirrel, raw","Lamb, Veal, and Game Products",21.230,NULL,NULL,NULL
"Lamb, New Zealand, imported, loin saddle, separable lean and fat, cooked, fast roasted","Lamb, Veal, and Game Products",21.130,1.306,100.0,21.13
"Lamb, New Zealand, imported, sweetbread, cooked, soaked and simmered","Lamb, Veal, and Game Products",21.130,1.306,100.0,21.13
"Game meat, bison, chuck, shoulder clod, separable lean only, raw","Lamb, Veal, and Game Products",21.120,1.263,100.0,21.12
"Lamb, New Zealand, imported, leg chop/steak, bone-in, separable lean only, raw","Lamb, Veal, and Game Products",21.100,1.306,100.0,21.10
"Lamb, New Zealand, imported, testes, cooked, soaked and fried","Lamb, Veal, and Game Products",21.010,1.306,100.0,21.01
"Veal, leg (top round), separable lean and fat, raw","Lamb, Veal, and Game Products",20.980,1.349,100.0,20.98
"Lamb, New Zealand, imported, tunnel-boned leg, chump off, shank off, separable lean only, raw","Lamb, Veal, and Game Products",20.930,1.306,100.0,20.93
"Lamb, New Zealand, imported, tunnel-boned leg, chump off, shank off, separable lean and fat, raw","Lamb, Veal, and Game Products",20.930,1.153,100.0,20.93
"Lamb, New Zealand, imported, square-cut shoulder, separable lean and fat, cooked, slow roasted","Lamb, Veal, and Game Products",20.880,1.305,100.0,20.88
"Lamb, New Zealand, imported, loin saddle, separable lean only, raw","Lamb, Veal, and Game Products",20.860,1.305,100.0,20.86
"Game meat, muskrat, raw","Lamb, Veal, and Game Products",20.760,NULL,NULL,NULL
"Lamb, New Zealand, imported, frozen, composite of trimmed retail cuts, separable lean only, raw","Lamb, Veal, and Game Products",20.750,1.318,100.0,20.75
"Lamb, New Zealand, imported, liver, raw","Lamb, Veal, and Game Products",20.700,1.306,100.0,20.70
"Lamb, New Zealand, imported, rack - partly frenched, separable lean only, raw","Lamb, Veal, and Game Products",20.650,1.306,100.0,20.65
"Lamb, New Zealand, imported, square-cut shoulder chops, separable lean only, raw","Lamb, Veal, and Game Products",20.620,1.306,100.0,20.62
"Lamb, New Zealand, imported, rack - fully frenched, separable lean only, raw","Lamb, Veal, and Game Products",20.610,1.305,100.0,20.61
"Game meat, goat, raw","Lamb, Veal, and Game Products",20.600,1.373,100.0,20.60
"Lamb, New Zealand, imported, tenderloin, separable lean only, raw","Lamb, Veal, and Game Products",20.530,1.306,100.0,20.53
"Lamb, New Zealand, imported, flap, boneless, separable lean and fat, cooked, braised","Lamb, Veal, and Game Products",20.480,1.306,100.0,20.48
"Lamb, New Zealand, imported, tenderloin, separable lean and fat, raw","Lamb, Veal, and Game Products",20.430,1.307,100.0,20.43
"Lamb, New Zealand, imported, hind-shank, separable lean only, raw","Lamb, Veal, and Game Products",20.400,1.306,100.0,20.40
"Game meat, buffalo, water, raw","Lamb, Veal, and Game Products",20.390,1.363,100.0,20.39
"Lamb, variety meats and by-products, liver, raw","Lamb, Veal, and Game Products",20.380,1.202,100.0,20.38
"Veal, Australian, shank, hind, bone-in, separable lean only, raw","Lamb, Veal, and Game Products",20.370,1.350,100.0,20.37
"Lamb, New Zealand, imported, ground lamb, raw","Lamb, Veal, and Game Products",20.330,1.305,100.0,20.33
"Veal, cubed for stew (leg and shoulder), separable lean only, raw","Lamb, Veal, and Game Products",20.270,1.349,100.0,20.27
"Bison, ground, grass-fed, raw","Lamb, Veal, and Game Products",20.230,1.261,100.0,20.23
"Veal, sirloin, separable lean only, raw","Lamb, Veal, and Game Products",20.200,1.349,100.0,20.20
"Lamb, New Zealand, imported, netted shoulder, rolled, boneless, separable lean only, raw","Lamb, Veal, and Game Products",20.200,1.306,100.0,20.20
"Veal, composite of trimmed retail cuts, separable lean only, raw","Lamb, Veal, and Game Products",20.200,1.349,100.0,20.20
"Veal, Australian, shank, fore, bone-in, separable lean only, raw","Lamb, Veal, and Game Products",20.180,1.350,100.0,20.18
"Lamb, New Zealand, imported, fore-shank, separable lean and fat, raw","Lamb, Veal, and Game Products",20.090,1.306,100.0,20.09
"Veal, loin, separable lean and fat, raw","Lamb, Veal, and Game Products",20.070,1.349,100.0,20.07
"Game meat, rabbit, domesticated, composite of cuts, raw","Lamb, Veal, and Game Products",20.050,1.303,100.0,20.05
"Veal, shoulder, arm, separable lean only, raw","Lamb, Veal, and Game Products",20.040,1.349,100.0,20.04
"Lamb, New Zealand, imported, loin chop, separable lean only, raw","Lamb, Veal, and Game Products",19.980,1.306,100.0,19.98
"Veal, rib, separable lean only, raw","Lamb, Veal, and Game Products",19.970,1.349,100.0,19.97
"Veal, variety meats and by-products, liver, raw","Lamb, Veal, and Game Products",19.930,1.619,100.0,19.93
"Lamb, New Zealand, imported, rack - fully frenched, separable lean and fat, raw","Lamb, Veal, and Game Products",19.880,1.305,100.0,19.88
"Lamb, variety meats and by-products, lungs, cooked, braised","Lamb, Veal, and Game Products",19.880,1.053,100.0,19.88
"Lamb, New Zealand, imported, neck chops, separable lean only, raw","Lamb, Veal, and Game Products",19.840,1.352,100.0,19.84
"Veal, shoulder, whole (arm and blade), separable lean only, raw","Lamb, Veal, and Game Products",19.790,1.349,100.0,19.79
"Lamb, New Zealand, imported, kidney, cooked, soaked and fried","Lamb, Veal, and Game Products",19.780,1.305,100.0,19.78
"Veal, Australian, shank, hind, bone-in, separable lean and fat, raw","Lamb, Veal, and Game Products",19.780,1.310,100.0,19.78
"Veal, shank, separable lean only, raw","Lamb, Veal, and Game Products",19.770,1.349,100.0,19.77
"Lamb, New Zealand, imported, square-cut shoulder, separable lean only, raw","Lamb, Veal, and Game Products",19.720,1.305,100.0,19.72
"Veal, shoulder, blade chop, separable lean only, raw","Lamb, Veal, and Game Products",19.600,1.349,100.0,19.60
"Veal, Australian, rib, rib roast, separable lean and fat, raw","Lamb, Veal, and Game Products",19.600,1.228,100.0,19.60
"Veal, Australian, shank, fore, bone-in, separable lean and fat, raw","Lamb, Veal, and Game Products",19.580,1.310,100.0,19.58
"Veal, composite of trimmed retail cuts, separable lean and fat, raw","Lamb, Veal, and Game Products",19.350,1.349,100.0,19.35
"Veal, shoulder, arm, separable lean and fat, raw","Lamb, Veal, and Game Products",19.340,1.349,100.0,19.34
"Veal, shank, separable lean and fat, raw","Lamb, Veal, and Game Products",19.280,1.349,100.0,19.28
"Veal, shank (fore and hind), separable lean only, raw","Lamb, Veal, and Game Products",19.280,1.348,100.0,19.28
"Veal, shoulder, whole (arm and blade), separable lean and fat, raw","Lamb, Veal, and Game Products",19.270,1.349,100.0,19.27
"Veal, shank (fore and hind), separable lean and fat, raw","Lamb, Veal, and Game Products",19.150,1.347,100.0,19.15
"Veal, sirloin, separable lean and fat, raw","Lamb, Veal, and Game Products",19.070,1.348,100.0,19.07
"Veal, rib, separable lean and fat, raw","Lamb, Veal, and Game Products",18.860,1.349,100.0,18.86
"Veal, variety meats and by-products, lungs, cooked, braised","Lamb, Veal, and Game Products",18.740,NULL,NULL,NULL
"Veal, shoulder, blade chop, separable lean and fat, raw","Lamb, Veal, and Game Products",18.720,1.349,100.0,18.72
"Game meat , bison, ground, raw","Lamb, Veal, and Game Products",18.670,1.259,100.0,18.67
"Lamb, New Zealand, imported, leg chop/steak, bone-in, separable lean and fat, raw","Lamb, Veal, and Game Products",18.640,1.305,100.0,18.64
"Veal, ground, raw","Lamb, Veal, and Game Products",18.580,1.348,100.0,18.58
"Lamb, New Zealand, imported, hind-shank, separable lean and fat, raw","Lamb, Veal, and Game Products",18.390,1.305,100.0,18.39
"Lamb, New Zealand, imported, breast, separable lean only, raw","Lamb, Veal, and Game Products",18.310,1.305,100.0,18.31
"Veal, variety meats and by-products, spleen, raw","Lamb, Veal, and Game Products",18.300,NULL,NULL,NULL
"Lamb, New Zealand, imported, rack - partly frenched, separable lean and fat, raw","Lamb, Veal, and Game Products",18.120,1.306,100.0,18.12
"Lamb, New Zealand, imported, heart, raw","Lamb, Veal, and Game Products",18.090,1.305,100.0,18.09
"Lamb, New Zealand, imported, tongue - swiss cut, cooked, soaked and simmered","Lamb, Veal, and Game Products",17.510,1.306,100.0,17.51
"Veal, breast, whole, boneless, separable lean and fat, raw","Lamb, Veal, and Game Products",17.470,1.348,100.0,17.47
"Lamb, New Zealand, imported, neck chops, separable lean and fat, raw","Lamb, Veal, and Game Products",17.430,1.349,100.0,17.43
"Lamb, variety meats and by-products, spleen, raw","Lamb, Veal, and Game Products",17.200,1.446,100.0,17.20
"Veal, variety meats and by-products, tongue, raw","Lamb, Veal, and Game Products",17.180,1.176,100.0,17.18
"Veal, variety meats and by-products, heart, raw","Lamb, Veal, and Game Products",17.180,1.331,100.0,17.18
"Lamb, New Zealand, imported, square-cut shoulder chops, separable lean and fat, raw","Lamb, Veal, and Game Products",17.020,1.306,100.0,17.02
"Lamb, variety meats and by-products, brain, cooked, pan-fried","Lamb, Veal, and Game Products",16.970,1.221,100.0,16.97
"Lamb, Australian, imported, fresh, external fat, cooked","Lamb, Veal, and Game Products",16.900,1.149,100.0,16.90
"Lamb, New Zealand, imported, netted shoulder, rolled, boneless, separable lean and fat, raw","Lamb, Veal, and Game Products",16.900,1.306,100.0,16.90
"Lamb, New Zealand, imported, frozen, composite of trimmed retail cuts, separable lean and fat, raw","Lamb, Veal, and Game Products",16.740,1.318,100.0,16.74
"Lamb, variety meats and by-products, lungs, raw","Lamb, Veal, and Game Products",16.700,1.052,100.0,16.70
"Lamb, ground, raw","Lamb, Veal, and Game Products",16.560,1.318,100.0,16.56
"Lamb, New Zealand, imported, loin saddle, separable lean and fat, raw","Lamb, Veal, and Game Products",16.560,1.305,100.0,16.56
"Lamb, variety meats and by-products, heart, raw","Lamb, Veal, and Game Products",16.470,1.275,100.0,16.47
"Veal, variety meats and by-products, lungs, raw","Lamb, Veal, and Game Products",16.300,NULL,NULL,NULL
"Lamb, New Zealand, imported, flap, boneless, separable lean and fat, raw","Lamb, Veal, and Game Products",16.170,1.307,100.0,16.17
"Lamb, New Zealand, imported, square-cut shoulder, separable lean and fat, raw","Lamb, Veal, and Game Products",16.160,1.306,100.0,16.16
"Veal, variety meats and by-products, kidneys, raw","Lamb, Veal, and Game Products",15.760,1.355,100.0,15.76
"Lamb, variety meats and by-products, kidneys, raw","Lamb, Veal, and Game Products",15.740,1.272,100.0,15.74
"Lamb, variety meats and by-products, tongue, raw","Lamb, Veal, and Game Products",15.700,1.206,100.0,15.70
"Lamb, Australian, imported, fresh, seam fat, raw","Lamb, Veal, and Game Products",15.650,1.149,100.0,15.65
"Lamb, New Zealand, imported, loin chop, separable lean and fat, raw","Lamb, Veal, and Game Products",15.400,1.305,100.0,15.40
"Veal, external fat only, cooked","Lamb, Veal, and Game Products",15.280,1.349,100.0,15.28
"Lamb, New Zealand, imported, kidney, raw","Lamb, Veal, and Game Products",15.210,1.306,100.0,15.21
"Lamb, variety meats and by-products, mechanically separated, raw","Lamb, Veal, and Game Products",14.970,NULL,NULL,NULL
"Lamb, variety meats and by-products, pancreas, raw","Lamb, Veal, and Game Products",14.840,1.085,100.0,14.84
"Veal, variety meats and by-products, brain, cooked, pan-fried","Lamb, Veal, and Game Products",14.480,1.220,100.0,14.48
"Lamb, New Zealand, imported, tongue - swiss cut, raw","Lamb, Veal, and Game Products",14.270,NULL,NULL,NULL
"Lamb, New Zealand, imported, brains, cooked, soaked and fried","Lamb, Veal, and Game Products",14.030,1.305,100.0,14.03
"Lamb, Australian, imported, fresh, seam fat, cooked","Lamb, Veal, and Game Products",13.810,1.147,100.0,13.81
"Lamb, Australian, imported, fresh, external fat, raw","Lamb, Veal, and Game Products",12.590,1.149,100.0,12.59
"Lamb, variety meats and by-products, brain, cooked, braised","Lamb, Veal, and Game Products",12.550,1.222,100.0,12.55
"Veal, seam fat only, raw","Lamb, Veal, and Game Products",12.530,1.349,100.0,12.53
"Veal, variety meats and by-products, brain, cooked, braised","Lamb, Veal, and Game Products",11.480,1.220,100.0,11.48
"Lamb, New Zealand, imported, testes, raw","Lamb, Veal, and Game Products",11.400,1.305,100.0,11.40
"Lamb, New Zealand, imported, brains, raw","Lamb, Veal, and Game Products",11.330,1.306,100.0,11.33
"Veal, seam fat only, cooked","Lamb, Veal, and Game Products",11.160,1.349,100.0,11.16
"Lamb, New Zealand, imported, sweetbread, raw","Lamb, Veal, and Game Products",11.000,1.305,100.0,11.00
"Lamb, variety meats and by-products, brain, raw","Lamb, Veal, and Game Products",10.400,1.220,100.0,10.40
"Veal, variety meats and by-products, brain, raw","Lamb, Veal, and Game Products",10.320,1.220,100.0,10.32
"Lamb, New Zealand, imported, frozen, composite of trimmed retail cuts, separable fat, cooked","Lamb, Veal, and Game Products",9.720,1.317,100.0,9.72
"Lamb, Australian, imported, fresh, separable fat, cooked","Lamb, Veal, and Game Products",9.420,1.317,100.0,9.42
"Veal, composite of trimmed retail cuts, separable fat, cooked","Lamb, Veal, and Game Products",9.420,1.349,100.0,9.42
"Veal, breast, separable fat, cooked","Lamb, Veal, and Game Products",9.400,1.347,100.0,9.40
"Veal, external fat only, raw","Lamb, Veal, and Game Products",8.850,1.348,100.0,8.85
"Lamb, New Zealand, imported, Intermuscular fat, cooked","Lamb, Veal, and Game Products",8.530,1.308,100.0,8.53
"Lamb, New Zealand, imported, frozen, composite of trimmed retail cuts, separable fat, raw","Lamb, Veal, and Game Products",6.920,1.318,100.0,6.92
"Lamb, Australian, imported, fresh, separable fat, raw","Lamb, Veal, and Game Products",6.270,1.316,100.0,6.27
"Veal, composite of trimmed retail cuts, separable fat, raw","Lamb, Veal, and Game Products",6.020,1.349,100.0,6.02
"Lamb, New Zealand, imported, subcutaneous fat, cooked","Lamb, Veal, and Game Products",5.240,1.307,100.0,5.24
"Lamb, New Zealand, imported, Intermuscular fat, raw","Lamb, Veal, and Game Products",4.630,1.307,100.0,4.63
"Lamb, New Zealand, imported, subcutaneous fat, raw","Lamb, Veal, and Game Products",3.870,1.305,100.0,3.87
"Soy protein isolate","Legumes and Legume Products",88.320,1.120,100.0,88.32
"Soy protein isolate, potassium type","Legumes and Legume Products",88.320,1.120,100.0,88.32
"Soy protein concentrate, produced by acid wash","Legumes and Legume Products",63.630,1.214,100.0,63.63
"Soy protein concentrate, produced by alcohol extraction","Legumes and Legume Products",63.630,1.214,100.0,63.63
"Tofu, dried-frozen (koyadofu)","Legumes and Legume Products",52.470,1.105,100.0,52.47
"Tofu, dried-frozen (koyadofu), prepared with calcium sulfate","Legumes and Legume Products",52.430,1.106,100.0,52.43
"Peanut flour, defatted","Legumes and Legume Products",52.200,0.798,79.8,41.64
"Soy flour, defatted","Legumes and Legume Products",51.460,1.169,100.0,51.46
"Soy meal, defatted, raw","Legumes and Legume Products",49.200,1.169,100.0,49.20
"Soybeans, mature seeds, dry roasted","Legumes and Legume Products",43.320,1.170,100.0,43.32
"Meat extender","Legumes and Legume Products",41.710,1.250,100.0,41.71
"Soybeans, mature seeds, roasted, no salt added","Legumes and Legume Products",38.550,1.169,100.0,38.55
"Soybeans, mature seeds, roasted, salted","Legumes and Legume Products",38.550,1.169,100.0,38.55
"Soy flour, full-fat, roasted","Legumes and Legume Products",38.090,1.169,100.0,38.09
"Soy flour, full-fat, raw","Legumes and Legume Products",37.810,1.169,100.0,37.81
"Soybeans, mature seeds, raw","Legumes and Legume Products",36.490,1.426,100.0,36.49
"Lupins, mature seeds, raw","Legumes and Legume Products",36.170,0.881,88.1,31.86
"Peanut flour, low fat","Legumes and Legume Products",33.800,0.798,79.8,26.96
"Winged beans, mature seeds, raw","Legumes and Legume Products",29.650,1.323,100.0,29.65
"Peanuts, all types, oil-roasted, with salt","Legumes and Legume Products",28.030,0.749,74.9,21.00
"Peanuts, all types, oil-roasted, without salt","Legumes and Legume Products",28.030,0.749,74.9,21.00
"Peanuts, spanish, oil-roasted, without salt","Legumes and Legume Products",28.010,0.797,79.7,22.33
"Peanuts, spanish, oil-roasted, with salt","Legumes and Legume Products",28.010,0.797,79.7,22.33
"Peanuts, valencia, oil-roasted, with salt","Legumes and Legume Products",27.040,0.798,79.8,21.58
"Peanuts, valencia, oil-roasted, without salt","Legumes and Legume Products",27.040,0.798,79.8,21.58
"Peanuts, spanish, raw","Legumes and Legume Products",26.150,0.798,79.8,20.87
"Broadbeans (fava beans), mature seeds, raw","Legumes and Legume Products",26.120,0.952,95.2,24.86
"Peanuts, virginia, oil-roasted, without salt","Legumes and Legume Products",25.870,0.798,79.8,20.64
"Peanuts, virginia, oil-roasted, with salt","Legumes and Legume Products",25.870,0.798,79.8,20.64
"Peanuts, all types, raw","Legumes and Legume Products",25.800,0.798,79.8,20.58
Papad,"Legumes and Legume Products",25.560,1.083,100.0,25.56
"Beans, kidney, royal red, mature seeds, raw","Legumes and Legume Products",25.330,1.179,100.0,25.33
"Mungo beans, mature seeds, raw","Legumes and Legume Products",25.210,1.084,100.0,25.21
"Peanuts, virginia, raw","Legumes and Legume Products",25.190,0.797,79.7,20.09
"Peanuts, valencia, raw","Legumes and Legume Products",25.090,0.798,79.8,20.02
"Lentils, raw","Legumes and Legume Products",24.630,0.982,98.2,24.18
"Beans, kidney, california red, mature seeds, raw","Legumes and Legume Products",24.370,1.179,100.0,24.37
"Peanuts, all types, dry-roasted, without salt","Legumes and Legume Products",24.350,0.776,77.6,18.89
"Peanuts, all types, dry-roasted, with salt","Legumes and Legume Products",24.350,0.776,77.6,18.89
"Yardlong beans, mature seeds, raw","Legumes and Legume Products",24.330,1.149,100.0,24.33
"Peanut butter, chunk style, with salt","Legumes and Legume Products",24.060,0.620,62.0,14.91
"Peanut butter, chunk style, without salt","Legumes and Legume Products",24.060,0.620,62.0,14.91
"Lentils, pink or red, raw","Legumes and Legume Products",23.910,1.025,100.0,23.91
"Hyacinth beans, mature seeds, raw","Legumes and Legume Products",23.900,0.894,89.4,21.36
"Mung beans, mature seeds, raw","Legumes and Legume Products",23.860,0.945,94.5,22.55
"Cowpeas, catjang, mature seeds, raw","Legumes and Legume Products",23.850,1.149,100.0,23.85
"Beans, kidney, all types, mature seeds, raw","Legumes and Legume Products",23.580,1.178,100.0,23.58
"Cowpeas, common (blackeyes, crowder, southern), mature seeds, raw","Legumes and Legume Products",23.520,1.150,100.0,23.52
"Beans, white, mature seeds, raw","Legumes and Legume Products",23.360,1.177,100.0,23.36
"Peas, green, split, mature seeds, raw","Legumes and Legume Products",23.120,0.920,92.0,21.27
"Beans, cranberry (roman), mature seeds, raw","Legumes and Legume Products",23.030,1.178,100.0,23.03
"Mothbeans, mature seeds, raw","Legumes and Legume Products",22.940,NULL,NULL,NULL
"Beans, kidney, red, mature seeds, raw","Legumes and Legume Products",22.530,1.178,100.0,22.53
"Beans, navy, mature seeds, raw","Legumes and Legume Products",22.330,0.936,93.6,20.91
"Peanut butter, smooth style, with salt (Includes foods for USDA's Food Distribution Program)","Legumes and Legume Products",22.210,0.681,68.1,15.13
"Peanut butter, smooth style, without salt","Legumes and Legume Products",22.210,0.681,68.1,15.13
"Beans, yellow, mature seeds, raw","Legumes and Legume Products",22.000,1.178,100.0,22.00
"Peanut Butter, smooth (Includes foods for USDA's Food Distribution Program)","Legumes and Legume Products",21.930,0.681,68.1,14.93
"Beans, great northern, mature seeds, raw (Includes foods for USDA's Food Distribution Program)","Legumes and Legume Products",21.860,1.179,100.0,21.86
"Pigeon peas (red gram), mature seeds, raw","Legumes and Legume Products",21.700,1.033,100.0,21.70
"Beans, black, mature seeds, raw","Legumes and Legume Products",21.600,1.178,100.0,21.60
"Lima beans, large, mature seeds, raw","Legumes and Legume Products",21.460,1.076,100.0,21.46
"Beans, pinto, mature seeds, raw (Includes foods for USDA's Food Distribution Program)","Legumes and Legume Products",21.420,0.946,94.6,20.27
"Beans, black turtle, mature seeds, raw","Legumes and Legume Products",21.250,1.179,100.0,21.25
"Beans, small white, mature seeds, raw","Legumes and Legume Products",21.110,1.178,100.0,21.11
"Beans, pink, mature seeds, raw","Legumes and Legume Products",20.960,1.178,100.0,20.96
"Lima beans, thin seeded (baby), mature seeds, raw","Legumes and Legume Products",20.620,1.078,100.0,20.62
"Chickpeas (garbanzo beans, bengal gram), mature seeds, raw","Legumes and Legume Products",20.470,1.084,100.0,20.47
Tempeh,"Legumes and Legume Products",20.290,0.824,82.4,16.73
"Sausage, meatless","Legumes and Legume Products",20.280,1.251,100.0,20.28
"Beans, adzuki, mature seeds, raw","Legumes and Legume Products",19.870,0.901,90.1,17.91
Natto,"Legumes and Legume Products",19.400,1.003,100.0,19.40
"Tofu, fried, prepared with calcium sulfate","Legumes and Legume Products",18.820,0.705,70.5,13.27
"Tofu, fried","Legumes and Legume Products",18.820,1.106,100.0,18.82
"Beans, french, mature seeds, raw","Legumes and Legume Products",18.810,1.179,100.0,18.81
"Soybeans, mature seeds, cooked, boiled, with salt","Legumes and Legume Products",18.210,1.170,100.0,18.21
"Soybeans, mature cooked, boiled, without salt","Legumes and Legume Products",18.210,1.170,100.0,18.21
"Tofu, raw, firm, prepared with calcium sulfate","Legumes and Legume Products",17.270,0.705,70.5,12.18
"Veggie burgers or soyburgers, unprepared","Legumes and Legume Products",15.700,1.421,100.0,15.70
"Lupins, mature seeds, cooked, boiled, with salt","Legumes and Legume Products",15.570,0.882,88.2,13.73
"Lupins, mature seeds, cooked, boiled, without salt","Legumes and Legume Products",15.570,0.882,88.2,13.73
"Peanuts, all types, cooked, boiled, with salt","Legumes and Legume Products",13.500,0.798,79.8,10.78
"Falafel, home-prepared","Legumes and Legume Products",13.310,1.083,100.0,13.31
Miso,"Legumes and Legume Products",12.790,0.458,45.8,5.86
"Tofu, hard, prepared with nigari","Legumes and Legume Products",12.680,0.771,77.1,9.77
"Bacon, meatless","Legumes and Legume Products",11.690,1.252,100.0,11.69
"Winged beans, mature seeds, cooked, boiled, with salt","Legumes and Legume Products",10.620,1.128,100.0,10.62
"Winged beans, mature seeds, cooked, boiled, without salt","Legumes and Legume Products",10.620,1.128,100.0,10.62
"Soy sauce made from soy (tamari)","Legumes and Legume Products",10.510,1.185,100.0,10.51
"Tofu, extra firm, prepared with nigari","Legumes and Legume Products",9.980,0.706,70.6,7.05
"Beans, white, mature seeds, cooked, boiled, with salt","Legumes and Legume Products",9.730,1.177,100.0,9.73
"Beans, white, mature seeds, cooked, boiled, without salt","Legumes and Legume Products",9.730,1.177,100.0,9.73
"Beans, kidney, royal red, mature seeds, cooked, boiled, without salt","Legumes and Legume Products",9.490,1.178,100.0,9.49
"Beans, kidney, royal red, mature seeds, cooked, boiled with salt","Legumes and Legume Products",9.490,1.178,100.0,9.49
"Beans, cranberry (roman), mature seeds, cooked, boiled, with salt","Legumes and Legume Products",9.340,1.178,100.0,9.34
"Beans, cranberry (roman), mature seeds, cooked, boiled, without salt","Legumes and Legume Products",9.340,1.178,100.0,9.34
"Beans, yellow, mature seeds, cooked, boiled, with salt","Legumes and Legume Products",9.160,1.181,100.0,9.16
"Beans, yellow, mature seeds, cooked, boiled, without salt","Legumes and Legume Products",9.160,1.181,100.0,9.16
"Beans, kidney, california red, mature seeds, cooked, boiled, without salt","Legumes and Legume Products",9.130,1.175,100.0,9.13
"Beans, kidney, california red, mature seeds, cooked, boiled, with salt","Legumes and Legume Products",9.130,1.175,100.0,9.13
"Beans, pink, mature seeds, cooked, boiled, without salt","Legumes and Legume Products",9.060,1.179,100.0,9.06
"Beans, pink, mature seeds, cooked, boiled, with salt","Legumes and Legume Products",9.060,1.179,100.0,9.06
"Soy sauce made from soy and wheat (shoyu), low sodium","Legumes and Legume Products",9.050,0.000,0.0,0.00
"Tofu, firm, prepared with calcium sulfate and magnesium chloride (nigari)","Legumes and Legume Products",9.040,0.704,70.4,6.36
"Lentils, mature seeds, cooked, boiled, without salt","Legumes and Legume Products",9.020,0.983,98.3,8.86
"Lentils, mature seeds, cooked, boiled, with salt","Legumes and Legume Products",9.020,0.983,98.3,8.86
"Beans, pinto, mature seeds, cooked, boiled, without salt","Legumes and Legume Products",9.010,1.014,100.0,9.01
"Beans, pinto, mature seeds, cooked, boiled, with salt","Legumes and Legume Products",9.010,1.090,100.0,9.01
"Beans, small white, mature seeds, cooked, boiled, without salt","Legumes and Legume Products",8.970,1.181,100.0,8.97
"Beans, small white, mature seeds, cooked, boiled, with salt","Legumes and Legume Products",8.970,1.181,100.0,8.97
"Tofu, salted and fermented (fuyu)","Legumes and Legume Products",8.920,1.106,100.0,8.92
"Beans, black, mature seeds, cooked, boiled, without salt","Legumes and Legume Products",8.860,1.175,100.0,8.86
"Beans, black, mature seeds, cooked, boiled, with salt","Legumes and Legume Products",8.860,1.175,100.0,8.86
"Chickpeas (garbanzo beans, bengal gram), mature seeds, cooked, boiled, with salt","Legumes and Legume Products",8.860,1.077,100.0,8.86
"Chickpeas (garbanzo beans, bengal gram), mature seeds, cooked, boiled, without salt","Legumes and Legume Products",8.860,1.077,100.0,8.86
"Beans, kidney, red, mature seeds, cooked, boiled, without salt","Legumes and Legume Products",8.670,1.174,100.0,8.67
"Beans, kidney, all types, mature seeds, cooked, boiled, with salt","Legumes and Legume Products",8.670,1.174,100.0,8.67
"Beans, kidney, red, mature seeds, cooked, boiled, with salt","Legumes and Legume Products",8.670,1.174,100.0,8.67
"Beans, kidney, all types, mature seeds, cooked, boiled, without salt","Legumes and Legume Products",8.670,1.017,100.0,8.67
"Peas, split, mature seeds, cooked, boiled, without salt","Legumes and Legume Products",8.340,1.155,100.0,8.34
"Peas, split, mature seeds, cooked, boiled, with salt","Legumes and Legume Products",8.340,1.155,100.0,8.34
"Beans, great northern, mature seeds, cooked, boiled, without salt","Legumes and Legume Products",8.330,1.179,100.0,8.33
"Beans, great northern, mature seeds, cooked, boiled, with salt","Legumes and Legume Products",8.330,1.179,100.0,8.33
"Yardlong beans, mature seeds, cooked, boiled, with salt","Legumes and Legume Products",8.290,1.146,100.0,8.29
"Yardlong beans, mature seeds, cooked, boiled, without salt","Legumes and Legume Products",8.290,1.146,100.0,8.29
"Beans, navy, mature seeds, cooked, boiled, without salt","Legumes and Legume Products",8.230,1.033,100.0,8.23
"Beans, navy, mature seeds, cooked, boiled, with salt","Legumes and Legume Products",8.230,1.033,100.0,8.23
"Beans, black turtle, mature seeds, cooked, boiled, without salt","Legumes and Legume Products",8.180,1.178,100.0,8.18
"Beans, black turtle, mature seeds, cooked, boiled, with salt","Legumes and Legume Products",8.180,1.178,100.0,8.18
"Tofu, salted and fermented (fuyu), prepared with calcium sulfate","Legumes and Legume Products",8.150,0.770,77.0,6.27
"Soy sauce made from soy and wheat (shoyu)","Legumes and Legume Products",8.140,1.040,100.0,8.14
"Hyacinth beans, mature seeds, cooked, boiled, with salt","Legumes and Legume Products",8.140,0.893,89.3,7.27
"Hyacinth beans, mature seeds, cooked, boiled, without salt","Legumes and Legume Products",8.140,0.893,89.3,7.27
"Cowpeas, catjang, mature seeds, cooked, boiled, with salt","Legumes and Legume Products",8.130,1.152,100.0,8.13
"Cowpeas, catjang, mature seeds, cooked, boiled, without salt","Legumes and Legume Products",8.130,1.152,100.0,8.13
"Beans, kidney, red, mature seeds, canned, drained solids, rinsed in tap water","Legumes and Legume Products",8.120,1.019,100.0,8.12
"Tofu, raw, regular, prepared with calcium sulfate","Legumes and Legume Products",8.080,0.771,77.1,6.23
"Lima beans, thin seeded (baby), mature seeds, cooked, boiled, with salt","Legumes and Legume Products",8.040,1.080,100.0,8.04
"Lima beans, thin seeded (baby), mature seeds, cooked, boiled, without salt","Legumes and Legume Products",8.040,1.080,100.0,8.04
"Beans, kidney, red, mature seeds, canned, drained solids","Legumes and Legume Products",7.980,1.020,100.0,7.98
"Mothbeans, mature seeds, cooked, boiled, without salt","Legumes and Legume Products",7.810,NULL,NULL,NULL
"Mothbeans, mature seeds, cooked, boiled, with salt","Legumes and Legume Products",7.810,NULL,NULL,NULL
"Lima beans, large, mature seeds, cooked, boiled, without salt","Legumes and Legume Products",7.800,1.078,100.0,7.80
"Lima beans, large, mature seeds, cooked, boiled, with salt","Legumes and Legume Products",7.800,1.078,100.0,7.80
"Cowpeas, common (blackeyes, crowder, southern), mature seeds, cooked, boiled, without salt","Legumes and Legume Products",7.730,1.147,100.0,7.73
"Cowpeas, common (blackeyes, crowder, southern), mature seeds, cooked, boiled, with salt","Legumes and Legume Products",7.730,1.147,100.0,7.73
"Broadbeans (fava beans), mature seeds, cooked, boiled, without salt","Legumes and Legume Products",7.600,0.951,95.1,7.23
"Broadbeans (fava beans), mature seeds, cooked, boiled, with salt","Legumes and Legume Products",7.600,0.951,95.1,7.23
"Mungo beans, mature seeds, cooked, boiled, without salt","Legumes and Legume Products",7.540,1.085,100.0,7.54
"Mungo beans, mature seeds, cooked, boiled, with salt","Legumes and Legume Products",7.540,1.085,100.0,7.54
"Beans, navy, mature seeds, canned","Legumes and Legume Products",7.530,1.020,100.0,7.53
"Beans, adzuki, mature seed, cooked, boiled, with salt","Legumes and Legume Products",7.520,0.901,90.1,6.77
"Beans, adzuki, mature seeds, cooked, boiled, without salt","Legumes and Legume Products",7.520,0.901,90.1,6.77
"MORI-NU, Tofu, silken, extra firm","Legumes and Legume Products",7.400,1.357,100.0,7.40
"Beans, great northern, mature seeds, canned","Legumes and Legume Products",7.370,1.018,100.0,7.37
"Beans, great northern, mature seeds, canned, low sodium","Legumes and Legume Products",7.370,1.018,100.0,7.37
"Beans, white, mature seeds, canned","Legumes and Legume Products",7.260,1.177,100.0,7.26
"Tofu, soft, prepared with calcium sulfate and magnesium chloride (nigari)","Legumes and Legume Products",7.170,1.109,100.0,7.17
"Beans, french, mature seeds, cooked, boiled, with salt","Legumes and Legume Products",7.050,1.180,100.0,7.05
"Chickpeas (garbanzo beans, bengal gram), mature seeds, canned, drained solids","Legumes and Legume Products",7.050,1.084,100.0,7.05
"Beans, french, mature seeds, cooked, boiled, without salt","Legumes and Legume Products",7.050,1.180,100.0,7.05
"Chickpeas (garbanzo beans, bengal gram), mature seeds, canned, drained, rinsed in tap water","Legumes and Legume Products",7.040,1.085,100.0,7.04
"Beans, pinto, mature seeds, canned, drained solids, rinsed in tap water","Legumes and Legume Products",7.040,0.956,95.6,6.73
"Mung beans, mature seeds, cooked, boiled, without salt","Legumes and Legume Products",7.020,0.945,94.5,6.64
"Mung beans, mature seeds, cooked, boiled, with salt","Legumes and Legume Products",7.020,0.945,94.5,6.64
"MORI-NU, Tofu, silken, lite extra firm","Legumes and Legume Products",7.000,1.175,100.0,7.00
"Beans, pinto, canned, drained solids","Legumes and Legume Products",6.990,0.949,94.9,6.64
"MORI-NU, Tofu, silken, firm","Legumes and Legume Products",6.900,1.357,100.0,6.90
"Pigeon peas (red gram), mature seeds, cooked, boiled, with salt","Legumes and Legume Products",6.760,1.036,100.0,6.76
"Pigeon peas (red gram), mature seeds, cooked, boiled, without salt","Legumes and Legume Products",6.760,1.036,100.0,6.76
"Beans, baked, canned, with franks","Legumes and Legume Products",6.750,1.205,100.0,6.75
"Beans, baked, canned, with beef","Legumes and Legume Products",6.380,1.225,100.0,6.38
"MORI-NU, Tofu, silken, lite firm","Legumes and Legume Products",6.300,1.126,100.0,6.30
"Chili with beans, canned","Legumes and Legume Products",6.120,1.159,100.0,6.12
"Beans, black turtle, mature seeds, canned","Legumes and Legume Products",6.030,1.018,100.0,6.03
"Beans, black, mature seeds, canned, low sodium","Legumes and Legume Products",6.030,1.018,100.0,6.03
"Beans, cranberry (roman), mature seeds, canned","Legumes and Legume Products",5.540,1.173,100.0,5.54
"Beans, baked, home prepared","Legumes and Legume Products",5.540,1.214,100.0,5.54
"Broadbeans (fava beans), mature seeds, canned","Legumes and Legume Products",5.470,0.956,95.6,5.23
"Beans, kidney, red, mature seeds, canned, solids and liquid, low sodium","Legumes and Legume Products",5.220,1.045,100.0,5.22
"Beans, kidney, all types, mature seeds, canned","Legumes and Legume Products",5.220,1.019,100.0,5.22
"Beans, kidney, red, mature seeds, canned, solids and liquids","Legumes and Legume Products",5.220,1.045,100.0,5.22
"Beans, baked, canned, with pork","Legumes and Legume Products",5.190,1.200,100.0,5.19
"Beans, baked, canned, with pork and tomato sauce","Legumes and Legume Products",5.150,0.724,72.4,3.73
"Frijoles rojos volteados (Refried beans, red, canned)","Legumes and Legume Products",5.000,1.204,100.0,5.00
"Refried beans, canned, traditional, reduced sodium","Legumes and Legume Products",4.980,1.022,100.0,4.98
"Refried beans, canned, traditional style","Legumes and Legume Products",4.980,1.305,100.0,4.98
"Lima beans, large, mature seeds, canned","Legumes and Legume Products",4.930,1.070,100.0,4.93
"Chickpeas (garbanzo beans, bengal gram), mature seeds, canned, solids and liquids, low sodium","Legumes and Legume Products",4.920,1.084,100.0,4.92
"Chickpeas (garbanzo beans, bengal gram), mature seeds, canned, solids and liquids","Legumes and Legume Products",4.920,1.084,100.0,4.92
"Hummus, home prepared","Legumes and Legume Products",4.860,1.134,100.0,4.86
"MORI-NU, Tofu, silken, soft","Legumes and Legume Products",4.800,0.985,98.5,4.73
"Beans, baked, canned, plain or vegetarian","Legumes and Legume Products",4.750,0.804,80.4,3.82
"Cowpeas, common (blackeyes, crowder, southern), mature seeds, canned, plain","Legumes and Legume Products",4.740,1.141,100.0,4.74
"Carob flour","Legumes and Legume Products",4.620,0.943,94.3,4.36
"Beans, pinto, mature seeds, canned, solids and liquids, low sodium","Legumes and Legume Products",4.600,0.949,94.9,4.36
"Beans, pinto, mature seeds, canned, solids and liquids","Legumes and Legume Products",4.600,0.949,94.9,4.36
"Beans, baked, canned, with pork and sweet sauce","Legumes and Legume Products",4.520,0.865,86.5,3.91
"Beans, adzuki, mature seeds, canned, sweetened","Legumes and Legume Products",3.800,0.897,89.7,3.41
Okara,"Legumes and Legume Products",3.520,1.098,100.0,3.52
"Yokan, prepared from adzuki beans and sugar","Legumes and Legume Products",3.290,0.912,91.2,3.00
"Soymilk, original and vanilla, unfortified","Legumes and Legume Products",3.270,0.375,37.5,1.23
"Cowpeas, common (blackeyes, crowder, southern), mature seeds, canned with pork","Legumes and Legume Products",2.740,1.145,100.0,2.74
"Soymilk, original and vanilla, with added calcium, vitamins A and D","Legumes and Legume Products",2.600,0.280,28.0,0.73
"Soymilk, chocolate, with added calcium, vitamins A and D","Legumes and Legume Products",2.260,0.382,38.2,0.86
"Soymilk, chocolate, unfortified","Legumes and Legume Products",2.260,0.543,54.3,1.23
"Noodles, chinese, cellophane or long rice (mung beans), dehydrated","Legumes and Legume Products",0.160,0.852,85.2,0.14
"Pork, cured, bacon, cooked, microwaved","Pork Products",39.010,1.297,100.0,39.01
"Pork, cured, bacon, cooked, broiled, pan-fried or roasted, reduced sodium","Pork Products",37.040,1.320,100.0,37.04
"Pork, cured, bacon, cooked, baked","Pork Products",35.730,1.320,100.0,35.73
"Pork, cured, bacon, pre-sliced, cooked, pan-fried","Pork Products",33.920,1.307,100.0,33.92
"Pork, ground, 96% lean / 4% fat, cooked, pan-broiled","Pork Products",31.690,1.290,100.0,31.69
"Pork, Leg sirloin tip roast, boneless, separable lean and fat, cooked, braised","Pork Products",31.110,1.296,100.0,31.11
"Pork, fresh, loin, sirloin (chops), bone-in, separable lean only, cooked, braised","Pork Products",31.000,1.297,100.0,31.00
"Pork, ground, 96% lean / 4% fat, cooked, crumbles","Pork Products",30.550,1.290,100.0,30.55
"Pork, fresh, loin, top loin (chops), boneless, separable lean only, cooked, braised","Pork Products",30.540,1.297,100.0,30.54
"Pork, fresh, loin, top loin (chops), boneless, separable lean only, cooked, pan-fried","Pork Products",30.460,1.297,100.0,30.46
"Pork, fresh, loin, tenderloin, separable lean only, cooked, broiled","Pork Products",30.420,1.360,100.0,30.42
"Pork, fresh, loin, sirloin (roasts), boneless, separable lean only, cooked, roasted","Pork Products",30.390,1.297,100.0,30.39
"Pork, fresh, loin, center loin (chops), bone-in, separable lean only, cooked, braised","Pork Products",30.200,1.297,100.0,30.20
"Pork, fresh, loin, center loin (chops), boneless, separable lean only, cooked, pan-broiled","Pork Products",30.020,1.340,100.0,30.02
"Pork, fresh, loin, tenderloin, separable lean and fat, cooked, broiled","Pork Products",29.860,1.356,100.0,29.86
"Pork, fresh, loin, top loin (chops), boneless, separable lean only, with added solution, cooked, broiled","Pork Products",29.650,1.121,100.0,29.65
"Pork, fresh, loin, sirloin (roasts), boneless, separable lean and fat, cooked, roasted","Pork Products",29.620,1.297,100.0,29.62
"Pork, fresh, loin, center loin (chops), bone-in, separable lean only, cooked, pan-fried","Pork Products",29.560,1.297,100.0,29.56
"Pork, fresh, composite of trimmed retail cuts (loin and shoulder blade), separable lean only, cooked","Pork Products",29.470,1.360,100.0,29.47
"Pork, fresh, loin, center rib (chops), boneless, separable lean only, cooked, broiled","Pork Products",29.460,1.360,100.0,29.46
"Pork, fresh, leg (ham), whole, separable lean only, cooked, roasted","Pork Products",29.410,1.360,100.0,29.41
"Pork, fresh, loin, top loin (chops), boneless, separable lean and fat, cooked, pan-fried","Pork Products",29.360,1.297,100.0,29.36
"Pork, fresh, loin, sirloin (chops), bone-in, separable lean only, cooked, broiled","Pork Products",29.290,1.297,100.0,29.29
"Pork, fresh, loin, country-style ribs, separable lean only, bone-in, cooked, roasted","Pork Products",29.200,1.297,100.0,29.20
"Pork, fresh, loin, country-style ribs, separable lean only, boneless, cooked, roasted","Pork Products",29.200,1.297,100.0,29.20
"Pork, fresh, loin, top loin (chops), boneless, separable lean and fat, cooked, braised","Pork Products",29.200,1.297,100.0,29.20
"Pork, fresh, spareribs, separable lean and fat, cooked, braised","Pork Products",29.060,1.360,100.0,29.06
"Pork, fresh, loin, center rib (chops), bone-in, separable lean only, cooked, braised","Pork Products",29.030,1.298,100.0,29.03
"Pork, fresh, loin, top loin (chops), boneless, separable lean only, with added solution, cooked, pan-broiled","Pork Products",28.950,1.282,100.0,28.95
"Pork, fresh, leg (ham), rump half, separable lean only, cooked, roasted","Pork Products",28.860,1.297,100.0,28.86
"Pork, fresh, loin, center rib (chops), bone-in, separable lean only, cooked, pan-fried","Pork Products",28.840,1.297,100.0,28.84
"Pork, fresh, loin, center rib (roasts), bone-in, separable lean only, cooked, roasted","Pork Products",28.820,1.297,100.0,28.82
"Pork, fresh, loin, sirloin (chops), bone-in, separable lean and fat, cooked, braised","Pork Products",28.810,1.297,100.0,28.81
"Pork, fresh, loin, center rib (roasts), boneless, separable lean only, cooked, roasted","Pork Products",28.810,1.360,100.0,28.81
"Pork, fresh, loin, sirloin (chops), boneless, separable lean only, cooked, braised","Pork Products",28.750,1.297,100.0,28.75
"Pork, fresh, leg (ham), shank half, separable lean only, cooked, roasted","Pork Products",28.690,1.297,100.0,28.69
"Pork, fresh, loin, whole, separable lean only, cooked, roasted","Pork Products",28.620,1.360,100.0,28.62
"Pork, fresh, loin, sirloin (chops), boneless, separable lean only, cooked, broiled","Pork Products",28.600,1.297,100.0,28.60
"Pork, fresh, loin, center loin (roasts), bone-in, separable lean only, cooked, roasted","Pork Products",28.580,1.297,100.0,28.58
"Pork, fresh, loin, whole, separable lean only, cooked, braised","Pork Products",28.570,1.360,100.0,28.57
"Pork, fresh, loin, whole, separable lean only, cooked, broiled","Pork Products",28.570,1.360,100.0,28.57
"Pork, fresh, variety meats and by-products, pancreas, cooked, braised","Pork Products",28.500,1.267,100.0,28.50
"Pork, Shoulder breast, boneless, separable lean and fat, cooked, broiled","Pork Products",28.470,1.297,100.0,28.47
"Pork, fresh, loin, sirloin (chops), boneless, separable lean and fat, cooked, braised","Pork Products",28.410,1.297,100.0,28.41
"Pork, fresh, loin, top loin (chops), boneless, separable lean and fat, with added solution, cooked, pan-broiled","Pork Products",28.350,1.281,100.0,28.35
"Pork, fresh, loin, top loin (chops), boneless, separable lean and fat, with added solution, cooked, broiled","Pork Products",28.330,1.126,100.0,28.33
"Canadian bacon, cooked, pan-fried","Pork Products",28.310,1.277,100.0,28.31
"Pork, fresh, loin, center loin (chops), bone-in, separable lean and fat, cooked, braised","Pork Products",28.210,1.297,100.0,28.21
"Pork, fresh, variety meats and by-products, spleen, cooked, braised","Pork Products",28.200,1.386,100.0,28.20
"Pork, fresh, loin, sirloin (chops), boneless, separable lean and fat, cooked, broiled","Pork Products",28.190,1.297,100.0,28.19
"Pork, fresh, loin, blade (chops), bone-in, separable lean only, cooked, braised","Pork Products",28.020,1.297,100.0,28.02
"Pork, fresh, loin, center rib (chops), boneless, separable lean only, cooked, braised","Pork Products",27.950,1.360,100.0,27.95
"Pork, fresh, loin, country-style ribs, separable lean only, bone-in, cooked, broiled","Pork Products",27.830,1.297,100.0,27.83
"Pork, fresh, loin, country-style ribs, separable lean only, boneless, cooked, broiled","Pork Products",27.830,1.297,100.0,27.83
"Pork, cured, ham, center slice, country-style, separable lean only, raw","Pork Products",27.800,1.111,100.0,27.80
"Pork, fresh, loin, sirloin (roasts), bone-in, separable lean only, cooked, roasted","Pork Products",27.780,1.340,100.0,27.78
"Pork, cured, ham with natural juices, slice, bone-in, separable lean only, heated, pan-broil","Pork Products",27.750,1.297,100.0,27.75
"Pork, fresh, loin, country-style ribs, separable lean only, cooked, braised","Pork Products",27.740,1.340,100.0,27.74
"Pork, fresh, loin, center rib (chops), boneless, separable lean only, cooked, pan-fried","Pork Products",27.680,1.360,100.0,27.68
"Pork, fresh, loin, center loin (chops), bone-in, separable lean and fat, cooked, pan-fried","Pork Products",27.630,1.297,100.0,27.63
"Pork, fresh, loin, center rib (chops), boneless, separable lean and fat, cooked, broiled","Pork Products",27.630,1.347,100.0,27.63
"Pork, fresh, loin, top loin (chops), boneless, separable lean only, cooked, broiled","Pork Products",27.580,1.340,100.0,27.58
"Pork, fresh, shoulder, (Boston butt), blade (steaks), separable lean only, with added solution cooked, braised","Pork Products",27.580,1.340,100.0,27.58
"Pork, fresh, loin, blade (roasts), boneless, separable lean only, cooked, roasted","Pork Products",27.580,1.297,100.0,27.58
"Pork, loin, leg cap steak, boneless, separable lean and fat, cooked, broiled","Pork Products",27.570,1.297,100.0,27.57
"Pork, fresh, composite of trimmed retail cuts (leg, loin, and shoulder), separable lean only, cooked","Pork Products",27.510,1.365,100.0,27.51
"Pork, shoulder, petite tender, boneless, separable lean and fat, cooked, broiled","Pork Products",27.470,1.297,100.0,27.47
"Pork, fresh, loin, whole, separable lean and fat, cooked, broiled","Pork Products",27.320,1.351,100.0,27.32
"Pork, fresh, loin, top loin (roasts), boneless, separable lean only, cooked, roasted","Pork Products",27.230,1.340,100.0,27.23
"Pork, fresh, loin, whole, separable lean and fat, cooked, braised","Pork Products",27.230,1.349,100.0,27.23
"Pork, cured, ham, slice, bone-in, separable lean only, heated, pan-broil","Pork Products",27.180,1.297,100.0,27.18
"Pork, ground, 84% lean / 16% fat, cooked, pan-broiled","Pork Products",27.140,1.291,100.0,27.14
"Pork, fresh, loin, whole, separable lean and fat, cooked, roasted","Pork Products",27.090,1.356,100.0,27.09
"Pork, fresh, leg (ham), rump half, separable lean and fat, cooked, roasted","Pork Products",27.030,1.297,100.0,27.03
"Pork, fresh, loin, center loin (roasts), bone-in, separable lean and fat, cooked, roasted","Pork Products",27.010,1.297,100.0,27.01
"Pork, fresh, loin, center rib (roasts), boneless, separable lean and fat, cooked, roasted","Pork Products",26.990,1.360,100.0,26.99
"Pork, fresh, loin, center rib (roasts), bone-in, separable lean and fat, cooked, roasted","Pork Products",26.990,1.297,100.0,26.99
"Pork, fresh, loin, sirloin (chops), bone-in, separable lean and fat, cooked, broiled","Pork Products",26.960,1.296,100.0,26.96
"Pork, fresh, leg (ham), whole, separable lean and fat, cooked, roasted","Pork Products",26.830,1.341,100.0,26.83
"Pork, fresh, loin, center rib (chops), bone-in, separable lean and fat, cooked, pan-fried","Pork Products",26.810,1.297,100.0,26.81
"Pork, fresh, loin, center loin (chops), bone-in, separable lean only, cooked, broiled","Pork Products",26.760,1.340,100.0,26.76
"Pork, fresh, shoulder, arm picnic, separable lean only, cooked, braised","Pork Products",26.760,1.297,100.0,26.76
"Pork, fresh, shoulder, blade, boston (steaks), separable lean only, cooked, broiled","Pork Products",26.740,1.360,100.0,26.74
"Pork, ground, 84% lean / 16% fat, cooked, crumbles","Pork Products",26.690,1.290,100.0,26.69
"Pork, fresh, shoulder, arm picnic, separable lean only, cooked, roasted","Pork Products",26.680,1.360,100.0,26.68
"Pork, fresh, loin, center loin (chops), boneless, separable lean and fat, cooked, pan-broiled","Pork Products",26.680,1.338,100.0,26.68
"Pork, fresh, loin, center rib (chops), bone-in, separable lean and fat, cooked, braised","Pork Products",26.660,1.297,100.0,26.66
"Pork, fresh, loin, sirloin (roasts), bone-in, separable lean and fat, cooked, roasted","Pork Products",26.640,1.340,100.0,26.64
"Pork, fresh, loin, top loin (chops), boneless, separable lean and fat, cooked, broiled","Pork Products",26.620,1.340,100.0,26.62
"Pork, fresh, shoulder, (Boston butt), blade (steaks), separable lean only, cooked, braised","Pork Products",26.570,1.340,100.0,26.57
"Pork, fresh, loin, blade (chops), bone-in, separable lean and fat, cooked, braised","Pork Products",26.540,1.298,100.0,26.54
"Pork, fresh, loin, country-style ribs, separable lean and fat, cooked, braised","Pork Products",26.490,1.340,100.0,26.49
"Pork, cured, ham, shank, bone-in, separable lean only, heated, roasted","Pork Products",26.490,1.297,100.0,26.49
"Pork, fresh, loin, blade (roasts), boneless, separable lean and fat, cooked, roasted","Pork Products",26.480,1.297,100.0,26.48
"Pork, fresh, loin, top loin (roasts), boneless, separable lean and fat, cooked, roasted","Pork Products",26.450,1.340,100.0,26.45
"Pork, fresh, loin, country-style ribs, separable lean and fat, boneless, cooked, roasted","Pork Products",26.400,1.297,100.0,26.40
"Pork, fresh, loin, blade (chops), bone-in, separable lean only, cooked, pan-fried","Pork Products",26.380,1.264,100.0,26.38
"Pork, fresh, composite of trimmed retail cuts (leg, loin, shoulder, and spareribs), separable lean and fat, cooked","Pork Products",26.360,1.354,100.0,26.36
"Pork, fresh, loin, center rib (chops), boneless, separable lean and fat, cooked, braised","Pork Products",26.290,1.347,100.0,26.29
"Pork, fresh, loin, country-style ribs, separable lean and fat, boneless, cooked, broiled","Pork Products",26.280,1.297,100.0,26.28
"Pork, cured, ham with natural juices, slice, bone-in, separable lean and fat, heated, pan-broil","Pork Products",26.180,1.295,100.0,26.18
"Pork, fresh, loin, tenderloin, separable lean only, cooked, roasted","Pork Products",26.170,1.339,100.0,26.17
"Pork, fresh, loin, blade (chops), boneless, separable lean only, boneless, cooked, broiled","Pork Products",26.140,1.297,100.0,26.14
"Pork, fresh, composite of trimmed retail cuts (loin and shoulder blade), separable lean and fat, cooked","Pork Products",26.070,1.362,100.0,26.07
"Pork, fresh, loin, tenderloin, separable lean and fat, cooked, roasted","Pork Products",26.040,1.340,100.0,26.04
"Pork, cured, ham, rump, bone-in, separable lean only, heated, roasted","Pork Products",26.020,1.297,100.0,26.02
"Pork, fresh, variety meats and by-products, liver, cooked, braised","Pork Products",26.020,1.511,100.0,26.02
"Pork, fresh, leg (ham), shank half, separable lean and fat, cooked, roasted","Pork Products",25.960,1.297,100.0,25.96
"Pork, fresh, shoulder, (Boston butt), blade (steaks), separable lean and fat, with added solution, cooked, braised","Pork Products",25.840,1.340,100.0,25.84
"Pork, fresh, loin, center rib (chops), boneless, separable lean and fat, cooked, pan-fried","Pork Products",25.820,1.344,100.0,25.82
"Pork, fresh, loin, center rib (chops), bone-in, separable lean only, cooked, broiled","Pork Products",25.790,1.340,100.0,25.79
"Pork, fresh, loin, blade (roasts), bone-in, separable lean only, cooked, roasted","Pork Products",25.700,1.297,100.0,25.70
"Pork, fresh, ground, cooked","Pork Products",25.690,1.360,100.0,25.69
"Pork, fresh, loin, center loin (chops), bone-in, separable lean and fat, cooked, broiled","Pork Products",25.610,1.340,100.0,25.61
"Pork, fresh, shoulder, blade, boston (steaks), separable lean and fat, cooked, broiled","Pork Products",25.580,1.360,100.0,25.58
"Pork, fresh, loin, country-style ribs, separable lean and fat, bone-in, cooked, broiled","Pork Products",25.580,1.297,100.0,25.58
"Pork, cured, ham, slice, bone-in, separable lean and fat, heated, pan-broil","Pork Products",25.480,1.295,100.0,25.48
"Pork, fresh, variety meats and by-products, kidneys, cooked, braised","Pork Products",25.400,1.477,100.0,25.40
"Pork, fresh, shoulder, whole, separable lean only, cooked, roasted","Pork Products",25.330,1.360,100.0,25.33
"Pork, cured, ham with natural juices, shank, bone-in, separable lean only, unheated","Pork Products",25.110,1.297,100.0,25.11
"Pork, fresh, shoulder, (Boston butt), blade (steaks), separable lean and fat, cooked, braised","Pork Products",25.070,1.340,100.0,25.07
"Pork, cured, ham, whole, separable lean only, roasted","Pork Products",25.050,1.112,100.0,25.05
"Pork, fresh, loin, blade (chops), bone-in, separable lean and fat, cooked, pan-fried","Pork Products",25.020,1.265,100.0,25.02
"Pork, fresh, loin, blade (chops), bone-in, separable lean only, cooked, broiled","Pork Products",24.990,1.297,100.0,24.99
"Pork, cured, ham with natural juices, shank, bone-in, separable lean only, heated, roasted","Pork Products",24.950,1.297,100.0,24.95
"Pork, cured, shoulder, arm picnic, separable lean only, roasted","Pork Products",24.940,1.112,100.0,24.94
"Pork, fresh, shoulder, arm picnic, separable lean and fat, cooked, braised","Pork Products",24.880,1.298,100.0,24.88
"Pork, fresh, blade, (chops), boneless, separable lean and fat, cooked, broiled","Pork Products",24.730,1.297,100.0,24.73
"Pork, cured, ham, rump, bone-in, separable lean only, unheated","Pork Products",24.460,1.297,100.0,24.46
"Pork, fresh, loin, center rib (chops), bone-in, separable lean and fat, cooked, broiled","Pork Products",24.420,1.340,100.0,24.42
"Pork, cured, ham, shank, bone-in, separable lean and fat, heated, roasted","Pork Products",24.390,1.294,100.0,24.39
"Pork, cured, ham, slice, bone-in, separable lean only, unheated","Pork Products",24.360,1.297,100.0,24.36
"Pork, cured, ham with natural juices, slice, bone-in, separable lean only, unheated","Pork Products",24.340,1.298,100.0,24.34
"Pork, fresh, loin, blade (roasts), bone-in, separable lean and fat, cooked, roasted","Pork Products",24.290,1.297,100.0,24.29
"Pork, fresh, shoulder, blade, boston (roasts), separable lean only, cooked, roasted","Pork Products",24.210,1.360,100.0,24.21
"Pork loin, fresh, backribs, bone-in, cooked-roasted, lean only","Pork Products",24.150,1.296,100.0,24.15
"Pork, cured, ham with natural juices, rump, bone-in, separable lean only, heated, roasted","Pork Products",24.140,1.297,100.0,24.14
"Pork, fresh, variety meats and by-products, tongue, cooked, braised","Pork Products",24.100,NULL,NULL,NULL
"Pork, cured, ham, rump, bone-in, separable lean and fat, heated, roasted","Pork Products",23.950,1.294,100.0,23.95
"Pork, cured, ham, shank, bone-in, separable lean only, unheated","Pork Products",23.790,1.298,100.0,23.79
"Pork, fresh, loin, center loin (chops), boneless, separable lean only, raw","Pork Products",23.750,1.297,100.0,23.75
"Pork, fresh, loin, blade (chops), bone-in, separable lean and fat, cooked, broiled","Pork Products",23.720,1.297,100.0,23.72
"Pork, fresh, variety meats and by-products, heart, cooked, braised","Pork Products",23.600,1.358,100.0,23.60
"Pork, fresh, shoulder, arm picnic, separable lean and fat, cooked, roasted","Pork Products",23.470,1.327,100.0,23.47
"Pork, fresh, shoulder, whole, separable lean and fat, cooked, roasted","Pork Products",23.280,1.337,100.0,23.28
"Pork, fresh, shoulder, blade, boston (roasts), separable lean and fat, cooked, roasted","Pork Products",23.110,1.347,100.0,23.11
"Pork, fresh, backribs, separable lean and fat, cooked, roasted","Pork Products",23.010,1.297,100.0,23.01
"Pork, cured, ham with natural juices, shank, bone-in, separable lean and fat, heated, roasted","Pork Products",22.880,1.293,100.0,22.88
"Pork, Leg sirloin tip roast, boneless, separable lean and fat, raw","Pork Products",22.880,1.297,100.0,22.88
"Pork, ground, 72% lean / 28% fat, cooked, crumbles","Pork Products",22.830,1.290,100.0,22.83
"Pork, cured, ham with natural juices, slice, bone-in, separable lean and fat, unheated","Pork Products",22.820,1.296,100.0,22.82
"Pork, fresh, loin, sirloin (chops or roasts), boneless, separable lean only, raw","Pork Products",22.810,1.297,100.0,22.81
"Pork, cured, ham with natural juices, rump, bone-in, separable lean only, unheated","Pork Products",22.710,1.297,100.0,22.71
"Pork, cured, ham, boneless, regular (approximately 11% fat), roasted","Pork Products",22.620,0.975,97.5,22.05
"Pork, ground, 72% lean / 28% fat, cooked, pan-broiled","Pork Products",22.590,1.291,100.0,22.59
"Pork, cured, ham with natural juices, spiral slice, meat only, boneless, separable lean only, heated, roasted","Pork Products",22.560,1.298,100.0,22.56
"Pork, Shoulder breast, boneless, separable lean and fat, raw","Pork Products",22.540,1.297,100.0,22.54
"Pork, fresh, loin, sirloin (chops or roasts), boneless, separable lean and fat, raw","Pork Products",22.490,1.297,100.0,22.49
"Pork, cured, ham with natural juices, rump, bone-in, separable lean and fat, heated, roasted","Pork Products",22.470,1.294,100.0,22.47
"Pork, cured, ham, slice, bone-in, separable lean and fat, unheated","Pork Products",22.450,1.294,100.0,22.45
"Pork, fresh, variety meats and by-products, ears, frozen, raw","Pork Products",22.450,0.319,31.9,7.17
"Pork, fresh, loin, top loin (chops), boneless, separable lean only, raw","Pork Products",22.410,1.340,100.0,22.41
"Pork, fresh, loin, top loin (roasts), boneless, separable lean only, raw","Pork Products",22.390,1.340,100.0,22.39
"Pork, cured, ham with natural juices, shank, bone-in, separable lean and fat, unheated","Pork Products",22.350,1.293,100.0,22.35
"Pork, cured, ham, whole, separable lean only, unheated","Pork Products",22.320,1.111,100.0,22.32
"Pork, cured, ham, rump, bone-in, separable lean and fat, unheated","Pork Products",22.270,1.294,100.0,22.27
"Pork, cured, ham with natural juices, spiral slice, boneless, separable lean and fat, heated, roasted","Pork Products",22.180,1.297,100.0,22.18
"Pork, cured, ham -- water added, slice, bone-in, separable lean only, heated, pan-broil","Pork Products",22.040,1.297,100.0,22.04
"Pork, fresh, loin, center loin (chops), bone-in, separable lean only, raw","Pork Products",21.990,1.340,100.0,21.99
"Pork, cured, ham, boneless, extra lean and regular, roasted","Pork Products",21.970,1.025,100.0,21.97
"Pork, fresh, leg (ham), rump half, separable lean only, raw (Includes foods for USDA's Food Distribution Program)","Pork Products",21.810,1.297,100.0,21.81
"Pork, fresh, loin, center rib (chops or roasts), boneless, separable lean only, raw","Pork Products",21.800,1.360,100.0,21.80
"Pork, fresh, loin, center rib (chops or roasts), bone-in, separable lean only, raw","Pork Products",21.790,1.340,100.0,21.79
"Pork, fresh, loin, country-style ribs, separable lean and fat, bone-in, cooked, roasted","Pork Products",21.750,1.361,100.0,21.75
"Pork, cured, ham and water product, shank, bone-in, separable lean only, heated, roasted","Pork Products",21.690,1.297,100.0,21.69
"Pork, fresh, leg (ham), shank half, separable lean only, raw","Pork Products",21.660,1.296,100.0,21.66
"Pork, fresh, loin, sirloin (chops or roasts), bone-in, separable lean only, raw","Pork Products",21.650,1.339,100.0,21.65
"Pork, Shoulder petite tender, boneless, separable lean and fat, raw","Pork Products",21.650,1.297,100.0,21.65
"Pork, Leg Cap Steak, boneless, separable lean and fat, raw","Pork Products",21.640,1.296,100.0,21.64
"Pork, cured, ham, shank, bone-in, separable lean and fat, unheated","Pork Products",21.610,1.293,100.0,21.61
"Pork, fresh, loin, tenderloin, separable lean only, with added solution, cooked, roasted","Pork Products",21.610,1.340,100.0,21.61
"Pork, fresh, loin, top loin (chops), boneless, separable lean and fat, raw","Pork Products",21.550,1.340,100.0,21.55
"Pork, fresh, loin, tenderloin, separable lean and fat, with added solution, cooked, roasted","Pork Products",21.500,1.339,100.0,21.50
"Pork, fresh, loin, whole, separable lean only, raw","Pork Products",21.430,1.360,100.0,21.43
"Pork, cured, ham -- water added, rump, bone-in, separable lean only, heated, roasted","Pork Products",21.410,1.297,100.0,21.41
"Pork, fresh, variety meats and by-products, liver, raw","Pork Products",21.390,1.510,100.0,21.39
"Pork, fresh, loin, blade (chops or roasts), boneless, separable lean only, raw","Pork Products",21.350,1.297,100.0,21.35
"Pork, fresh, loin, top loin (roasts), boneless, separable lean and fat, raw","Pork Products",21.340,1.340,100.0,21.34
"Pork, cured, ham and water product, rump, bone-in, separable lean only, heated, roasted","Pork Products",21.280,1.297,100.0,21.28
"Pork, fresh, composite of trimmed retail cuts (loin and shoulder blade), separable lean only, raw","Pork Products",21.230,1.360,100.0,21.23
"Pork, fresh, loin, blade (chops or roasts), bone-in, separable lean only, raw","Pork Products",21.220,1.297,100.0,21.22
"Pork, fresh, composite of trimmed retail cuts (leg, loin, shoulder), separable lean only, raw","Pork Products",21.200,1.356,100.0,21.20
"Pork, cured, ham, extra lean (approximately 4% fat), canned, roasted","Pork Products",21.160,1.149,100.0,21.16
"Pork, fresh, loin, center loin (chops), boneless, separable lean and fat, raw","Pork Products",21.140,1.297,100.0,21.14
"Pork, ground, 96% lean / 4% fat, raw","Pork Products",21.100,1.289,100.0,21.10
"Pork, fresh, loin, top loin (chops), boneless, separable lean only, with added solution, raw","Pork Products",21.090,1.384,100.0,21.09
"Pork, cured, ham with natural juices, slice, boneless, separable lean only, heated, pan-broil","Pork Products",20.950,1.297,100.0,20.95
"Pork, fresh, loin, tenderloin, separable lean only, raw","Pork Products",20.950,1.340,100.0,20.95
"Pork, cured, ham, extra lean and regular, canned, roasted","Pork Products",20.940,1.149,100.0,20.94
"Pork, cured, ham, boneless, extra lean (approximately 5% fat), roasted","Pork Products",20.930,1.112,100.0,20.93
"Pork, cured, ham -- water added, shank, bone-in, separable lean only, heated, roasted","Pork Products",20.920,1.298,100.0,20.92
"Pork, cured, ham and water product, slice, bone-in, separable lean only, heated, pan-broil","Pork Products",20.900,1.297,100.0,20.90
"Pork, fresh, spareribs, separable lean and fat, cooked, roasted","Pork Products",20.890,1.340,100.0,20.89
"Pork, cured, ham with natural juices, slice, boneless, separable lean and fat, heated, pan-broil","Pork Products",20.890,1.297,100.0,20.89
"Pork loin, fresh, backribs, bone-in, raw, lean only","Pork Products",20.850,1.297,100.0,20.85
"Pork, cured, ham -- water added, slice, bone-in, separable lean and fat, heated, pan-broil","Pork Products",20.800,1.294,100.0,20.80
"Pork, fresh, loin, country-style ribs, separable lean only, raw","Pork Products",20.760,1.340,100.0,20.76
"Pork, fresh, loin, center loin (chops), bone-in, separable lean and fat, raw","Pork Products",20.710,1.340,100.0,20.71
"Pork, fresh, loin, tenderloin, separable lean and fat, raw","Pork Products",20.650,1.340,100.0,20.65
"Pork, cured, ham with natural juices, whole, boneless, separable lean only, heated, roasted","Pork Products",20.570,1.298,100.0,20.57
"Pork, fresh, loin, blade (chops or roasts), boneless, separable lean and fat only, raw","Pork Products",20.540,1.297,100.0,20.54
"Pork, cured, ham with natural juices, whole, boneless, separable lean and fat, heated, roasted","Pork Products",20.540,1.297,100.0,20.54
"Pork, cured, ham, regular (approximately 13% fat), canned, roasted","Pork Products",20.530,1.149,100.0,20.53
"Pork, fresh, leg (ham), whole, separable lean only, raw","Pork Products",20.480,1.360,100.0,20.48
"Pork, fresh, loin, sirloin (chops or roasts), bone-in, separable lean and fat, raw","Pork Products",20.480,1.340,100.0,20.48
"Pork, cured, shoulder, arm picnic, separable lean and fat, roasted","Pork Products",20.430,1.122,100.0,20.43
"Pork, fresh, enhanced, loin, tenderloin, separable lean only, raw","Pork Products",20.390,1.339,100.0,20.39
"Canadian bacon, unprepared","Pork Products",20.310,1.293,100.0,20.31
"Pork, fresh, loin, center rib (chops or roasts), bone-in, separable lean and fat, raw","Pork Products",20.280,1.340,100.0,20.28
"Pork, fresh, leg (ham), rump half, separable lean and fat, raw","Pork Products",20.270,1.297,100.0,20.27
"Pork, fresh, shoulder, arm picnic, separable lean only, raw","Pork Products",20.260,1.297,100.0,20.26
"Pork, cured, ham, center slice, separable lean and fat, unheated","Pork Products",20.170,1.112,100.0,20.17
"Pork, fresh, loin, tenderloin, separable lean and fat, with added solution, raw","Pork Products",20.160,1.339,100.0,20.16
"Pork, cured, ham -- water added, rump, bone-in, separable lean and fat, heated, roasted","Pork Products",20.100,1.294,100.0,20.10
"Pork, fresh, composite of trimmed retail cuts (loin and shoulder blade), separable lean and fat, raw","Pork Products",20.080,1.350,100.0,20.08
"Pork, fresh, loin, center rib (chops or roasts), boneless, separable lean and fat, raw","Pork Products",19.900,1.349,100.0,19.90
"Pork, fresh, leg (ham), shank half, separable lean and fat, raw","Pork Products",19.870,1.297,100.0,19.87
"Pork, cured, ham and water product, slice, bone-in, separable lean and fat, heated, pan-broil","Pork Products",19.850,1.294,100.0,19.85
"Pork, fresh, loin, whole, separable lean and fat, raw","Pork Products",19.740,1.350,100.0,19.74
"Pork, cured, ham with natural juices, rump, bone-in, separable lean and fat, unheated","Pork Products",19.700,1.291,100.0,19.70
"Pork, cured, ham, steak, boneless, extra lean, unheated","Pork Products",19.560,1.112,100.0,19.56
"Pork, fresh, loin, blade (chops or roasts), bone-in, separable lean and fat, raw","Pork Products",19.560,1.268,100.0,19.56
"Pork, fresh, shoulder, whole, separable lean only, raw","Pork Products",19.550,1.359,100.0,19.55
"Pork, cured, ham and water product, rump, bone-in, separable lean and fat, heated, roasted","Pork Products",19.460,1.293,100.0,19.46
"Pork, fresh, loin, top loin (chops), boneless, separable lean and fat, with added solution, raw","Pork Products",19.450,1.380,100.0,19.45
"Pork, cured, ham with natural juices, whole, boneless, separable lean only, unheated","Pork Products",19.440,1.297,100.0,19.44
"Pork, cured, ham with natural juices, whole, boneless, separable lean and fat, unheated","Pork Products",19.380,1.298,100.0,19.38
"Pork, fresh, loin, country-style ribs, separable lean and fat, raw","Pork Products",19.340,1.340,100.0,19.34
"Pork, cured, ham with natural juices, spiral slice, boneless, separable lean only, unheated","Pork Products",19.250,1.297,100.0,19.25
"Pork, pickled pork hocks","Pork Products",19.110,0.331,33.1,6.33
"Pork, fresh, backribs, separable lean and fat, raw","Pork Products",19.070,1.264,100.0,19.07
"Pork, fresh, composite of trimmed retail cuts (leg, loin, shoulder, and spareribs), separable lean and fat, raw","Pork Products",18.950,1.350,100.0,18.95
"Pork, cured, ham -- water added, slice, boneless, separable lean only, heated, pan-broil","Pork Products",18.820,1.297,100.0,18.82
"Pork, fresh, shoulder, (Boston butt), blade (steaks), separable lean only, raw","Pork Products",18.730,1.340,100.0,18.73
"Pork, fresh, shoulder, arm picnic, separable lean and fat, raw","Pork Products",18.710,1.296,100.0,18.71
"Pork, cured, ham with natural juices, spiral slice, boneless, separable lean and fat, unheated","Pork Products",18.660,1.296,100.0,18.66
"Pork, cured, ham -- water added, shank, bone-in, separable lean only, unheated","Pork Products",18.650,1.298,100.0,18.65
"Pork, cured, ham -- water added, slice, boneless, separable lean and fat, heated, pan-broil","Pork Products",18.620,1.296,100.0,18.62
"Pork, cured, ham -- water added, shank, bone-in, separable lean and fat, heated, roasted","Pork Products",18.620,1.290,100.0,18.62
"Pork, fresh, variety meats and by-products, pancreas, raw","Pork Products",18.560,1.267,100.0,18.56
"Pork, cured, ham, extra lean (approximately 4% fat), canned, unheated","Pork Products",18.490,1.150,100.0,18.49
"Pork, cured, ham, whole, separable lean and fat, unheated","Pork Products",18.490,1.119,100.0,18.49
"Pork, fresh, shoulder, (Boston butt), blade (steaks), separable lean only, with added solution, raw","Pork Products",18.290,1.340,100.0,18.29
"Pork, cured, ham, boneless, extra lean and regular, unheated","Pork Products",18.260,1.111,100.0,18.26
"Pork, fresh, composite of trimmed leg, loin, shoulder, and spareribs, (includes cuts to be cured), separable lean and fat, raw","Pork Products",18.220,1.355,100.0,18.22
"Pork, cured, ham and water product, shank, bone-in, separable lean and fat, heated, roasted","Pork Products",18.170,1.287,100.0,18.17
"Pork, cured, ham -- water added, whole, boneless, separable lean only, heated, roasted","Pork Products",17.990,1.297,100.0,17.99
"Pork, ground, 84% lean / 16% fat, raw","Pork Products",17.990,1.290,100.0,17.99
"Pork, cured, ham, extra lean and regular, canned, unheated","Pork Products",17.970,1.149,100.0,17.97
"Pork, cured, ham and water product, rump, bone-in, separable lean only, unheated","Pork Products",17.930,1.297,100.0,17.93
"Pork, fresh, variety meats and by-products, spleen, raw","Pork Products",17.860,1.386,100.0,17.86
"Pork, cured, ham -- water added, whole, boneless, separable lean and fat, heated, roasted","Pork Products",17.770,1.297,100.0,17.77
"Pork, fresh, variety meats and by-products, tail, raw","Pork Products",17.750,0.744,74.4,13.21
"Pork, cured, ham and water product, shank, bone-in, unheated, separable lean only","Pork Products",17.530,1.297,100.0,17.53
"Pork, fresh, leg (ham), whole, separable lean and fat, raw","Pork Products",17.430,1.338,100.0,17.43
"Pork, fresh, shoulder, (Boston butt), blade (steaks), separable lean and fat, raw","Pork Products",17.420,1.339,100.0,17.42
"Pork, cured, ham -- water added, slice, bone-in, separable lean only, unheated","Pork Products",17.380,1.297,100.0,17.38
"Pork, cured, ham -- water added, whole, boneless, separable lean only, unheated","Pork Products",17.340,1.297,100.0,17.34
"Pork, cured, shoulder, blade roll, separable lean and fat, roasted","Pork Products",17.280,1.111,100.0,17.28
"Pork, fresh, variety meats and by-products, heart, raw","Pork Products",17.270,1.357,100.0,17.27
"Pork, fresh, shoulder, (Boston butt), blade (steaks), separable lean and fat,with added solution, raw","Pork Products",17.190,1.339,100.0,17.19
"Pork, fresh, shoulder, whole, separable lean and fat, raw","Pork Products",17.180,1.342,100.0,17.18
"Pork, cured, ham -- water added, whole, boneless, separable lean and fat, unheated","Pork Products",17.060,1.296,100.0,17.06
"Pork, fresh, variety meats and by-products, tail, cooked, simmered","Pork Products",17.000,0.767,76.7,13.03
"Pork, fresh, ground, raw","Pork Products",16.880,1.360,100.0,16.88
"Pork, cured, ham -- water added, shank, bone-in, separable lean and fat, unheated","Pork Products",16.650,1.292,100.0,16.65
"Pork, fresh, variety meats and by-products, lungs, cooked, braised","Pork Products",16.600,1.315,100.0,16.60
"Pork, cured, shoulder, blade roll, separable lean and fat, unheated","Pork Products",16.470,1.112,100.0,16.47
"Pork, fresh, variety meats and by-products, kidneys, raw","Pork Products",16.460,1.477,100.0,16.46
"Pork, fresh, variety meats and by-products, tongue, raw","Pork Products",16.300,1.334,100.0,16.30
"Pork, cured, ham and water product, rump, bone-in, separable lean and fat, unheated","Pork Products",16.090,1.291,100.0,16.09
"Pork, fresh, variety meats and by-products, ears, frozen, cooked, simmered","Pork Products",15.950,0.324,32.4,5.17
"Pork, cured, ham -- water added, slice, bone-in, separable lean and fat, unheated","Pork Products",15.730,1.291,100.0,15.73
"Pork, fresh, spareribs, separable lean and fat, raw","Pork Products",15.470,1.341,100.0,15.47
"Pork, cured, ham -- water added, rump, bone-in, separable lean only, unheated","Pork Products",15.430,1.298,100.0,15.43
"Pork, cured, ham and water product, slice, boneless, separable lean only, heated, pan-broil","Pork Products",15.090,1.298,100.0,15.09
"Pork, cured, ham and water product, slice, boneless, separable lean and fat, heated, pan-broil","Pork Products",15.080,1.297,100.0,15.08
"Pork, fresh, variety meats and by-products, mechanically separated, raw","Pork Products",15.030,1.239,100.0,15.03
"Pork, cured, ham and water product, slice, bone-in, separable lean only, unheated","Pork Products",14.470,1.297,100.0,14.47
"Pork, cured, ham and water product, shank, bone-in, separable lean and fat, unheated","Pork Products",14.280,1.284,100.0,14.28
"Pork, fresh, variety meats and by-products, lungs, raw","Pork Products",14.080,1.316,100.0,14.08
"Pork, cured, ham and water product, whole, boneless, separable lean only, unheated","Pork Products",14.070,1.298,100.0,14.07
"Pork, cured, ham and water product, whole, boneless, separable lean and fat, unheated","Pork Products",14.050,1.298,100.0,14.05
"Pork, cured, ham -- water added, rump, bone-in, separable lean and fat, unheated","Pork Products",13.990,1.290,100.0,13.99
"Pork, fresh, carcass, separable lean and fat, raw","Pork Products",13.910,1.326,100.0,13.91
"Pork, cured, ham and water product, whole, boneless, separable lean only, heated, roasted","Pork Products",13.880,1.297,100.0,13.88
"Pork, cured, ham and water product, whole, boneless, separable lean and fat, heated, roasted","Pork Products",13.880,1.297,100.0,13.88
"Pork, cured, ham and water product, slice, bone-in, separable lean and fat, unheated","Pork Products",13.690,1.292,100.0,13.69
"Pork, cured, ham, patties, unheated","Pork Products",12.780,1.116,100.0,12.78
"Bacon, pre-sliced, reduced/low sodium, unprepared","Pork Products",12.530,1.297,100.0,12.53
"Pork, fresh, variety meats and by-products, brain, cooked, braised","Pork Products",12.140,1.459,100.0,12.14
"Pork, oriental style, dehydrated","Pork Products",11.800,1.415,100.0,11.80
"Pork, cured, breakfast strips, raw or unheated","Pork Products",11.740,1.180,100.0,11.74
"Pork, cured, feet, pickled","Pork Products",11.630,0.330,33.0,3.83
"Pork, fresh, variety meats and by-products, brain, raw","Pork Products",10.280,NULL,NULL,NULL
"Pork, fresh, composite of separable fat, with added solution, cooked","Pork Products",10.060,1.338,100.0,10.06
"Pork, fresh, composite of separable fat, with added solution, raw","Pork Products",9.270,1.339,100.0,9.27
"Pork, fresh, separable fat, raw","Pork Products",9.250,1.297,100.0,9.25
"Pork, cured, ham, separable fat, boneless, heated","Pork Products",8.770,1.197,100.0,8.77
"Pork, cured, separable fat (from ham and arm picnic), roasted","Pork Products",7.640,0.545,54.5,4.17
"Pork, cured, ham, separable fat, boneless, unheated","Pork Products",7.500,1.200,100.0,7.50
"Pork, fresh, separable fat, cooked","Pork Products",7.060,1.297,100.0,7.06
"Pork, fresh, variety meats and by-products, jowl, raw","Pork Products",6.380,0.549,54.9,3.50
"Pork, cured, separable fat (from ham and arm picnic), unheated","Pork Products",5.680,0.528,52.8,3.00
"Pork, cured, salt pork, raw","Pork Products",5.050,0.561,56.1,2.83
"Pork, fresh, backfat, raw","Pork Products",2.920,1.358,100.0,2.92
"Pork, fresh, variety meats and by-products, leaf fat, raw","Pork Products",1.760,0.568,56.8,1.00
"Emu, full rump, cooked, broiled","Poultry Products",33.670,0.854,85.4,28.74
"Chicken, broilers or fryers, breast, meat only, cooked, fried","Poultry Products",33.440,1.272,100.0,33.44
"Chicken, stewing, light meat, meat only, cooked, stewed","Poultry Products",33.040,1.272,100.0,33.04
"Chicken, broilers or fryers, light meat, meat only, cooked, fried","Poultry Products",32.820,1.272,100.0,32.82
"Chicken, broilers or fryers, giblets, cooked, fried","Poultry Products",32.540,1.355,100.0,32.54
"Emu, inside drums, cooked, broiled","Poultry Products",32.380,0.854,85.4,27.64
"Chicken, broiler or fryers, breast, skinless, boneless, meat only, cooked, braised","Poultry Products",32.060,1.328,100.0,32.06
"Chicken, broilers or fryers, breast, meat and skin, cooked, fried, flour","Poultry Products",31.840,1.253,100.0,31.84
"Turkey, ground, fat free, pan-broiled crumbles","Poultry Products",31.690,1.187,100.0,31.69
"Emu, fan fillet, cooked, broiled","Poultry Products",31.270,0.854,85.4,26.69
"Chicken, broilers or fryers, breast, meat only, cooked, roasted","Poultry Products",31.020,1.272,100.0,31.02
"Chicken, broilers or fryers, light meat, meat only, cooked, roasted","Poultry Products",30.910,1.272,100.0,30.91
"Chicken, broilers or fryers, meat only, cooked, fried","Poultry Products",30.570,1.272,100.0,30.57
"Chicken, broiler or fryers, breast, skinless, boneless, meat only, cooked, grilled","Poultry Products",30.540,1.327,100.0,30.54
"Chicken, broilers or fryers, wing, meat only, cooked, roasted","Poultry Products",30.460,1.271,100.0,30.46
"Chicken, broilers or fryers, light meat, meat and skin, cooked, fried, flour","Poultry Products",30.450,1.242,100.0,30.45
"Chicken, stewing, meat only, cooked, stewed","Poultry Products",30.420,1.272,100.0,30.42
"Turkey, retail parts, wing, meat only, cooked, roasted","Poultry Products",30.170,0.965,96.5,29.13
"Chicken, broilers or fryers, wing, meat only, cooked, fried","Poultry Products",30.150,1.272,100.0,30.15
"Turkey, all classes, light meat, cooked, roasted","Poultry Products",30.130,0.820,82.0,24.69
"Turkey, drumstick, from whole bird, meat only, roasted","Poultry Products",30.130,0.820,82.0,24.69
"Turkey, whole, wing, meat only, cooked, roasted","Poultry Products",30.130,0.820,82.0,24.69
"Turkey, whole, breast, meat only, cooked, roasted","Poultry Products",30.130,0.734,73.4,22.10
"Chicken, broilers or fryers, back, meat only, cooked, fried","Poultry Products",29.990,1.271,100.0,29.99
"Chicken, broilers or fryers, breast, meat and skin, cooked, roasted","Poultry Products",29.800,1.250,100.0,29.80
"Turkey, whole, light meat, meat and skin, cooked, roasted","Poultry Products",29.550,0.811,81.1,23.97
"Turkey, retail parts, breast, meat only, cooked, roasted","Poultry Products",29.510,0.966,96.6,28.51
"Chicken, broiler or fryers, breast, skinless, boneless, meat only, with added solution, cooked, grilled","Poultry Products",29.500,1.327,100.0,29.50
"Ostrich, inside strip, cooked","Poultry Products",29.370,1.266,100.0,29.37
"Duck, young duckling, domesticated, White Pekin, leg, meat only, bone in, cooked without skin, braised","Poultry Products",29.100,1.330,100.0,29.10
"Emu, top loin, cooked, broiled","Poultry Products",29.070,0.854,85.4,24.82
"Turkey, whole, meat only, cooked, roasted","Poultry Products",29.060,0.820,82.0,23.82
"Chicken, broilers or fryers, light meat, meat and skin, cooked, roasted","Poultry Products",29.020,1.238,100.0,29.02
"Turkey, retail parts, breast, meat and skin, cooked, roasted","Poultry Products",29.010,0.947,94.7,27.46
"Ostrich, inside leg, cooked","Poultry Products",29.010,1.267,100.0,29.01
"Turkey, ground, fat free, patties, broiled","Poultry Products",28.990,1.189,100.0,28.99
"Chicken, broilers or fryers, dark meat, meat only, cooked, fried","Poultry Products",28.990,1.272,100.0,28.99
"Chicken, broilers or fryers, breast, meat only, cooked, stewed","Poultry Products",28.980,1.271,100.0,28.98
"Goose, domesticated, meat only, cooked, roasted","Poultry Products",28.970,1.342,100.0,28.97
"Chicken, capons, meat and skin, cooked, roasted","Poultry Products",28.960,1.238,100.0,28.96
"Chicken, broilers or fryers, meat only, cooked, roasted","Poultry Products",28.930,1.272,100.0,28.93
"Chicken, broilers or fryers, light meat, meat only, cooked, stewed","Poultry Products",28.880,1.272,100.0,28.88
"Ostrich, oyster, cooked","Poultry Products",28.810,1.266,100.0,28.81
"Turkey, retail parts, wing, meat and skin, cooked, roasted","Poultry Products",28.740,0.916,91.6,26.33
"Chicken, broilers or fryers, drumstick, rotisserie, original seasoning, meat only, cooked","Poultry Products",28.740,1.212,100.0,28.74
"Turkey, all classes, breast, meat and skin, cooked, roasted","Poultry Products",28.710,1.322,100.0,28.71
"Chicken, broilers or fryers, drumstick, meat only, cooked, fried","Poultry Products",28.620,1.272,100.0,28.62
"Turkey, retail parts, drumstick, meat only, cooked, roasted","Poultry Products",28.610,0.966,96.6,27.64
"Chicken, broilers or fryers, meat and skin and giblets and neck, cooked, fried, flour","Poultry Products",28.570,1.248,100.0,28.57
"Chicken, broilers or fryers, meat and skin, cooked, fried, flour","Poultry Products",28.560,1.242,100.0,28.56
"Turkey, whole, meat and skin, cooked, roasted","Poultry Products",28.550,0.810,81.0,23.13
"Ostrich, outside strip, cooked","Poultry Products",28.550,1.266,100.0,28.55
"Ostrich, tip trimmed, cooked","Poultry Products",28.490,1.266,100.0,28.49
"Emu, ground, cooked, pan-broiled","Poultry Products",28.430,0.854,85.4,24.28
"Chicken, broilers or fryers, leg, meat only, cooked, fried","Poultry Products",28.380,1.271,100.0,28.38
"Chicken, capons, meat and skin and giblets and neck, cooked, roasted","Poultry Products",28.350,1.242,100.0,28.35
"Chicken, broiler, rotisserie, BBQ, wing, meat only","Poultry Products",28.340,1.131,100.0,28.34
"Turkey, fryer-roasters, meat and skin, cooked, roasted","Poultry Products",28.260,1.311,100.0,28.26
"Chicken, broiler or fryers, breast, skinless, boneless, meat only, with added solution, cooked, braised","Poultry Products",28.240,1.327,100.0,28.24
"Turkey, retail parts, drumstick, meat and skin, cooked, roasted","Poultry Products",28.210,0.937,93.7,26.44
"Chicken, broilers or fryers, back, meat only, cooked, roasted","Poultry Products",28.190,1.272,100.0,28.19
"Chicken, broilers or fryers, thigh, meat only, cooked, fried","Poultry Products",28.180,1.271,100.0,28.18
"Chicken, stewing, dark meat, meat only, cooked, stewed","Poultry Products",28.140,1.272,100.0,28.14
"Ostrich, top loin, cooked","Poultry Products",28.120,1.267,100.0,28.12
"Chicken, broiler, rotisserie, BBQ, breast, meat only","Poultry Products",28.040,1.057,100.0,28.04
"Chicken, broilers or fryers, rotisserie, original seasoning, breast, meat only, cooked","Poultry Products",28.000,1.098,100.0,28.00
"Turkey, retail parts, breast, meat only, with added solution, cooked, roasted","Poultry Products",27.940,1.019,100.0,27.94
"Turkey, all classes, leg, meat and skin, cooked, roasted","Poultry Products",27.870,1.330,100.0,27.87
"Chicken, broilers or fryers, back, meat and skin, cooked, fried, flour","Poultry Products",27.790,1.239,100.0,27.79
"Turkey, whole, back, meat only, cooked, roasted","Poultry Products",27.710,0.820,82.0,22.72
"Turkey, thigh, from whole bird, meat only, roasted","Poultry Products",27.710,0.820,82.0,22.72
"Turkey, whole, dark meat, cooked, roasted","Poultry Products",27.710,0.820,82.0,22.72
"Chicken, broiler, rotisserie, BBQ, drumstick, meat only","Poultry Products",27.710,1.211,100.0,27.71
"Chicken, broilers or fryers, rotisserie, original seasoning, wing, meat only, cooked","Poultry Products",27.690,1.207,100.0,27.69
"Duck, young duckling, domesticated, White Pekin, breast, meat only, boneless, cooked without skin, broiled","Poultry Products",27.600,1.329,100.0,27.60
"Chicken, broilers or fryers, drumstick, meat only, cooked, stewed","Poultry Products",27.500,1.272,100.0,27.50
"Chicken, broilers or fryers, rotisserie, original seasoning, breast, meat and skin, cooked","Poultry Products",27.480,1.176,100.0,27.48
"Chicken, broilers or fryers, breast, meat and skin, cooked, stewed","Poultry Products",27.390,1.249,100.0,27.39
"Turkey, all classes, wing, meat and skin, cooked, roasted","Poultry Products",27.380,1.288,100.0,27.38
"Chicken, broilers or fryers, dark meat, meat only, cooked, roasted","Poultry Products",27.370,1.271,100.0,27.37
"Turkey, Ground, cooked","Poultry Products",27.370,1.190,100.0,27.37
"Chicken, broilers or fryers, meat and skin, cooked, roasted","Poultry Products",27.300,1.233,100.0,27.30
"Chicken, broilers or fryers, meat only, cooked, stewed","Poultry Products",27.290,1.271,100.0,27.29
"Turkey, whole, dark meat, meat and skin, cooked, roasted","Poultry Products",27.270,0.808,80.8,22.03
"Chicken, broilers or fryers, dark meat, meat and skin, cooked, fried, flour","Poultry Products",27.220,1.242,100.0,27.22
"Chicken, broilers or fryers, wing, meat only, cooked, stewed","Poultry Products",27.180,1.271,100.0,27.18
"Chicken, broilers or fryers, giblets, cooked, simmered","Poultry Products",27.150,0.584,58.4,15.85
"Chicken, roasting, light meat, meat only, cooked, roasted","Poultry Products",27.130,1.272,100.0,27.13
"Turkey, ground, 93% lean, 7% fat, pan-broiled crumbles","Poultry Products",27.100,1.188,100.0,27.10
"Turkey, all classes, liver, cooked, simmered","Poultry Products",27.000,0.902,90.2,24.36
"Turkey, wing, from whole bird, meat only, with added solution, roasted","Poultry Products",26.970,0.820,82.0,22.10
"Turkey, back, from whole bird, meat only, with added solution, roasted","Poultry Products",26.970,0.586,58.6,15.79
"Turkey, breast, from whole bird, meat only, with added solution, roasted","Poultry Products",26.970,0.654,65.4,17.64
"Turkey from whole, light meat, meat only, with added solution, cooked, roasted","Poultry Products",26.970,0.820,82.0,22.10
"Chicken, broilers or fryers, drumstick, meat and skin, cooked, fried, flour","Poultry Products",26.960,1.247,100.0,26.96
"Chicken, stewing, meat and skin, cooked, stewed","Poultry Products",26.880,1.237,100.0,26.88
"Chicken, broilers or fryers, neck, meat only, cooked, fried","Poultry Products",26.870,1.272,100.0,26.87
"Chicken, broilers or fryers,  rotisserie, original seasoning, drumstick, meat and skin, cooked","Poultry Products",26.860,1.180,100.0,26.86
"Chicken, broilers or fryers, leg, meat and skin, cooked, fried, flour","Poultry Products",26.840,1.243,100.0,26.84
"Chicken, broilers or fryers, meat and skin and giblets and neck, roasted","Poultry Products",26.780,1.237,100.0,26.78
"Chicken, roasting, giblets, cooked, simmered","Poultry Products",26.770,1.331,100.0,26.77
"Chicken, broilers or fryers, thigh, meat and skin, cooked, fried, flour","Poultry Products",26.750,1.241,100.0,26.75
"Duck, young duckling, domesticated, White Pekin, leg, meat and skin, bone in, cooked, roasted","Poultry Products",26.750,1.329,100.0,26.75
"Turkey, whole, meat only, with added solution, roasted","Poultry Products",26.610,0.820,82.0,21.82
"Turkey, all classes, back, meat and skin, cooked, roasted","Poultry Products",26.590,1.293,100.0,26.59
"Turkey from whole, light meat, meat and skin, with added solution, cooked, roasted","Poultry Products",26.520,0.811,81.1,21.51
"Turkey, all classes, gizzard, cooked, simmered","Poultry Products",26.450,0.741,74.1,19.59
"Turkey, whole, giblets, cooked, simmered","Poultry Products",26.440,0.836,83.6,22.10
"Chicken, heart, all classes, cooked, simmered","Poultry Products",26.410,1.452,100.0,26.41
"Chicken, capons, giblets, cooked, simmered","Poultry Products",26.390,1.386,100.0,26.39
"Chicken, broiler, rotisserie, BBQ, breast, meat and skin","Poultry Products",26.370,1.037,100.0,26.37
"Chicken, broilers or fryers, leg, meat only, cooked, stewed","Poultry Products",26.260,1.272,100.0,26.26
"Ostrich, ground, cooked, pan-broiled","Poultry Products",26.150,1.266,100.0,26.15
"Chicken, broilers or fryers, light meat, meat and skin, cooked, stewed","Poultry Products",26.140,1.238,100.0,26.14
"Chicken, broilers or fryers, wing, meat and skin, cooked, fried, flour","Poultry Products",26.110,1.202,100.0,26.11
"Turkey, dark meat, meat only, with added solution, cooked, roasted","Poultry Products",26.100,0.819,81.9,21.38
"Turkey, drumstick, from whole bird, meat only, with added solution, roasted","Poultry Products",26.100,0.819,81.9,21.38
"Turkey, thigh, from whole bird, meat only, with added solution, roasted","Poultry Products",26.100,0.819,81.9,21.38
"Turkey, whole, meat and skin, with added solution, roasted","Poultry Products",26.090,0.809,80.9,21.10
"Chicken, broilers or fryers, dark meat, meat and skin, cooked, roasted","Poultry Products",25.970,1.229,100.0,25.97
"Chicken, broilers or fryers, dark meat, meat only, cooked, stewed","Poultry Products",25.970,1.272,100.0,25.97
"Chicken, broilers or fryers, back, meat and skin, cooked, roasted","Poultry Products",25.950,1.211,100.0,25.95
"Turkey, ground, 85% lean, 15% fat, patties, broiled","Poultry Products",25.880,1.193,100.0,25.88
"Turkey, ground, 93% lean, 7% fat, patties, broiled","Poultry Products",25.860,1.191,100.0,25.86
"Turkey, back, from whole bird, meat and skin, with added solution, roasted","Poultry Products",25.800,0.611,61.1,15.77
"Chicken, liver, all classes, cooked, pan-fried","Poultry Products",25.780,1.473,100.0,25.78
"Chicken, stewing, giblets, cooked, simmered","Poultry Products",25.730,1.348,100.0,25.73
"Chicken, broiler, rotisserie, BBQ, drumstick, meat and skin","Poultry Products",25.650,1.159,100.0,25.65
"Turkey, dark meat from whole, meat and skin, with added solution, cooked, roasted","Poultry Products",25.550,0.806,80.6,20.59
"Chicken, dark meat, drumstick, meat only, with added solution, cooked, roasted","Poultry Products",25.340,1.247,100.0,25.34
"Chicken, wing, frozen, glazed, barbecue flavored, heated (microwave)","Poultry Products",25.340,1.055,100.0,25.34
"Chicken, broilers or fryers, rotisserie, original seasoning, back, meat only, cooked","Poultry Products",25.340,1.301,100.0,25.34
"Chicken, broilers or fryers, drumstick, meat and skin, cooked, stewed","Poultry Products",25.320,1.242,100.0,25.32
"Chicken, broilers or fryers, back, meat only, cooked, stewed","Poultry Products",25.310,1.271,100.0,25.31
"Goose, domesticated, meat and skin, cooked, roasted","Poultry Products",25.160,1.256,100.0,25.16
"Turkey, retail parts, thigh, meat only, cooked, roasted","Poultry Products",25.140,0.966,96.6,24.28
"Turkey, ground, 85% lean, 15% fat, pan-broiled crumbles","Poultry Products",25.110,1.191,100.0,25.11
"Chicken, roasting, meat only, cooked, roasted","Poultry Products",25.010,1.271,100.0,25.01
"Chicken, broilers or fryers, thigh, meat only, cooked, stewed","Poultry Products",25.000,1.272,100.0,25.00
"Chicken, stewing, meat and skin, and giblets and neck, cooked, stewed","Poultry Products",24.880,1.176,100.0,24.88
"Turkey, all classes, heart, cooked, simmered","Poultry Products",24.880,0.903,90.3,22.46
"Chicken, broilers or fryers, breast, meat and skin, cooked, fried, batter","Poultry Products",24.840,1.249,100.0,24.84
"Chicken, broilers or fryers, thigh, meat only, cooked, roasted","Poultry Products",24.760,1.247,100.0,24.76
"Chicken, dark meat, drumstick, meat and skin, with added solution, cooked, roasted","Poultry Products",24.720,1.121,100.0,24.72
"Chicken, broilers or fryers, meat and skin, cooked, stewed","Poultry Products",24.680,1.234,100.0,24.68
"Turkey, skin, from retail parts, from dark meat, cooked, roasted","Poultry Products",24.580,0.602,60.2,14.80
"Chicken, broilers or fryers, neck, meat only, cooked, simmered","Poultry Products",24.560,1.272,100.0,24.56
"Chicken, broilers or fryers, dark meat, thigh, meat only, cooked, braised","Poultry Products",24.550,1.135,100.0,24.55
"Duck, young duckling, domesticated, White Pekin, breast, meat and skin, boneless, cooked, roasted","Poultry Products",24.500,1.329,100.0,24.50
"Chicken, broilers or fryers, meat and skin and giblets and neck, stewed","Poultry Products",24.490,1.239,100.0,24.49
"Chicken, liver, all classes, cooked, simmered","Poultry Products",24.460,1.473,100.0,24.46
"Pheasant, breast, meat only, raw","Poultry Products",24.370,1.419,100.0,24.37
"Chicken, broilers or fryers, rotisserie, original seasoning, wing, meat and skin, cooked","Poultry Products",24.340,1.175,100.0,24.34
"Chicken, broilers or fryers, dark meat, drumstick, meat only, cooked, roasted","Poultry Products",24.240,1.246,100.0,24.24
"Chicken, dark meat, thigh, meat only, with added solution, cooked, roasted","Poultry Products",24.230,1.223,100.0,24.23
"Chicken, broilers or fryers, leg, meat only, cooked, roasted","Poultry Products",24.220,1.250,100.0,24.22
"Chicken, broilers or fryers, leg, meat and skin, cooked, stewed","Poultry Products",24.170,1.238,100.0,24.17
"Chicken, broiler, rotisserie, BBQ, thigh, meat only","Poultry Products",24.090,1.118,100.0,24.09
"Chicken, broilers or fryers, rotisserie, original seasoning, thigh, meat only, cooked","Poultry Products",24.060,1.268,100.0,24.06
"Chicken, broilers or fryers, leg, meat and skin, cooked, roasted","Poultry Products",24.030,1.244,100.0,24.03
"Chicken, broilers or fryers, neck, meat and skin, cooked, fried, flour","Poultry Products",24.010,1.193,100.0,24.01
"Chicken, roasting, meat and skin, cooked, roasted","Poultry Products",23.970,1.230,100.0,23.97
"Chicken, roasting, meat and skin and giblets and neck, cooked, roasted","Poultry Products",23.960,1.235,100.0,23.96
"Turkey, retail parts, thigh, meat and skin, cooked, roasted","Poultry Products",23.950,0.944,94.4,22.62
"Turkey, whole, skin (light and dark), roasted","Poultry Products",23.940,0.642,64.2,15.37
"Chicken, broilers or fryers, dark meat, drumstick, meat only, cooked, braised","Poultry Products",23.930,1.246,100.0,23.93
"Chicken, broilers or fryers, wing, meat and skin, cooked, roasted","Poultry Products",23.790,1.327,100.0,23.79
"Ostrich, inside strip, raw","Poultry Products",23.690,1.266,100.0,23.69
"Turkey, canned, meat only, with broth","Poultry Products",23.680,1.312,100.0,23.68
"Turkey, whole, light meat, raw","Poultry Products",23.660,0.819,81.9,19.38
"Turkey, whole, breast, meat only, raw","Poultry Products",23.660,0.819,81.9,19.38
"Turkey, drumstick, from whole bird, meat only, raw","Poultry Products",23.660,0.819,81.9,19.38
"Turkey, whole, wing, meat only, raw","Poultry Products",23.660,0.819,81.9,19.38
"Pheasant, raw, meat only","Poultry Products",23.570,1.420,100.0,23.57
"Turkey, ground, fat free, raw","Poultry Products",23.570,1.184,100.0,23.57
"Chicken, broilers or fryers, light meat, meat and skin, cooked, fried, batter","Poultry Products",23.550,1.240,100.0,23.55
"Chicken, broilers or fryers, dark meat, meat and skin, cooked, stewed","Poultry Products",23.500,1.230,100.0,23.50
"Duck, domesticated, meat only, cooked, roasted","Poultry Products",23.480,1.341,100.0,23.48
"Chicken, dark meat, thigh, meat and skin, with added solution, cooked, roasted","Poultry Products",23.470,1.018,100.0,23.47
"Chicken, broiler, rotisserie, BBQ, wing, meat and skin","Poultry Products",23.420,1.045,100.0,23.42
"Guinea hen, meat and skin, raw","Poultry Products",23.400,1.226,100.0,23.40
"Ostrich, outside strip, raw","Poultry Products",23.360,1.267,100.0,23.36
"Chicken, broilers or fryers, drumstick, meat and skin, cooked, roasted","Poultry Products",23.350,1.219,100.0,23.35
"Turkey, retail parts, breast, meat only, raw","Poultry Products",23.340,0.966,96.6,22.54
"Chicken, cornish game hens, meat only, cooked, roasted","Poultry Products",23.300,1.272,100.0,23.30
"Chicken, ground, crumbles, cooked, pan-browned","Poultry Products",23.280,1.214,100.0,23.28
"Chicken, broilers or fryers, thigh, meat and skin, cooked, roasted","Poultry Products",23.260,1.203,100.0,23.26
"Chicken, broilers or fryers, thigh, meat and skin, cooked, stewed","Poultry Products",23.260,1.235,100.0,23.26
"Chicken, roasting, dark meat, meat only, cooked, roasted","Poultry Products",23.250,1.272,100.0,23.25
"Chicken, broilers or fryers, rotisserie, original seasoning, back, meat and skin, cooked","Poultry Products",23.230,1.252,100.0,23.23
"Chicken, broilers or fryers, light meat, meat only, raw","Poultry Products",23.200,1.272,100.0,23.20
"Chicken, stewing, light meat, meat only, raw","Poultry Products",23.100,1.271,100.0,23.10
"Emu, outside drum, raw","Poultry Products",23.080,0.854,85.4,19.72
"Chicken, dark meat, thigh, meat only, with added solution, cooked, braised","Poultry Products",23.000,1.246,100.0,23.00
"Chicken, dark meat, drumstick, meat only, with added solution, cooked, braised","Poultry Products",22.990,1.246,100.0,22.99
"Chicken, broilers or fryers, rotisserie, original seasoning, thigh, meat and skin, cooked","Poultry Products",22.930,1.222,100.0,22.93
"Ostrich, outside leg, raw","Poultry Products",22.860,1.266,100.0,22.86
"Chicken, broilers or fryers, meat and skin and giblets and neck, cooked, fried, batter","Poultry Products",22.840,1.248,100.0,22.84
"Emu, full rump, raw","Poultry Products",22.830,0.854,85.4,19.49
"Emu, oyster, raw","Poultry Products",22.810,0.854,85.4,19.49
"Chicken, broilers or fryers, wing, meat and skin, cooked, stewed","Poultry Products",22.780,1.202,100.0,22.78
"Emu, ground, raw","Poultry Products",22.770,0.854,85.4,19.44
"Goose, domesticated, meat only, raw","Poultry Products",22.750,1.341,100.0,22.75
"Chicken, broilers or fryers, dark meat, drumstick, meat and skin, cooked, braised","Poultry Products",22.720,1.219,100.0,22.72
"Pheasant, raw, meat and skin","Poultry Products",22.700,1.389,100.0,22.70
"Turkey, whole, meat only, raw","Poultry Products",22.640,0.820,82.0,18.56
"Quail, breast, meat only, raw","Poultry Products",22.590,1.390,100.0,22.59
"Chicken, broilers or fryers, dark meat, thigh, meat and skin, cooked, braised","Poultry Products",22.570,1.107,100.0,22.57
"Chicken, broilers or fryers, meat and skin, cooked, fried, batter","Poultry Products",22.540,1.243,100.0,22.54
"Chicken, broiler, rotisserie, BBQ, thigh, meat and skin","Poultry Products",22.510,1.065,100.0,22.51
"Chicken, broiler or fryers, breast, skinless, boneless, meat only, raw","Poultry Products",22.500,1.328,100.0,22.50
"Emu, fan fillet, raw","Poultry Products",22.500,0.854,85.4,19.21
"Turkey, retail parts, wing, meat only, raw","Poultry Products",22.480,0.966,96.6,21.72
"Turkey, whole, neck, meat only, cooked, simmered","Poultry Products",22.480,0.820,82.0,18.44
"Ostrich, inside leg, raw","Poultry Products",22.390,1.267,100.0,22.39
"Chicken, cornish game hens, meat and skin, cooked, roasted","Poultry Products",22.270,1.225,100.0,22.27
"Emu, flat fillet, raw","Poultry Products",22.250,0.854,85.4,19.00
"Chicken, wing, frozen, glazed, barbecue flavored, heated (conventional oven)","Poultry Products",22.240,1.055,100.0,22.24
"Emu, inside drum, raw","Poultry Products",22.220,0.854,85.4,18.97
"Pheasant, leg, meat only, raw","Poultry Products",22.200,1.419,100.0,22.20
"Chicken, roasting, light meat, meat only, raw","Poultry Products",22.200,1.272,100.0,22.20
"Chicken, broilers or fryers, back, meat and skin, cooked, stewed","Poultry Products",22.180,1.212,100.0,22.18
"Turkey breast, pre-basted, meat and skin, cooked, roasted","Poultry Products",22.160,1.319,100.0,22.16
"Turkey, skin from whole, (light and dark), with added solution, roasted","Poultry Products",22.150,0.643,64.3,14.23
"Ostrich, tenderloin, raw","Poultry Products",22.070,1.266,100.0,22.07
"Turkey, retail parts, breast, meat only, with added solution, raw","Poultry Products",21.990,1.019,100.0,21.99
"Ostrich, round, raw","Poultry Products",21.990,1.266,100.0,21.99
"Chicken, broilers or fryers, wing, meat only, raw","Poultry Products",21.970,1.272,100.0,21.97
"Chicken, broilers or fryers, back, meat and skin, cooked, fried, batter","Poultry Products",21.970,1.241,100.0,21.97
"Turkey, whole, light meat, meat and skin, raw","Poultry Products",21.960,0.809,80.9,17.77
"Chicken, broilers or fryers, drumstick, meat and skin, cooked, fried, batter","Poultry Products",21.950,1.249,100.0,21.95
"Turkey, all classes, breast, meat and skin, raw","Poultry Products",21.890,1.319,100.0,21.89
"Turkey, retail parts, breast, meat and skin, raw","Poultry Products",21.880,0.945,94.5,20.67
"Chicken, broilers or fryers, dark meat, meat and skin, cooked, fried, batter","Poultry Products",21.850,1.245,100.0,21.85
"Ostrich, tip trimmed, raw","Poultry Products",21.850,1.266,100.0,21.85
"Chicken, broiler, rotisserie, BBQ, back meat only","Poultry Products",21.850,1.150,100.0,21.85
"Ostrich, fan, raw","Poultry Products",21.810,1.266,100.0,21.81
"Chicken, broilers or fryers, leg, meat and skin, cooked, fried, batter","Poultry Products",21.770,1.248,100.0,21.77
"Chicken, canned, meat only, with broth","Poultry Products",21.770,1.229,100.0,21.77
"Squab, (pigeon), light meat without skin, raw","Poultry Products",21.760,1.390,100.0,21.76
"Quail, meat only, raw","Poultry Products",21.760,1.390,100.0,21.76
"Ostrich, top loin, raw","Poultry Products",21.670,1.266,100.0,21.67
"Turkey, whole, meat and skin, raw","Poultry Products",21.640,0.813,81.3,17.59
"Chicken, broilers or fryers, thigh, meat and skin, cooked, fried, batter","Poultry Products",21.610,1.247,100.0,21.61
"Chicken, dark meat, drumstick, meat and skin, with added solution, cooked, braised","Poultry Products",21.550,1.221,100.0,21.55
"Ostrich, oyster, raw","Poultry Products",21.550,1.266,100.0,21.55
"Turkey, breast, from whole bird, meat only, with added solution, raw","Poultry Products",21.540,0.819,81.9,17.64
"Turkey from whole, light meat, meat only, with added solution, raw","Poultry Products",21.540,0.819,81.9,17.64
"Turkey, wing, from whole bird, meat only, with added solution, raw","Poultry Products",21.540,0.819,81.9,17.64
"Chicken, broilers or fryers, meat only, raw","Poultry Products",21.390,1.272,100.0,21.39
"Turkey, whole, dark meat, meat only, raw","Poultry Products",21.280,0.819,81.9,17.44
"Turkey, whole, back, meat only, raw","Poultry Products",21.280,0.819,81.9,17.44
"Turkey, thigh, from whole bird, meat only, raw","Poultry Products",21.280,0.819,81.9,17.44
"Chicken, stewing, meat only, raw","Poultry Products",21.260,1.271,100.0,21.26
"Turkey, whole, meat only, with added solution, raw","Poultry Products",20.870,0.819,81.9,17.10
"Chicken, broilers or fryers, breast, meat and skin, raw","Poultry Products",20.850,1.247,100.0,20.85
"Turkey, retail parts, breast, meat and skin, with added solution, raw","Poultry Products",20.790,0.997,99.7,20.72
"Chicken, dark meat, thigh, meat and skin, with added solution, cooked, braised","Poultry Products",20.700,1.204,100.0,20.70
"Guinea hen, meat only, raw","Poultry Products",20.640,1.272,100.0,20.64
"Turkey, retail parts, thigh, meat only, raw","Poultry Products",20.600,0.966,96.6,19.90
"Turkey, retail parts, drumstick, meat only, raw","Poultry Products",20.520,0.820,82.0,16.82
"Chicken, broilers or fryers, skin only, cooked, roasted","Poultry Products",20.360,0.996,99.6,20.27
"Chicken, roasting, meat only, raw","Poultry Products",20.330,1.271,100.0,20.33
"Chicken, broilers or fryers, breast, skinless, boneless, meat only, with added solution, raw","Poultry Products",20.320,1.290,100.0,20.32
"Chicken, skin (drumsticks and thighs), with added solution, cooked, roasted","Poultry Products",20.310,0.821,82.1,16.67
"Chicken, broiler, rotisserie, BBQ, back, meat and skin","Poultry Products",20.290,1.084,100.0,20.29
"Chicken, broilers or fryers, light meat, meat and skin, raw","Poultry Products",20.270,1.235,100.0,20.27
"Turkey, all classes, wing, meat and skin, raw","Poultry Products",20.220,1.283,100.0,20.22
"Ostrich, ground, raw","Poultry Products",20.220,1.266,100.0,20.22
"Chicken, broilers or fryers, dark meat, meat only, raw","Poultry Products",20.080,1.272,100.0,20.08
"Chicken, cornish game hens, meat only, raw","Poultry Products",20.040,1.272,100.0,20.04
"Turkey from whole, light meat, meat and skin, with added solution, raw","Poultry Products",20.020,0.808,80.8,16.18
"Turkey, retail parts, drumstick, meat and skin, raw","Poultry Products",19.960,0.808,80.8,16.13
"Chicken, broilers or fryers, wing, meat and skin, cooked, fried, batter","Poultry Products",19.870,1.212,100.0,19.87
"Duck, wild, breast, meat only, raw","Poultry Products",19.850,1.342,100.0,19.85
"Chicken, broilers or fryers, neck, meat and skin, cooked, fried, batter","Poultry Products",19.820,1.200,100.0,19.82
"Turkey, dark meat, meat and skin, raw","Poultry Products",19.810,0.806,80.6,15.97
"Chicken, stewing, dark meat, meat only, raw","Poultry Products",19.700,1.272,100.0,19.70
"Chicken, wing, frozen, glazed, barbecue flavored","Poultry Products",19.670,1.055,100.0,19.67
"Turkey, Ground, raw","Poultry Products",19.660,1.187,100.0,19.66
"Chicken, broilers or fryers, dark meat, thigh, meat only, raw","Poultry Products",19.660,1.247,100.0,19.66
"Quail, meat and skin, raw","Poultry Products",19.630,1.349,100.0,19.63
"Chicken, broilers or fryers, neck, meat and skin, cooked simmered","Poultry Products",19.610,1.160,100.0,19.61
"Chicken, broilers or fryers, back, meat only, raw","Poultry Products",19.560,1.271,100.0,19.56
"Turkey, retail parts, thigh, meat and skin, raw","Poultry Products",19.540,0.924,92.4,18.05
"Turkey, all classes, leg, meat and skin, raw","Poultry Products",19.540,1.333,100.0,19.54
"Turkey, retail parts, wing, meat and skin, raw","Poultry Products",19.530,0.912,91.2,17.82
"Chicken, broilers or fryers, dark meat, drumstick, meat only, raw","Poultry Products",19.410,1.246,100.0,19.41
"Turkey, back, from whole bird, meat only, with added solution, raw","Poultry Products",19.270,0.820,82.0,15.79
"Turkey, dark meat from whole, meat only, with added solution, raw","Poultry Products",19.270,0.820,82.0,15.79
"Turkey, drumstick, from whole bird, meat only, with added solution, raw","Poultry Products",19.270,0.820,82.0,15.79
"Turkey, thigh, from whole bird, meat only, with added solution, raw","Poultry Products",19.270,0.820,82.0,15.79
"Chicken, dark meat, drumstick, meat only, with added solution, raw","Poultry Products",19.190,1.137,100.0,19.19
"Chicken, broilers or fryers, leg, meat only, raw","Poultry Products",19.160,1.249,100.0,19.16
"Chicken, dark meat, thigh, meat only, with added solution, raw","Poultry Products",19.110,1.200,100.0,19.11
"Chicken, broilers or fryers, skin only, cooked, fried, flour","Poultry Products",19.090,1.016,100.0,19.09
"Turkey, young hen, skin only, cooked, roasted","Poultry Products",19.030,0.996,99.6,18.95
"Turkey, whole, meat and skin, with added solution, raw","Poultry Products",19.030,0.806,80.6,15.33
"Duck, domesticated, meat and skin, cooked, roasted","Poultry Products",18.990,1.267,100.0,18.99
"Turkey thigh, pre-basted, meat and skin, cooked, roasted","Poultry Products",18.800,1.326,100.0,18.80
"Turkey, gizzard, all classes, raw","Poultry Products",18.800,0.919,91.9,17.28
"Chicken, capons, meat and skin, raw","Poultry Products",18.770,1.252,100.0,18.77
"Chicken, roasting, dark meat, meat only, raw","Poultry Products",18.740,1.271,100.0,18.74
"Duck, domesticated, liver, raw","Poultry Products",18.740,1.529,100.0,18.74
"Turkey, ground, 93% lean, 7% fat, raw","Poultry Products",18.730,1.188,100.0,18.73
"Turkey, diced, light and dark meat, seasoned","Poultry Products",18.700,1.312,100.0,18.70
"Chicken, broilers or fryers, meat and skin, raw","Poultry Products",18.600,1.230,100.0,18.60
"Chicken, capons, meat and skin and giblets and neck, raw","Poultry Products",18.510,1.254,100.0,18.51
"Squab, (pigeon), meat and skin, raw","Poultry Products",18.470,1.342,100.0,18.47
"Chicken, broilers or fryers, meat and skin and giblets and neck, raw","Poultry Products",18.330,1.235,100.0,18.33
"Chicken, capons, giblets, raw","Poultry Products",18.280,1.387,100.0,18.28
"Duck, domesticated, meat only, raw","Poultry Products",18.280,1.341,100.0,18.28
"Turkey, all classes, liver, raw","Poultry Products",18.260,0.903,90.3,16.49
"Turkey, whole, giblets, raw","Poultry Products",18.180,0.908,90.8,16.51
"Chicken, roasting, giblets, raw","Poultry Products",18.140,1.331,100.0,18.14
"Chicken, broilers or fryers, drumstick, meat and skin, raw","Poultry Products",18.080,1.222,100.0,18.08
"Chicken, dark meat, drumstick, meat and skin, with added solution, raw","Poultry Products",18.030,1.118,100.0,18.03
"Chicken, stewing, giblets, raw","Poultry Products",17.890,1.350,100.0,17.89
"Chicken, broilers or fryers, giblets, raw","Poultry Products",17.880,1.356,100.0,17.88
"Turkey, dark meat from whole, meat and skin, with added solution, raw","Poultry Products",17.840,0.803,80.3,14.33
"Chicken, broilers or fryers, rotisserie, original seasoning, skin only, cooked","Poultry Products",17.660,0.929,92.9,16.41
"Turkey roast, boneless, frozen, seasoned, light and dark meat, raw","Poultry Products",17.600,1.350,100.0,17.60
"Chicken, stewing, meat and skin, raw","Poultry Products",17.550,1.234,100.0,17.55
"Chicken, broilers or fryers, neck, meat only, raw","Poultry Products",17.550,1.271,100.0,17.55
"Chicken, broilers or fryers, wing, meat and skin, raw","Poultry Products",17.520,1.327,100.0,17.52
"Squab, (pigeon), meat only, raw","Poultry Products",17.500,1.390,100.0,17.50
"Chicken, stewing, meat and skin, and giblets and neck, raw","Poultry Products",17.480,1.242,100.0,17.48
"Chicken, ground, raw","Poultry Products",17.440,1.214,100.0,17.44
"Duck, wild, meat and skin, raw","Poultry Products",17.420,1.328,100.0,17.42
"Chicken, cornish game hens, meat and skin, raw","Poultry Products",17.150,1.225,100.0,17.15
"Chicken, roasting, meat and skin and giblets and neck, raw","Poultry Products",17.090,1.235,100.0,17.09
"Chicken, liver, all classes, raw","Poultry Products",16.920,1.512,100.0,16.92
"Turkey, ground, 85% lean, 15% fat, raw","Poultry Products",16.900,1.188,100.0,16.90
"Turkey, back, from whole bird, meat and skin, with added solution, raw","Poultry Products",16.860,0.791,79.1,13.33
"Turkey, all classes, heart, raw","Poultry Products",16.700,0.903,90.3,15.08
"Chicken, broilers or fryers, dark meat, meat and skin, raw","Poultry Products",16.690,1.226,100.0,16.69
"Chicken, skin (drumsticks and thighs), cooked, roasted","Poultry Products",16.570,0.825,82.5,13.67
"Chicken, dark meat, thigh, meat and skin, with added solution, raw","Poultry Products",16.560,1.138,100.0,16.56
"Chicken, broilers or fryers, thigh, meat and skin, raw","Poultry Products",16.520,1.186,100.0,16.52
"Turkey, whole, neck, meat only, raw","Poultry Products",16.510,0.820,82.0,13.54
"Chicken, broilers or fryers, leg, meat and skin, raw","Poultry Products",16.370,1.203,100.0,16.37
"Goose, liver, raw","Poultry Products",16.370,1.529,100.0,16.37
"Chicken breast tenders, breaded, cooked, microwaved","Poultry Products",16.350,1.120,100.0,16.35
"Goose, domesticated, meat and skin, raw","Poultry Products",15.860,1.256,100.0,15.86
"Chicken, heart, all classes, raw","Poultry Products",15.550,1.451,100.0,15.55
"Chicken, broilers or fryers, skin only, cooked, stewed","Poultry Products",15.220,0.996,99.6,15.15
"Chicken, broiler, rotisserie, BBQ, skin","Poultry Products",15.190,0.677,67.7,10.28
"Chicken patty, frozen, cooked","Poultry Products",14.850,1.121,100.0,14.85
"Chicken breast tenders, breaded, uncooked","Poultry Products",14.730,1.147,100.0,14.73
"Poultry, mechanically deboned, from mature hens, raw","Poultry Products",14.720,1.017,100.0,14.72
"Chicken, skin (drumsticks and thighs), cooked, braised","Poultry Products",14.610,0.821,82.1,12.00
"Turkey, skin, from retail parts, from dark meat, raw","Poultry Products",14.350,0.602,60.2,8.63
"Chicken patty, frozen, uncooked","Poultry Products",14.330,1.147,100.0,14.33
"Turkey sticks, breaded, battered, fried","Poultry Products",14.200,1.354,100.0,14.20
"Chicken, broilers or fryers, neck, meat and skin, raw","Poultry Products",14.070,1.124,100.0,14.07
"Chicken, broilers or fryers, back, meat and skin, raw","Poultry Products",14.050,1.200,100.0,14.05
"Poultry, mechanically deboned, from backs and necks without skin, raw","Poultry Products",13.790,1.051,100.0,13.79
"Chicken, broilers or fryers, skin only, raw","Poultry Products",13.330,0.996,99.6,13.27
"Turkey, mechanically deboned, from turkey frames, raw","Poultry Products",13.290,1.050,100.0,13.29
"Turkey, whole, skin (light and dark), raw","Poultry Products",12.960,0.643,64.3,8.33
"Turkey, skin from whole (light and dark), with added solution, raw","Poultry Products",12.290,0.643,64.3,7.90
"Chicken, skin (drumsticks and thighs), with added solution, cooked, braised","Poultry Products",12.260,0.829,82.9,10.17
"Duck, domesticated, meat and skin, raw","Poultry Products",11.490,1.279,100.0,11.49
"Pate de foie gras, canned (goose liver pate), smoked","Poultry Products",11.400,1.530,100.0,11.40
"Poultry, mechanically deboned, from backs and necks with skin, raw","Poultry Products",11.390,1.063,100.0,11.39
"Chicken, skin (drumsticks and thighs), with added solution, raw","Poultry Products",11.110,0.825,82.5,9.17
"Chicken, broilers or fryers, skin only, cooked, fried, batter","Poultry Products",10.320,1.096,100.0,10.32
"Chicken, skin (drumsticks and thighs), raw","Poultry Products",9.580,0.818,81.8,7.83
"Turkey and gravy, frozen","Poultry Products",5.880,1.352,100.0,5.88
"Chicken, broilers or fryers, separable fat, raw","Poultry Products",3.730,0.995,99.5,3.71
"Seaweed, spirulina, dried","Vegetables and Vegetable Products",57.470,1.170,100.0,57.47
"Chives, freeze-dried","Vegetables and Vegetable Products",21.200,NULL,NULL,NULL
"Peppers, sweet, red, freeze-dried","Vegetables and Vegetable Products",17.900,0.887,88.7,15.88
"Seaweed, Canadian Cultivated EMI-TSUNOMATA, dry","Vegetables and Vegetable Products",15.340,0.995,99.5,15.27
"Leeks, (bulb and lower-leaf portion), freeze-dried","Vegetables and Vegetable Products",15.200,0.965,96.5,14.67
"Tomatoes, sun-dried","Vegetables and Vegetable Products",14.110,0.621,62.1,8.76
"Soybeans, mature seeds, sprouted, cooked, stir-fried, with salt","Vegetables and Vegetable Products",13.100,0.749,74.9,9.82
"Soybeans, mature seeds, sprouted, cooked, stir-fried","Vegetables and Vegetable Products",13.100,1.024,100.0,13.10
"Soybeans, mature seeds, sprouted, raw","Vegetables and Vegetable Products",13.090,1.024,100.0,13.09
"Soybeans, green, raw","Vegetables and Vegetable Products",12.950,0.965,96.5,12.50
"Tomato powder","Vegetables and Vegetable Products",12.910,0.471,47.1,6.08
"Soybeans, green, cooked, boiled, drained, without salt","Vegetables and Vegetable Products",12.350,0.968,96.8,11.95
"Soybeans, green, cooked, boiled, drained, with salt","Vegetables and Vegetable Products",12.350,0.968,96.8,11.95
"Shallots, freeze-dried","Vegetables and Vegetable Products",12.300,NULL,NULL,NULL
"Edamame, frozen, prepared","Vegetables and Vegetable Products",11.910,0.698,69.8,8.31
"Peppers, ancho, dried","Vegetables and Vegetable Products",11.860,0.865,86.5,10.25
"Winged bean tuber, raw","Vegetables and Vegetable Products",11.600,0.935,93.5,10.85
"Edamame, frozen, unprepared","Vegetables and Vegetable Products",11.220,0.697,69.7,7.82
"Potatoes, mashed, dehydrated, granules with milk, dry form","Vegetables and Vegetable Products",10.900,1.197,100.0,10.90
"Peppers, hot chile, sun-dried","Vegetables and Vegetable Products",10.580,0.888,88.8,9.39
"Mushrooms, shiitake, dried","Vegetables and Vegetable Products",9.580,0.539,53.9,5.17
"Drumstick leaves, raw","Vegetables and Vegetable Products",9.400,1.270,100.0,9.40
"Cowpeas (blackeyes), immature seeds, frozen, unprepared","Vegetables and Vegetable Products",8.980,1.208,100.0,8.98
"Lentils, sprouted, raw","Vegetables and Vegetable Products",8.960,NULL,NULL,NULL
"Onions, dehydrated flakes","Vegetables and Vegetable Products",8.950,0.590,59.0,5.28
"Lentils, sprouted, cooked, stir-fried, with salt","Vegetables and Vegetable Products",8.800,NULL,NULL,NULL
"Lentils, sprouted, cooked, stir-fried, without salt","Vegetables and Vegetable Products",8.800,NULL,NULL,NULL
"Peas, mature seeds, sprouted, raw","Vegetables and Vegetable Products",8.800,NULL,NULL,NULL
"Cowpeas (blackeyes), immature seeds, frozen, cooked, boiled, drained, with salt","Vegetables and Vegetable Products",8.490,1.210,100.0,8.49
"Cowpeas (blackeyes), immature seeds, frozen, cooked, boiled, drained, without salt","Vegetables and Vegetable Products",8.490,1.210,100.0,8.49
"Soybeans, mature seeds, sprouted, cooked, steamed","Vegetables and Vegetable Products",8.470,1.025,100.0,8.47
"Soybeans, mature seeds, sprouted, cooked, steamed, with salt","Vegetables and Vegetable Products",8.470,1.025,100.0,8.47
"Potatoes, mashed, dehydrated, flakes without milk, dry form","Vegetables and Vegetable Products",8.340,0.866,86.6,7.22
"Potatoes, mashed, dehydrated, granules without milk, dry form","Vegetables and Vegetable Products",8.220,0.905,90.5,7.44
"Carrot, dehydrated","Vegetables and Vegetable Products",8.100,0.668,66.8,5.41
"Radishes, oriental, dried","Vegetables and Vegetable Products",7.900,0.788,78.8,6.23
"Spinach souffle","Vegetables and Vegetable Products",7.890,1.521,100.0,7.89
"Lima beans, immature seeds, frozen, baby, unprepared","Vegetables and Vegetable Products",7.590,1.000,100.0,7.59
"Beans, navy, mature seeds, sprouted, cooked, boiled, drained, without salt","Vegetables and Vegetable Products",7.070,0.990,99.0,7.00
"Beans, navy, mature seeds, sprouted, cooked, boiled, drained, with salt","Vegetables and Vegetable Products",7.070,0.990,99.0,7.00
"Peas, mature seeds, sprouted, cooked, boiled, drained, without salt","Vegetables and Vegetable Products",7.050,NULL,NULL,NULL
"Peas, mature seeds, sprouted, cooked, boiled, drained, with salt","Vegetables and Vegetable Products",7.050,NULL,NULL,NULL
"Potato flour","Vegetables and Vegetable Products",6.900,1.044,100.0,6.90
"Lima beans, immature seeds, raw","Vegetables and Vegetable Products",6.840,1.003,100.0,6.84
"Lima beans, immature seeds, cooked, boiled, drained, with salt","Vegetables and Vegetable Products",6.810,1.008,100.0,6.81
"Lima beans, immature seeds, cooked, boiled, drained, without salt","Vegetables and Vegetable Products",6.810,1.008,100.0,6.81
"Lima beans, immature seeds, frozen, baby, cooked, boiled, drained, without salt","Vegetables and Vegetable Products",6.650,1.005,100.0,6.65
"Lima beans, immature seeds, frozen, baby, cooked, boiled, drained, with salt","Vegetables and Vegetable Products",6.650,1.005,100.0,6.65
"Lima beans, immature seeds, frozen, fordhook, unprepared","Vegetables and Vegetable Products",6.400,1.001,100.0,6.40
"Garlic, raw","Vegetables and Vegetable Products",6.360,0.821,82.1,5.22
"Beans, navy, mature seeds, sprouted, raw","Vegetables and Vegetable Products",6.150,0.990,99.0,6.09
"Potato pancakes","Vegetables and Vegetable Products",6.080,1.232,100.0,6.08
"Lima beans, immature seeds, frozen, fordhook, cooked, boiled, drained, without salt","Vegetables and Vegetable Products",6.070,1.003,100.0,6.07
"Lima beans, immature seeds, frozen, fordhook, cooked, boiled, drained, with salt","Vegetables and Vegetable Products",6.070,1.003,100.0,6.07
"Seaweed, spirulina, raw","Vegetables and Vegetable Products",5.920,1.171,100.0,5.92
"Winged bean leaves, raw","Vegetables and Vegetable Products",5.850,0.866,86.6,5.07
"Seaweed, laver, raw","Vegetables and Vegetable Products",5.810,0.849,84.9,4.93
"Broadbeans, immature seeds, raw","Vegetables and Vegetable Products",5.600,0.974,97.4,5.45
"Peas, green, raw","Vegetables and Vegetable Products",5.420,0.956,95.6,5.18
"Peas, green, cooked, boiled, drained, without salt","Vegetables and Vegetable Products",5.360,0.958,95.8,5.14
"Peas, green, cooked, boiled, drained, with salt","Vegetables and Vegetable Products",5.360,0.958,95.8,5.14
"Drumstick leaves, cooked, boiled, drained, with salt","Vegetables and Vegetable Products",5.270,1.268,100.0,5.27
"Drumstick leaves, cooked, boiled, drained, without salt","Vegetables and Vegetable Products",5.270,1.268,100.0,5.27
"Beans, pinto, mature seeds, sprouted, raw","Vegetables and Vegetable Products",5.250,0.996,99.6,5.23
"Peas, green, frozen, unprepared (Includes foods for USDA's Food Distribution Program)","Vegetables and Vegetable Products",5.220,0.958,95.8,5.00
"Peas, green, frozen, cooked, boiled, drained, without salt","Vegetables and Vegetable Products",5.150,0.953,95.3,4.91
"Peas, green, frozen, cooked, boiled, drained, with salt","Vegetables and Vegetable Products",5.150,0.953,95.3,4.91
"Succotash, (corn and limas), cooked, boiled, drained, with salt","Vegetables and Vegetable Products",5.070,1.103,100.0,5.07
"Succotash, (corn and limas), cooked, boiled, drained, without salt","Vegetables and Vegetable Products",5.070,1.103,100.0,5.07
"Tomatoes, sun-dried, packed in oil, drained","Vegetables and Vegetable Products",5.060,0.620,62.0,3.14
"Potatoes, au gratin, home-prepared from recipe using butter","Vegetables and Vegetable Products",5.060,1.446,100.0,5.06
"Potatoes, au gratin, home-prepared from recipe using margarine","Vegetables and Vegetable Products",5.060,1.446,100.0,5.06
"Succotash, (corn and limas), raw","Vegetables and Vegetable Products",5.030,1.112,100.0,5.03
"Taro leaves, raw","Vegetables and Vegetable Products",4.980,1.098,100.0,4.98
"Beans, kidney, mature seeds, sprouted, cooked, boiled, drained, with salt","Vegetables and Vegetable Products",4.830,0.988,98.8,4.77
"Beans, kidney, mature seeds, sprouted, cooked, boiled, drained, without salt","Vegetables and Vegetable Products",4.830,0.988,98.8,4.77
"Broadbeans, immature seeds, cooked, boiled, drained, with salt","Vegetables and Vegetable Products",4.800,0.975,97.5,4.68
"Broadbeans, immature seeds, cooked, boiled, drained, without salt","Vegetables and Vegetable Products",4.800,0.975,97.5,4.68
"Jute, potherb, raw","Vegetables and Vegetable Products",4.650,1.026,100.0,4.65
"Peas, green (includes baby and lesuer types), canned, drained solids, unprepared","Vegetables and Vegetable Products",4.470,0.956,95.6,4.27
"Corn pudding, home prepared","Vegetables and Vegetable Products",4.420,1.471,100.0,4.42
"Peas, green, canned, no salt added, drained solids","Vegetables and Vegetable Products",4.420,0.956,95.6,4.23
"Peas, green, canned, drained solids, rinsed in tap water","Vegetables and Vegetable Products",4.330,1.055,100.0,4.33
"Tomato products, canned, paste, without salt added (Includes foods for USDA's Food Distribution Program)","Vegetables and Vegetable Products",4.320,0.487,48.7,2.10
"Succotash, (corn and limas), frozen, unprepared","Vegetables and Vegetable Products",4.310,1.107,100.0,4.31
"Succotash, (corn and limas), frozen, cooked, boiled, drained, with salt","Vegetables and Vegetable Products",4.310,1.107,100.0,4.31
"Succotash, (corn and limas), frozen, cooked, boiled, drained, without salt","Vegetables and Vegetable Products",4.310,1.107,100.0,4.31
"Mung beans, mature seeds, sprouted, cooked, stir-fried","Vegetables and Vegetable Products",4.300,0.835,83.5,3.59
"Lambsquarters, raw","Vegetables and Vegetable Products",4.200,1.380,100.0,4.20
"Beans, kidney, mature seeds, sprouted, raw","Vegetables and Vegetable Products",4.200,0.996,99.6,4.18
"Onion rings, breaded, par fried, frozen, prepared, heated in oven","Vegetables and Vegetable Products",4.140,0.811,81.1,3.36
"Lima beans, immature seeds, canned, no salt added, solids and liquids","Vegetables and Vegetable Products",4.070,0.994,99.4,4.05
"Lima beans, immature seeds, canned, regular pack, solids and liquids","Vegetables and Vegetable Products",4.070,0.994,99.4,4.05
"Spinach, frozen, chopped or leaf, cooked, boiled, drained, without salt","Vegetables and Vegetable Products",4.010,0.815,81.5,3.27
"Spinach, frozen, chopped or leaf, cooked, boiled, drained, with salt","Vegetables and Vegetable Products",4.010,0.815,81.5,3.27
"Alfalfa seeds, sprouted, raw","Vegetables and Vegetable Products",3.990,NULL,NULL,NULL
"Peas and onions, frozen, unprepared","Vegetables and Vegetable Products",3.980,0.982,98.2,3.91
"Mushrooms, white, microwaved","Vegetables and Vegetable Products",3.910,0.581,58.1,2.27
"Broccoli raab, cooked","Vegetables and Vegetable Products",3.830,0.912,91.2,3.49
"Brussels sprouts, frozen, unprepared","Vegetables and Vegetable Products",3.780,NULL,NULL,NULL
"Jute, potherb, cooked, boiled, drained, with salt","Vegetables and Vegetable Products",3.680,1.025,100.0,3.68
"Jute, potherb, cooked, boiled, drained, without salt","Vegetables and Vegetable Products",3.680,1.025,100.0,3.68
"Brussels sprouts, frozen, cooked, boiled, drained, without salt","Vegetables and Vegetable Products",3.640,NULL,NULL,NULL
"Brussels sprouts, frozen, cooked, boiled, drained, with salt","Vegetables and Vegetable Products",3.640,NULL,NULL,NULL
"Spinach, frozen, chopped or leaf, unprepared (Includes foods for USDA's Food Distribution Program)","Vegetables and Vegetable Products",3.630,0.900,90.0,3.27
"Corn, yellow, whole kernel, frozen, microwaved","Vegetables and Vegetable Products",3.620,1.059,100.0,3.62
"Mushrooms, white, stir-fried","Vegetables and Vegetable Products",3.580,0.597,59.7,2.14
"Potatoes, frozen, french fried, par fried, extruded, prepared, heated in oven, without salt","Vegetables and Vegetable Products",3.550,0.807,80.7,2.86
"Peas, edible-podded, frozen, cooked, boiled, drained, without salt","Vegetables and Vegetable Products",3.500,0.419,41.9,1.47
"Peas, edible-podded, frozen, cooked, boiled, drained, with salt","Vegetables and Vegetable Products",3.500,0.419,41.9,1.47
"Mushrooms, shiitake, stir-fried","Vegetables and Vegetable Products",3.450,0.531,53.1,1.83
"Potatoes, french fried, cottage-cut, salt not added in processing, frozen, oven-heated","Vegetables and Vegetable Products",3.440,0.793,79.3,2.73
"Potatoes, frozen, french fried, par fried, cottage-cut, prepared, heated in oven, with salt","Vegetables and Vegetable Products",3.440,0.793,79.3,2.73
"Corn, sweet, yellow, cooked, boiled, drained, with salt","Vegetables and Vegetable Products",3.410,0.919,91.9,3.13
"Corn, sweet, yellow, cooked, boiled, drained, without salt","Vegetables and Vegetable Products",3.410,0.919,91.9,3.13
"Peas and carrots, frozen, unprepared","Vegetables and Vegetable Products",3.400,0.936,93.6,3.18
"Brussels sprouts, raw","Vegetables and Vegetable Products",3.380,NULL,NULL,NULL
"Turnip greens, frozen, cooked, boiled, drained, with salt","Vegetables and Vegetable Products",3.350,1.446,100.0,3.35
"Turnip greens, frozen, cooked, boiled, drained, without salt","Vegetables and Vegetable Products",3.350,1.446,100.0,3.35
"Corn, sweet, white, cooked, boiled, drained, without salt","Vegetables and Vegetable Products",3.340,0.938,93.8,3.13
"Corn, sweet, white, cooked, boiled, drained, with salt","Vegetables and Vegetable Products",3.340,0.938,93.8,3.13
"Vegetables, mixed, frozen, unprepared","Vegetables and Vegetable Products",3.330,0.956,95.6,3.18
"Mushrooms, oyster, raw","Vegetables and Vegetable Products",3.310,0.846,84.6,2.80
"Corn, sweet, white, frozen, kernels on cob, unprepared","Vegetables and Vegetable Products",3.280,0.942,94.2,3.09
"Peas and onions, canned, solids and liquids","Vegetables and Vegetable Products",3.280,0.970,97.0,3.18
"Mushrooms, portabella, exposed to ultraviolet light, grilled","Vegetables and Vegetable Products",3.280,0.707,70.7,2.32
"Mushrooms, portabella, grilled","Vegetables and Vegetable Products",3.280,0.745,74.5,2.44
"Corn, sweet, yellow, frozen, kernels on cob, unprepared","Vegetables and Vegetable Products",3.280,0.942,94.2,3.09
"Corn, sweet, yellow, raw","Vegetables and Vegetable Products",3.270,0.931,93.1,3.04
"Peas, edible-podded, cooked, boiled, drained, with salt","Vegetables and Vegetable Products",3.270,0.408,40.8,1.33
"Peas, edible-podded, boiled, drained, without salt","Vegetables and Vegetable Products",3.270,0.408,40.8,1.33
"Chives, raw","Vegetables and Vegetable Products",3.270,NULL,NULL,NULL
"Asparagus, frozen, unprepared","Vegetables and Vegetable Products",3.230,0.735,73.5,2.37
"Corn, sweet, white, raw","Vegetables and Vegetable Products",3.220,0.945,94.5,3.04
"Lambsquarters, cooked, boiled, drained, with salt","Vegetables and Vegetable Products",3.200,1.378,100.0,3.20
"Lambsquarters, cooked, boiled, drained, without salt","Vegetables and Vegetable Products",3.200,1.378,100.0,3.20
"Peas, green, canned, no salt added, solids and liquids","Vegetables and Vegetable Products",3.190,0.955,95.5,3.05
"Cowpeas (blackeyes), immature seeds, cooked, boiled, drained, with salt","Vegetables and Vegetable Products",3.170,1.208,100.0,3.17
"Cowpeas (blackeyes), immature seeds, cooked, boiled, drained, without salt","Vegetables and Vegetable Products",3.170,1.208,100.0,3.17
"Broccoli raab, raw","Vegetables and Vegetable Products",3.170,0.909,90.9,2.88
"Pumpkin leaves, raw","Vegetables and Vegetable Products",3.150,1.058,100.0,3.15
"Onion rings, breaded, par fried, frozen, unprepared","Vegetables and Vegetable Products",3.150,0.628,62.8,1.98
"Corn, sweet, white, frozen, kernels on cob, cooked, boiled, drained, without salt","Vegetables and Vegetable Products",3.110,0.943,94.3,2.93
"Corn, sweet, yellow, frozen, kernels on cob, cooked, boiled, drained, with salt","Vegetables and Vegetable Products",3.110,0.943,94.3,2.93
"Corn, sweet, white, frozen, kernels on cob, cooked, boiled, drained, with salt","Vegetables and Vegetable Products",3.110,0.943,94.3,2.93
"Corn, sweet, yellow, frozen, kernels on cob, cooked, boiled, drained, without salt","Vegetables and Vegetable Products",3.110,0.943,94.3,2.93
"Broccoli, frozen, chopped, cooked, boiled, drained, with salt","Vegetables and Vegetable Products",3.100,0.793,79.3,2.46
"Broccoli, frozen, spears, cooked, boiled, drained, with salt","Vegetables and Vegetable Products",3.100,0.793,79.3,2.46
"Broccoli, frozen, spears, cooked, boiled, drained, without salt","Vegetables and Vegetable Products",3.100,0.793,79.3,2.46
"Broccoli, frozen, chopped, cooked, boiled, drained, without salt","Vegetables and Vegetable Products",3.100,0.793,79.3,2.46
"Peas and carrots, frozen, cooked, boiled, drained, with salt","Vegetables and Vegetable Products",3.090,0.927,92.7,2.86
"Peas, green, canned, seasoned, solids and liquids","Vegetables and Vegetable Products",3.090,0.956,95.6,2.95
"Peas and carrots, frozen, cooked, boiled, drained, without salt","Vegetables and Vegetable Products",3.090,1.015,100.0,3.09
"Mushrooms, white, raw","Vegetables and Vegetable Products",3.090,0.633,63.3,1.95
"Broccoli, frozen, spears, unprepared (Includes foods for USDA's Food Distribution Program)","Vegetables and Vegetable Products",3.060,0.792,79.2,2.42
"Cauliflower, green, cooked, with salt","Vegetables and Vegetable Products",3.040,0.992,99.2,3.02
"Mung beans, mature seeds, sprouted, raw","Vegetables and Vegetable Products",3.040,0.763,76.3,2.32
"Cauliflower, green, cooked, no salt added","Vegetables and Vegetable Products",3.040,0.992,99.2,3.02
"Seaweed, wakame, raw","Vegetables and Vegetable Products",3.030,0.330,33.0,1.00
"Corn, sweet, white, frozen, kernels cut off cob, unprepared","Vegetables and Vegetable Products",3.020,0.942,94.2,2.84
"Collards, raw","Vegetables and Vegetable Products",3.020,0.847,84.7,2.56
"Corn, sweet, yellow, frozen, kernels cut off cob, unprepared (Includes foods for USDA's Food Distribution Program)","Vegetables and Vegetable Products",3.020,1.015,100.0,3.02
"Peas, green, canned, regular pack, solids and liquids","Vegetables and Vegetable Products",3.010,0.982,98.2,2.95
"Potatoes, hash brown, home-prepared","Vegetables and Vegetable Products",3.000,1.023,100.0,3.00
"Turnip greens and turnips, frozen, cooked, boiled, drained, with salt","Vegetables and Vegetable Products",2.990,1.390,100.0,2.99
"Turnip greens and turnips, frozen, cooked, boiled, drained, without salt","Vegetables and Vegetable Products",2.990,1.390,100.0,2.99
"Broccoli, flower clusters, raw","Vegetables and Vegetable Products",2.980,0.745,74.5,2.22
"Broccoli, leaves, raw","Vegetables and Vegetable Products",2.980,0.745,74.5,2.22
"Broccoli, stalks, raw","Vegetables and Vegetable Products",2.980,0.745,74.5,2.22
"Collards, frozen, chopped, cooked, boiled, drained, without salt","Vegetables and Vegetable Products",2.970,1.050,100.0,2.97
"Spinach, cooked, boiled, drained, without salt","Vegetables and Vegetable Products",2.970,1.318,100.0,2.97
"Spinach, cooked, boiled, drained, with salt","Vegetables and Vegetable Products",2.970,1.318,100.0,2.97
"Collards, frozen, chopped, cooked, boiled, drained, with salt","Vegetables and Vegetable Products",2.970,1.050,100.0,2.97
"Parsley, fresh","Vegetables and Vegetable Products",2.970,0.857,85.7,2.55
"Asparagus, frozen, cooked, boiled, drained, with salt","Vegetables and Vegetable Products",2.950,0.735,73.5,2.17
"Asparagus, frozen, cooked, boiled, drained, without salt","Vegetables and Vegetable Products",2.950,0.735,73.5,2.17
"Cauliflower, green, raw","Vegetables and Vegetable Products",2.950,0.988,98.8,2.92
"Hyacinth-beans, immature seeds, cooked, boiled, drained, with salt","Vegetables and Vegetable Products",2.950,NULL,NULL,NULL
"Cowpeas (blackeyes), immature seeds, raw","Vegetables and Vegetable Products",2.950,1.212,100.0,2.95
"Hyacinth-beans, immature seeds, cooked, boiled, drained, without salt","Vegetables and Vegetable Products",2.950,NULL,NULL,NULL
"Kale, cooked, boiled, drained, with salt","Vegetables and Vegetable Products",2.940,1.051,100.0,2.94
"Kale, frozen, cooked, boiled, drained, with salt","Vegetables and Vegetable Products",2.940,1.051,100.0,2.94
"Kale, frozen, cooked, boiled, drained, without salt","Vegetables and Vegetable Products",2.940,1.051,100.0,2.94
"Kale, cooked, boiled, drained, without salt","Vegetables and Vegetable Products",2.940,1.051,100.0,2.94
"Kale, raw","Vegetables and Vegetable Products",2.920,1.043,100.0,2.92
"Potatoes, french fried, shoestring, salt added in processing, frozen, oven-heated","Vegetables and Vegetable Products",2.900,0.988,98.8,2.86
"Potatoes, scalloped, home-prepared with margarine","Vegetables and Vegetable Products",2.870,1.329,100.0,2.87
"Potatoes, scalloped, home-prepared with butter","Vegetables and Vegetable Products",2.870,1.329,100.0,2.87
"Vegetables, mixed, frozen, cooked, boiled, drained, without salt","Vegetables and Vegetable Products",2.860,0.954,95.4,2.73
"Vegetables, mixed, frozen, cooked, boiled, drained, with salt","Vegetables and Vegetable Products",2.860,0.954,95.4,2.73
"Spinach, raw","Vegetables and Vegetable Products",2.860,1.322,100.0,2.86
"Potatoes, frozen, french fried, par fried, extruded, unprepared","Vegetables and Vegetable Products",2.830,0.803,80.3,2.27
"Broccoli, raw","Vegetables and Vegetable Products",2.820,0.775,77.5,2.19
"Spinach, canned, regular pack, drained solids","Vegetables and Vegetable Products",2.810,1.321,100.0,2.81
"Broccoli, frozen, chopped, unprepared","Vegetables and Vegetable Products",2.810,0.790,79.0,2.22
"Yardlong bean, raw","Vegetables and Vegetable Products",2.800,1.211,100.0,2.80
"Peas, edible-podded, frozen, unprepared","Vegetables and Vegetable Products",2.800,0.405,40.5,1.13
"Peas, edible-podded, raw","Vegetables and Vegetable Products",2.800,0.405,40.5,1.13
"Corn, sweet, white, frozen, kernels cut off cob, boiled, drained, with salt","Vegetables and Vegetable Products",2.750,1.333,100.0,2.75
"Potatoes, french fried, all types, salt added in processing, frozen, home-prepared, oven heated","Vegetables and Vegetable Products",2.750,0.992,99.2,2.73
"Corn, sweet, white, frozen, kernels cut off cob, boiled, drained, without salt","Vegetables and Vegetable Products",2.750,1.333,100.0,2.75
"Pumpkin leaves, cooked, boiled, drained, with salt","Vegetables and Vegetable Products",2.720,1.078,100.0,2.72
"Taro, leaves, cooked, steamed, with salt","Vegetables and Vegetable Products",2.720,1.095,100.0,2.72
"Pumpkin leaves, cooked, boiled, drained, without salt","Vegetables and Vegetable Products",2.720,1.078,100.0,2.72
"Taro leaves, cooked, steamed, without salt","Vegetables and Vegetable Products",2.720,1.095,100.0,2.72
"Collards, cooked, boiled, drained, with salt","Vegetables and Vegetable Products",2.710,0.813,81.3,2.20
"Squash, zucchini, baby, raw","Vegetables and Vegetable Products",2.710,0.994,99.4,2.69
"Collards, cooked, boiled, drained, without salt","Vegetables and Vegetable Products",2.710,0.813,81.3,2.20
"Collards, frozen, chopped, unprepared","Vegetables and Vegetable Products",2.690,1.052,100.0,2.69
"Potato salad, home-prepared","Vegetables and Vegetable Products",2.680,1.278,100.0,2.68
"Kale, frozen, unprepared","Vegetables and Vegetable Products",2.660,1.042,100.0,2.66
"Mushrooms, enoki, raw","Vegetables and Vegetable Products",2.660,0.828,82.8,2.20
"Potatoes, hash brown, frozen, plain, prepared, pan fried in canola oil","Vegetables and Vegetable Products",2.650,1.260,100.0,2.65
"Succotash, (corn and limas), canned, with cream style corn","Vegetables and Vegetable Products",2.640,1.102,100.0,2.64
"Potatoes, Russet, flesh and skin, baked","Vegetables and Vegetable Products",2.630,0.806,80.6,2.12
"Succotash, (corn and limas), canned, with whole kernel corn, solids and liquids","Vegetables and Vegetable Products",2.600,1.101,100.0,2.60
"Lotus root, raw","Vegetables and Vegetable Products",2.600,0.450,45.0,1.17
"Bamboo shoots, raw","Vegetables and Vegetable Products",2.600,NULL,NULL,NULL
"Water convolvulus,raw","Vegetables and Vegetable Products",2.600,NULL,NULL,NULL
"Vegetables, mixed, canned, drained solids","Vegetables and Vegetable Products",2.590,0.965,96.5,2.50
"Beet greens, cooked, boiled, drained, without salt","Vegetables and Vegetable Products",2.570,0.649,64.9,1.67
"Beet greens, cooked, boiled, drained, with salt","Vegetables and Vegetable Products",2.570,0.649,64.9,1.67
"Brussels sprouts, cooked, boiled, drained, with salt","Vegetables and Vegetable Products",2.550,NULL,NULL,NULL
"Corn, sweet, yellow, frozen, kernels, cut off cob, boiled, drained, with salt","Vegetables and Vegetable Products",2.550,1.333,100.0,2.55
"Corn, sweet, yellow, frozen, kernels cut off cob, boiled, drained, without salt","Vegetables and Vegetable Products",2.550,1.333,100.0,2.55
"Brussels sprouts, cooked, boiled, drained, without salt","Vegetables and Vegetable Products",2.550,NULL,NULL,NULL
"Peas and onions, frozen, cooked, boiled, drained, with salt","Vegetables and Vegetable Products",2.540,0.966,96.6,2.45
"Peas and onions, frozen, cooked, boiled, drained, without salt","Vegetables and Vegetable Products",2.540,0.966,96.6,2.45
"Yardlong bean, cooked, boiled, drained, with salt","Vegetables and Vegetable Products",2.530,1.206,100.0,2.53
"Yardlong bean, cooked, boiled, drained, without salt","Vegetables and Vegetable Products",2.530,1.206,100.0,2.53
"Hearts of palm, canned","Vegetables and Vegetable Products",2.520,0.802,80.2,2.02
"Potatoes, french fried, crinkle or regular cut, salt added in processing, frozen, oven-heated","Vegetables and Vegetable Products",2.510,0.993,99.3,2.49
"Potatoes, baked, flesh and skin, without salt","Vegetables and Vegetable Products",2.500,0.807,80.7,2.02
"Shallots, raw","Vegetables and Vegetable Products",2.500,NULL,NULL,NULL
"Mushrooms, brown, italian, or crimini, raw","Vegetables and Vegetable Products",2.500,0.982,98.2,2.45
"Potatoes, baked, flesh and skin, with salt","Vegetables and Vegetable Products",2.500,0.807,80.7,2.02
"Mustard greens, frozen, unprepared","Vegetables and Vegetable Products",2.490,0.517,51.7,1.29
"Squash, winter, hubbard, baked, with salt","Vegetables and Vegetable Products",2.480,0.493,49.3,1.22
"Squash, winter, hubbard, baked, without salt","Vegetables and Vegetable Products",2.480,0.493,49.3,1.22
"Turnip greens, frozen, unprepared","Vegetables and Vegetable Products",2.470,1.448,100.0,2.47
"Amaranth leaves, raw","Vegetables and Vegetable Products",2.460,1.147,100.0,2.46
"Turnip greens and turnips, frozen, unprepared","Vegetables and Vegetable Products",2.460,1.274,100.0,2.46
"Potatoes, microwaved, cooked, in skin, flesh and skin, with salt","Vegetables and Vegetable Products",2.440,1.021,100.0,2.44
"Potatoes, microwaved, cooked in skin, flesh and skin, without salt","Vegetables and Vegetable Products",2.440,1.021,100.0,2.44
"Potatoes, french fried, cottage-cut, salt not added in processing, frozen, as purchased","Vegetables and Vegetable Products",2.420,0.789,78.9,1.91
"Corn, sweet, white, canned, vacuum pack, regular pack","Vegetables and Vegetable Products",2.410,0.941,94.1,2.27
"Corn, sweet, yellow, canned, vacuum pack, regular pack","Vegetables and Vegetable Products",2.410,0.941,94.1,2.27
"Corn, sweet, yellow, canned, vacuum pack, no salt added","Vegetables and Vegetable Products",2.410,0.941,94.1,2.27
"Corn, sweet, white, canned, vacuum pack, no salt added","Vegetables and Vegetable Products",2.410,0.941,94.1,2.27
"Asparagus, cooked, boiled, drained, with salt","Vegetables and Vegetable Products",2.400,0.989,98.9,2.37
"Asparagus, cooked, boiled, drained","Vegetables and Vegetable Products",2.400,0.989,98.9,2.37
"Broccoli, cooked, boiled, drained, without salt","Vegetables and Vegetable Products",2.380,1.047,100.0,2.38
"Broccoli, cooked, boiled, drained, with salt","Vegetables and Vegetable Products",2.380,1.047,100.0,2.38
"Potatoes, o'brien, home-prepared","Vegetables and Vegetable Products",2.350,1.219,100.0,2.35
"Potatoes, french fried, crinkle or regular cut, salt added in processing, frozen, as purchased","Vegetables and Vegetable Products",2.340,0.992,99.2,2.32
"Corn with red and green peppers, canned, solids and liquids","Vegetables and Vegetable Products",2.330,0.944,94.4,2.20
"Potatoes, red, flesh and skin, baked","Vegetables and Vegetable Products",2.300,0.803,80.3,1.85
"Watercress, raw","Vegetables and Vegetable Products",2.300,0.534,53.4,1.23
"Corn, sweet, white, canned, whole kernel, drained solids","Vegetables and Vegetable Products",2.290,1.048,100.0,2.29
"Corn, sweet, yellow, canned, whole kernel, drained solids","Vegetables and Vegetable Products",2.290,1.048,100.0,2.29
"Mustard greens, frozen, cooked, boiled, drained, with salt","Vegetables and Vegetable Products",2.270,0.523,52.3,1.19
"Mustard greens, frozen, cooked, boiled, drained, without salt","Vegetables and Vegetable Products",2.270,0.523,52.3,1.19
"Mushrooms, shiitake, raw","Vegetables and Vegetable Products",2.240,0.818,81.8,1.83
"Potatoes, french fried, all types, salt added in processing, frozen, unprepared","Vegetables and Vegetable Products",2.240,0.991,99.1,2.22
"Potatoes, o'brien, frozen, prepared","Vegetables and Vegetable Products",2.220,1.000,100.0,2.22
"Beet greens, raw","Vegetables and Vegetable Products",2.200,0.646,64.6,1.42
"Asparagus, raw","Vegetables and Vegetable Products",2.200,0.986,98.6,2.17
"Potatoes, french fried, steak fries, salt added in processing, frozen, as purchased","Vegetables and Vegetable Products",2.190,0.991,99.1,2.17
"Corn, sweet, yellow, canned, drained solids, rinsed with tap water","Vegetables and Vegetable Products",2.180,1.055,100.0,2.18
"Peas and carrots, canned, no salt added, solids and liquids","Vegetables and Vegetable Products",2.170,0.922,92.2,2.00
"Peas and carrots, canned, regular pack, solids and liquids","Vegetables and Vegetable Products",2.170,0.922,92.2,2.00
"Mushrooms, white, cooked, boiled, drained, with salt","Vegetables and Vegetable Products",2.170,0.649,64.9,1.41
"Mushrooms, white, cooked, boiled, drained, without salt","Vegetables and Vegetable Products",2.170,0.649,64.9,1.41
"Potatoes, french fried, shoestring, salt added in processing, frozen, as purchased","Vegetables and Vegetable Products",2.160,0.989,98.9,2.14
"Asparagus, canned, drained solids","Vegetables and Vegetable Products",2.140,0.737,73.7,1.58
"Potatoes, mashed, dehydrated, prepared from granules with milk, water and margarine added","Vegetables and Vegetable Products",2.130,1.090,100.0,2.13
"Potato puffs, frozen, oven-heated","Vegetables and Vegetable Products",2.130,1.265,100.0,2.13
"Tomato products, canned, sauce, with herbs and cheese","Vegetables and Vegetable Products",2.130,0.899,89.9,1.92
"Mushrooms, portabella, exposed to ultraviolet light, raw","Vegetables and Vegetable Products",2.110,1.163,100.0,2.11
"Amaranth leaves, cooked, boiled, drained, without salt","Vegetables and Vegetable Products",2.110,1.148,100.0,2.11
"Spinach, canned, regular pack, solids and liquids","Vegetables and Vegetable Products",2.110,1.317,100.0,2.11
"Mushrooms, portabella, raw","Vegetables and Vegetable Products",2.110,0.840,84.0,1.77
"Spinach, canned, no salt added, solids and liquids","Vegetables and Vegetable Products",2.110,1.317,100.0,2.11
"Amaranth leaves, cooked, boiled, drained, with salt","Vegetables and Vegetable Products",2.110,1.148,100.0,2.11
"Hyacinth-beans, immature seeds, raw","Vegetables and Vegetable Products",2.100,NULL,NULL,NULL
"Potatoes, white, flesh and skin, baked","Vegetables and Vegetable Products",2.100,0.807,80.7,1.69
"Potatoes, microwaved, cooked in skin, flesh, without salt","Vegetables and Vegetable Products",2.100,1.017,100.0,2.10
"Potatoes, microwaved, cooked in skin, flesh, with salt","Vegetables and Vegetable Products",2.100,1.017,100.0,2.10
"Burdock root, cooked, boiled, drained, without salt","Vegetables and Vegetable Products",2.090,0.357,35.7,0.75
"Burdock root, cooked, boiled, drained, with salt","Vegetables and Vegetable Products",2.090,0.357,35.7,0.75
"Water convolvulus, cooked, boiled, drained, with salt","Vegetables and Vegetable Products",2.080,NULL,NULL,NULL
"Water convolvulus, cooked, boiled, drained, without salt","Vegetables and Vegetable Products",2.080,NULL,NULL,NULL
"Potatoes, hash brown, frozen, plain, unprepared","Vegetables and Vegetable Products",2.060,0.794,79.4,1.64
"Potatoes, flesh and skin, raw","Vegetables and Vegetable Products",2.050,0.810,81.0,1.66
"Potatoes, mashed, prepared from granules, without milk, whole milk and margarine","Vegetables and Vegetable Products",2.050,1.375,100.0,2.05
"Potatoes, mashed, dehydrated, prepared from granules without milk, whole milk and butter added","Vegetables and Vegetable Products",2.050,1.375,100.0,2.05
"Mung beans, mature seeds, sprouted, cooked, boiled, drained, without salt","Vegetables and Vegetable Products",2.030,0.828,82.8,1.68
"Mung beans, mature seeds, sprouted, cooked, boiled, drained, with salt","Vegetables and Vegetable Products",2.030,0.828,82.8,1.68
"Sweet potato, cooked, baked in skin, flesh, with salt","Vegetables and Vegetable Products",2.010,0.929,92.9,1.87
"Sweet potato, cooked, baked in skin, flesh, without salt","Vegetables and Vegetable Products",2.010,0.929,92.9,1.87
"Cauliflower, frozen, unprepared","Vegetables and Vegetable Products",2.010,0.995,99.5,2.00
"Cabbage, savoy, raw","Vegetables and Vegetable Products",2.000,0.841,84.1,1.68
"Peppers, hot chili, green, raw","Vegetables and Vegetable Products",2.000,0.890,89.0,1.78
"Cornsalad, raw","Vegetables and Vegetable Products",2.000,1.023,100.0,2.00
"Dock, raw","Vegetables and Vegetable Products",2.000,NULL,NULL,NULL
"Squash, winter, hubbard, raw","Vegetables and Vegetable Products",2.000,0.822,82.2,1.64
"Potatoes, frozen, whole, cooked, boiled, drained, without salt","Vegetables and Vegetable Products",1.980,1.019,100.0,1.98
"Potatoes, frozen, whole, cooked, boiled, drained, with salt","Vegetables and Vegetable Products",1.980,1.019,100.0,1.98
"Sweet potato, canned, mashed","Vegetables and Vegetable Products",1.980,1.089,100.0,1.98
"Beans, snap, green, frozen, all styles, microwaved","Vegetables and Vegetable Products",1.980,0.918,91.8,1.82
"Potatoes, mashed, ready-to-eat","Vegetables and Vegetable Products",1.970,1.721,100.0,1.97
"Tomatoes, red, ripe, cooked, stewed","Vegetables and Vegetable Products",1.960,0.703,70.3,1.38
"Potatoes, mashed, home-prepared, whole milk and margarine added","Vegetables and Vegetable Products",1.960,1.176,100.0,1.96
"Potatoes, baked, flesh, without salt","Vegetables and Vegetable Products",1.960,1.020,100.0,1.96
"Potatoes, baked, flesh, with salt","Vegetables and Vegetable Products",1.960,1.020,100.0,1.96
"Corn, sweet, white, canned, whole kernel, no salt added, solids and liquids","Vegetables and Vegetable Products",1.950,0.934,93.4,1.82
"Corn, sweet, white, canned, whole kernel, regular pack, solids and liquids","Vegetables and Vegetable Products",1.950,0.934,93.4,1.82
"Corn, sweet, yellow, canned, brine pack, regular pack, solids and liquids","Vegetables and Vegetable Products",1.950,0.934,93.4,1.82
"Corn, sweet, yellow, canned, no salt added, solids and liquids (Includes foods for USDA's Food Distribution Program)","Vegetables and Vegetable Products",1.950,0.855,85.5,1.67
"Mushrooms, maitake, raw","Vegetables and Vegetable Products",1.940,0.699,69.9,1.36
"Potato puffs, frozen, unprepared","Vegetables and Vegetable Products",1.930,1.265,100.0,1.93
"Okra, raw","Vegetables and Vegetable Products",1.930,0.922,92.2,1.78
"Cauliflower, raw","Vegetables and Vegetable Products",1.920,0.936,93.6,1.80
"Potatoes, mashed, home-prepared, whole milk added","Vegetables and Vegetable Products",1.910,1.171,100.0,1.91
"Onions, welsh, raw","Vegetables and Vegetable Products",1.900,NULL,NULL,NULL
"Potatoes, mashed, dehydrated, prepared from flakes without milk, whole milk and margarine added","Vegetables and Vegetable Products",1.900,1.292,100.0,1.90
"Beans, snap, yellow, cooked, boiled, drained, with salt","Vegetables and Vegetable Products",1.890,0.986,98.6,1.86
"Beans, snap, yellow, cooked, boiled, drained, without salt","Vegetables and Vegetable Products",1.890,0.986,98.6,1.86
"Beans, snap, green, cooked, boiled, drained, with salt","Vegetables and Vegetable Products",1.890,0.986,98.6,1.86
"Beans, snap, green, cooked, boiled, drained, without salt","Vegetables and Vegetable Products",1.890,0.986,98.6,1.86
"Potatoes, red, flesh and skin, raw","Vegetables and Vegetable Products",1.890,0.807,80.7,1.53
"Chard, swiss, cooked, boiled, drained, with salt","Vegetables and Vegetable Products",1.880,NULL,NULL,NULL
"Chard, swiss, cooked, boiled, drained, without salt","Vegetables and Vegetable Products",1.880,NULL,NULL,NULL
"Potatoes, boiled, cooked in skin, flesh, with salt","Vegetables and Vegetable Products",1.870,1.015,100.0,1.87
"Potatoes, boiled, cooked in skin, flesh, without salt","Vegetables and Vegetable Products",1.870,1.015,100.0,1.87
"Peppers, hot chili, red, raw","Vegetables and Vegetable Products",1.870,0.952,95.2,1.78
"Okra, cooked, boiled, drained, with salt","Vegetables and Vegetable Products",1.870,0.888,88.8,1.66
"Mushrooms, canned, drained solids","Vegetables and Vegetable Products",1.870,0.632,63.2,1.18
"Okra, cooked, boiled, drained, without salt","Vegetables and Vegetable Products",1.870,0.888,88.8,1.66
"Beans, pinto, mature seeds, sprouted, cooked, boiled, drained, with salt","Vegetables and Vegetable Products",1.860,0.978,97.8,1.82
"Potatoes, mashed, home-prepared, whole milk and butter added","Vegetables and Vegetable Products",1.860,1.121,100.0,1.86
"Seaweed, Canadian Cultivated EMI-TSUNOMATA, rehydrated","Vegetables and Vegetable Products",1.860,1.002,100.0,1.86
"Beans, pinto, mature seeds, sprouted, cooked, boiled, drained, without salt","Vegetables and Vegetable Products",1.860,0.978,97.8,1.82
"Cauliflower, cooked, boiled, drained, with salt","Vegetables and Vegetable Products",1.840,0.986,98.6,1.81
"Cauliflower, cooked, boiled, drained, without salt","Vegetables and Vegetable Products",1.840,0.986,98.6,1.81
"Potatoes, o'brien, frozen, unprepared","Vegetables and Vegetable Products",1.830,0.991,99.1,1.81
"Onions, spring or scallions (includes tops and bulb), raw","Vegetables and Vegetable Products",1.830,NULL,NULL,NULL
"Dock, cooked, boiled, drained, without salt","Vegetables and Vegetable Products",1.830,NULL,NULL,NULL
"Beans, snap, green, raw","Vegetables and Vegetable Products",1.830,0.994,99.4,1.82
"Dock, cooked, boiled, drained, with salt","Vegetables and Vegetable Products",1.830,NULL,NULL,NULL
"Beans, snap, yellow, raw","Vegetables and Vegetable Products",1.820,0.999,99.9,1.82
"Ginger root, raw","Vegetables and Vegetable Products",1.820,0.524,52.4,0.95
"Beans, snap, yellow, frozen, all styles, unprepared","Vegetables and Vegetable Products",1.800,1.010,100.0,1.80
"Asparagus, canned, no salt added, solids and liquids","Vegetables and Vegetable Products",1.800,0.734,73.4,1.32
"Asparagus, canned, regular pack, solids and liquids","Vegetables and Vegetable Products",1.800,0.734,73.4,1.32
"Kohlrabi, cooked, boiled, drained, without salt","Vegetables and Vegetable Products",1.800,NULL,NULL,NULL
"Kohlrabi, cooked, boiled, drained, with salt","Vegetables and Vegetable Products",1.800,NULL,NULL,NULL
"Chard, swiss, raw","Vegetables and Vegetable Products",1.800,NULL,NULL,NULL
"Vinespinach, (basella), raw","Vegetables and Vegetable Products",1.800,0.926,92.6,1.67
"Cabbage, savoy, cooked, boiled, drained, without salt","Vegetables and Vegetable Products",1.800,0.833,83.3,1.50
"Cabbage, savoy, cooked, boiled, drained, with salt","Vegetables and Vegetable Products",1.800,0.833,83.3,1.50
"Beans, snap, green, frozen, all styles, unprepared (Includes foods for USDA's Food Distribution Program)","Vegetables and Vegetable Products",1.790,1.016,100.0,1.79
"Potatoes, mashed, dehydrated, prepared from flakes without milk, whole milk and butter added","Vegetables and Vegetable Products",1.770,1.101,100.0,1.77
"Squash, winter, butternut, frozen, unprepared","Vegetables and Vegetable Products",1.760,0.821,82.1,1.44
"Corn, sweet, white, canned, cream style, no salt added","Vegetables and Vegetable Products",1.740,0.945,94.5,1.64
"Corn, sweet, white, canned, cream style, regular pack","Vegetables and Vegetable Products",1.740,0.945,94.5,1.64
"Corn, sweet, yellow, canned, cream style, no salt added","Vegetables and Vegetable Products",1.740,0.945,94.5,1.64
"Corn, sweet, yellow, canned, cream style, regular pack","Vegetables and Vegetable Products",1.740,0.945,94.5,1.64
"Mountain yam, hawaii, cooked, steamed, with salt","Vegetables and Vegetable Products",1.730,0.861,86.1,1.49
"Mountain yam, hawaii, cooked, steamed, without salt","Vegetables and Vegetable Products",1.730,0.861,86.1,1.49
"Bamboo shoots, canned, drained solids","Vegetables and Vegetable Products",1.720,NULL,NULL,NULL
"Sweet potato, frozen, cooked, baked, without salt","Vegetables and Vegetable Products",1.710,1.092,100.0,1.71
"Sweet potato, frozen, cooked, baked, with salt","Vegetables and Vegetable Products",1.710,1.092,100.0,1.71
"Potatoes, boiled, cooked without skin, flesh, with salt","Vegetables and Vegetable Products",1.710,1.021,100.0,1.71
"Potatoes, boiled, cooked without skin, flesh, without salt","Vegetables and Vegetable Products",1.710,1.021,100.0,1.71
"Sweet potato, frozen, unprepared (Includes foods for USDA's Food Distribution Program)","Vegetables and Vegetable Products",1.710,1.092,100.0,1.71
"Chicory greens, raw","Vegetables and Vegetable Products",1.700,NULL,NULL,NULL
"Kohlrabi, raw","Vegetables and Vegetable Products",1.700,NULL,NULL,NULL
"Okra, frozen, unprepared","Vegetables and Vegetable Products",1.690,0.893,89.3,1.51
"Seaweed, kelp, raw","Vegetables and Vegetable Products",1.680,0.837,83.7,1.41
"Beets, cooked, boiled, drained","Vegetables and Vegetable Products",1.680,0.716,71.6,1.20
"Potatoes, white, flesh and skin, raw","Vegetables and Vegetable Products",1.680,0.807,80.7,1.36
"Beets, cooked, boiled. drained, with salt","Vegetables and Vegetable Products",1.680,0.716,71.6,1.20
"Tomato products, canned, puree, without salt added","Vegetables and Vegetable Products",1.650,0.473,47.3,0.78
"Sweet potato, canned, vacuum pack","Vegetables and Vegetable Products",1.650,0.929,92.9,1.53
"Tomato products, canned, puree, with salt added","Vegetables and Vegetable Products",1.650,0.483,48.3,0.80
"Tomatoes, crushed, canned","Vegetables and Vegetable Products",1.640,0.589,58.9,0.97
"Okra, frozen, cooked, boiled, drained, with salt","Vegetables and Vegetable Products",1.630,0.925,92.5,1.51
"Okra, frozen, cooked, boiled, drained, without salt","Vegetables and Vegetable Products",1.630,0.892,89.2,1.45
"Beets, raw","Vegetables and Vegetable Products",1.610,0.716,71.6,1.15
"Cauliflower, frozen, cooked, boiled, drained, without salt","Vegetables and Vegetable Products",1.610,0.990,99.0,1.59
"Cauliflower, frozen, cooked, boiled, drained, with salt","Vegetables and Vegetable Products",1.610,0.990,99.0,1.59
"Lotus root, cooked, boiled, drained, with salt","Vegetables and Vegetable Products",1.580,0.451,45.1,0.71
"Lotus root, cooked, boiled, drained, without salt","Vegetables and Vegetable Products",1.580,0.451,45.1,0.71
"Sweet potato, raw, unprepared (Includes foods for USDA's Food Distribution Program)","Vegetables and Vegetable Products",1.570,0.934,93.4,1.47
"Cabbage, chinese (pak-choi), cooked, boiled, drained, without salt","Vegetables and Vegetable Products",1.560,0.758,75.8,1.18
"Mushrooms, shiitake, cooked, with salt","Vegetables and Vegetable Products",1.560,0.427,42.7,0.67
"Cabbage, chinese (pak-choi), cooked, boiled, drained, with salt","Vegetables and Vegetable Products",1.560,0.758,75.8,1.18
"Mushrooms, shiitake, cooked, without salt","Vegetables and Vegetable Products",1.560,0.427,42.7,0.67
"Tomato products, canned, sauce, with onions","Vegetables and Vegetable Products",1.560,0.532,53.2,0.83
"Burdock root, raw","Vegetables and Vegetable Products",1.530,0.354,35.4,0.54
"Turnips, frozen, cooked, boiled, drained, with salt","Vegetables and Vegetable Products",1.530,0.631,63.1,0.97
"Bamboo shoots, cooked, boiled, drained, without salt","Vegetables and Vegetable Products",1.530,NULL,NULL,NULL
"Bamboo shoots, cooked, boiled, drained, with salt","Vegetables and Vegetable Products",1.530,NULL,NULL,NULL
"Yam, raw","Vegetables and Vegetable Products",1.530,0.857,85.7,1.31
"Turnips, frozen, cooked, boiled, drained, without salt","Vegetables and Vegetable Products",1.530,0.631,63.1,0.97
"Cabbage, red, cooked, boiled, drained, without salt","Vegetables and Vegetable Products",1.510,0.550,55.0,0.83
"Cabbage, red, cooked, boiled, drained, with salt","Vegetables and Vegetable Products",1.510,0.550,55.0,0.83
"Cabbage, chinese (pak-choi), raw","Vegetables and Vegetable Products",1.500,0.788,78.8,1.18
"Turnip greens, raw","Vegetables and Vegetable Products",1.500,1.452,100.0,1.50
"Taro, raw","Vegetables and Vegetable Products",1.500,0.993,99.3,1.49
"Cabbage, chinese (pe-tsai), cooked, boiled, drained, without salt","Vegetables and Vegetable Products",1.500,0.788,78.8,1.18
"Cabbage, chinese (pe-tsai), cooked, boiled, drained, with salt","Vegetables and Vegetable Products",1.500,0.788,78.8,1.18
"Pickle relish, hot dog","Vegetables and Vegetable Products",1.500,0.847,84.7,1.27
"Leeks, (bulb and lower leaf-portion), raw","Vegetables and Vegetable Products",1.500,0.957,95.7,1.44
"Beans, snap, yellow, frozen, cooked, boiled, drained, without salt","Vegetables and Vegetable Products",1.490,0.976,97.6,1.45
"Beans, snap, green, frozen, cooked, boiled, drained, with salt","Vegetables and Vegetable Products",1.490,0.976,97.6,1.45
"Yam, cooked, boiled, drained, or baked, with salt","Vegetables and Vegetable Products",1.490,0.865,86.5,1.29
"Purslane, cooked, boiled, drained, without salt","Vegetables and Vegetable Products",1.490,0.732,73.2,1.09
"Beans, snap, green, frozen, cooked, boiled, drained without salt","Vegetables and Vegetable Products",1.490,0.976,97.6,1.45
"Beans, snap, yellow, frozen, cooked, boiled, drained, with salt","Vegetables and Vegetable Products",1.490,0.976,97.6,1.45
"Purslane, cooked, boiled, drained, with salt","Vegetables and Vegetable Products",1.490,0.732,73.2,1.09
"Yam, cooked, boiled, drained, or baked, without salt","Vegetables and Vegetable Products",1.490,0.865,86.5,1.29
"Squash, winter, hubbard, cooked, boiled, mashed, without salt","Vegetables and Vegetable Products",1.480,0.826,82.6,1.22
"Squash, winter, hubbard, cooked, boiled, mashed, with salt","Vegetables and Vegetable Products",1.480,0.826,82.6,1.22
"Tomato products, canned, sauce, with mushrooms","Vegetables and Vegetable Products",1.450,0.643,64.3,0.93
"Tomato products, canned, sauce, spanish style","Vegetables and Vegetable Products",1.440,0.471,47.1,0.68
"Radicchio, raw","Vegetables and Vegetable Products",1.430,NULL,NULL,NULL
"Cabbage, red, raw","Vegetables and Vegetable Products",1.430,0.545,54.5,0.78
"Vegetables, mixed, canned, solids and liquids","Vegetables and Vegetable Products",1.420,0.960,96.0,1.36
"Potatoes, canned, drained solids","Vegetables and Vegetable Products",1.410,1.022,100.0,1.41
"Beans, mung, mature seeds, sprouted, canned, drained solids","Vegetables and Vegetable Products",1.400,0.844,84.4,1.18
"Sweet potato, cooked, boiled, without skin, with salt","Vegetables and Vegetable Products",1.370,1.314,100.0,1.37
"Sweet potato, cooked, boiled, without skin","Vegetables and Vegetable Products",1.370,0.941,94.1,1.29
"Cassava, raw","Vegetables and Vegetable Products",1.360,0.486,48.6,0.66
"Onions, cooked, boiled, drained, without salt","Vegetables and Vegetable Products",1.360,0.584,58.4,0.79
"Onions, cooked, boiled, drained, with salt","Vegetables and Vegetable Products",1.360,0.584,58.4,0.79
"Turnip greens, canned, solids and liquids","Vegetables and Vegetable Products",1.360,1.438,100.0,1.36
"Lettuce, green leaf, raw","Vegetables and Vegetable Products",1.360,0.985,98.5,1.34
"Nopales, cooked, without salt","Vegetables and Vegetable Products",1.350,0.808,80.8,1.09
"Lettuce, butterhead (includes boston and bibb types), raw","Vegetables and Vegetable Products",1.350,0.774,77.4,1.05
"Mountain yam, hawaii, raw","Vegetables and Vegetable Products",1.340,0.862,86.2,1.16
"Lettuce, red leaf, raw","Vegetables and Vegetable Products",1.330,0.752,75.2,1.00
"Tomato products, canned, sauce, with tomato tidbits","Vegetables and Vegetable Products",1.320,0.475,47.5,0.63
"Nopales, raw","Vegetables and Vegetable Products",1.320,0.792,79.2,1.05
"Squash, summer, crookneck and straightneck, frozen, cooked, boiled, drained, with salt","Vegetables and Vegetable Products",1.280,0.993,99.3,1.27
"Sesbania flower, raw","Vegetables and Vegetable Products",1.280,NULL,NULL,NULL
"Squash, summer, crookneck and straightneck, frozen, cooked, boiled, drained, without salt","Vegetables and Vegetable Products",1.280,0.993,99.3,1.27
"Sweet potato, canned, syrup pack, drained solids","Vegetables and Vegetable Products",1.280,1.094,100.0,1.28
"Cabbage, raw","Vegetables and Vegetable Products",1.280,0.543,54.3,0.69
"Cabbage, cooked, boiled, drained, without salt","Vegetables and Vegetable Products",1.270,0.547,54.7,0.69
"Cabbage, common, cooked, boiled, drained, with salt","Vegetables and Vegetable Products",1.270,0.547,54.7,0.69
"Endive, raw","Vegetables and Vegetable Products",1.250,0.667,66.7,0.83
"Squash, winter, butternut, frozen, cooked, boiled, with salt","Vegetables and Vegetable Products",1.230,0.813,81.3,1.00
"Squash, winter, butternut, frozen, cooked, boiled, without salt","Vegetables and Vegetable Products",1.230,0.813,81.3,1.00
"Lettuce, cos or romaine, raw","Vegetables and Vegetable Products",1.230,0.776,77.6,0.95
"Cabbage, common (danish, domestic, and pointed types), freshly harvest, raw","Vegetables and Vegetable Products",1.210,0.826,82.6,1.00
"Cabbage, common (danish, domestic, and pointed types), stored, raw","Vegetables and Vegetable Products",1.210,0.826,82.6,1.00
"Squash, summer, all varieties, raw","Vegetables and Vegetable Products",1.210,0.967,96.7,1.17
"Squash, summer, zucchini, includes skin, raw","Vegetables and Vegetable Products",1.210,0.995,99.5,1.20
"Potatoes, canned, solids and liquids","Vegetables and Vegetable Products",1.200,1.017,100.0,1.20
"Tomatoes, green, raw","Vegetables and Vegetable Products",1.200,0.621,62.1,0.75
"Tomato products, canned, sauce","Vegetables and Vegetable Products",1.200,0.537,53.7,0.64
"Tomato sauce, canned, no salt added","Vegetables and Vegetable Products",1.200,0.480,48.0,0.58
"Cabbage, chinese (pe-tsai), raw","Vegetables and Vegetable Products",1.200,0.758,75.8,0.91
"Squash, summer, scallop, raw","Vegetables and Vegetable Products",1.200,0.989,98.9,1.19
"Tomatoes, orange, raw","Vegetables and Vegetable Products",1.160,0.614,61.4,0.71
"Squash, summer, zucchini, includes skin, frozen, unprepared","Vegetables and Vegetable Products",1.160,0.994,99.4,1.15
"Squash, summer, zucchini, includes skin, frozen, cooked, boiled, drained, with salt","Vegetables and Vegetable Products",1.150,0.987,98.7,1.14
"Beans, snap, yellow, canned, regular pack, drained solids","Vegetables and Vegetable Products",1.150,0.988,98.8,1.14
"Beans, snap, yellow, canned, no salt added, drained solids","Vegetables and Vegetable Products",1.150,0.988,98.8,1.14
"Squash, summer, zucchini, includes skin, frozen, cooked, boiled, drained, without salt","Vegetables and Vegetable Products",1.150,0.987,98.7,1.14
"Escarole, cooked, boiled, drained, no salt added","Vegetables and Vegetable Products",1.150,0.725,72.5,0.83
"Turnip greens, cooked, boiled, drained, with salt","Vegetables and Vegetable Products",1.140,1.442,100.0,1.14
"Squash, summer, zucchini, includes skin, cooked, boiled, drained, without salt","Vegetables and Vegetable Products",1.140,0.550,55.0,0.63
"Squash, summer, zucchini, includes skin, cooked, boiled, drained, with salt","Vegetables and Vegetable Products",1.140,0.550,55.0,0.63
"Turnip greens, cooked, boiled, drained, without salt","Vegetables and Vegetable Products",1.140,1.442,100.0,1.14
"Sesbania flower, cooked, steamed, with salt","Vegetables and Vegetable Products",1.140,NULL,NULL,NULL
"Sesbania flower, cooked, steamed, without salt","Vegetables and Vegetable Products",1.140,NULL,NULL,NULL
"Squash, winter, acorn, cooked, baked, without salt","Vegetables and Vegetable Products",1.120,0.813,81.3,0.91
"Squash, winter, acorn, cooked, baked, with salt","Vegetables and Vegetable Products",1.120,0.813,81.3,0.91
"Beans, snap, green, canned, no salt added, drained solids","Vegetables and Vegetable Products",1.120,0.974,97.4,1.09
"Pumpkin, canned, with salt","Vegetables and Vegetable Products",1.100,0.620,62.0,0.68
"Radishes, white icicle, raw","Vegetables and Vegetable Products",1.100,0.785,78.5,0.86
"Onions, raw","Vegetables and Vegetable Products",1.100,0.248,24.8,0.27
"Pimento, canned","Vegetables and Vegetable Products",1.100,0.894,89.4,0.98
"Pumpkin, canned, without salt","Vegetables and Vegetable Products",1.100,0.620,62.0,0.68
"Pumpkin pie mix, canned","Vegetables and Vegetable Products",1.090,0.626,62.6,0.68
"Peppers, sweet, green, frozen, chopped, unprepared","Vegetables and Vegetable Products",1.080,0.879,87.9,0.95
"Peppers, sweet, red, frozen, chopped, unprepared","Vegetables and Vegetable Products",1.080,0.879,87.9,0.95
"Beans, snap, green, canned, regular pack, drained solids","Vegetables and Vegetable Products",1.050,0.996,99.6,1.05
"Turnips, frozen, unprepared","Vegetables and Vegetable Products",1.040,0.619,61.9,0.64
"Squash, summer, crookneck and straightneck, cooked, boiled, drained, without salt","Vegetables and Vegetable Products",1.040,0.864,86.4,0.90
"Catsup, low sodium","Vegetables and Vegetable Products",1.040,0.342,34.2,0.36
Catsup,"Vegetables and Vegetable Products",1.040,0.342,34.2,0.36
"Squash, summer, crookneck and straightneck, cooked, boiled, drained, with salt","Vegetables and Vegetable Products",1.040,0.864,86.4,0.90
"Peppers, sweet, red, sauteed","Vegetables and Vegetable Products",1.040,0.603,60.3,0.63
"Squash, summer, scallop, cooked, boiled, drained, with salt","Vegetables and Vegetable Products",1.030,1.004,100.0,1.03
"Squash, summer, zucchini, italian style, canned","Vegetables and Vegetable Products",1.030,0.987,98.7,1.02
"Squash, summer, scallop, cooked, boiled, drained, without salt","Vegetables and Vegetable Products",1.030,1.004,100.0,1.03
"Squash, summer, crookneck and straightneck, raw","Vegetables and Vegetable Products",1.010,0.923,92.3,0.93
"Peppers, sweet, yellow, raw","Vegetables and Vegetable Products",1.000,0.881,88.1,0.88
"Squash, winter, butternut, raw","Vegetables and Vegetable Products",1.000,0.822,82.2,0.82
"Pumpkin, raw","Vegetables and Vegetable Products",1.000,0.636,63.6,0.64
"Peppers, sweet, red, raw","Vegetables and Vegetable Products",0.990,0.616,61.6,0.61
"Tomatoes, yellow, raw","Vegetables and Vegetable Products",0.980,0.623,62.3,0.61
"Eggplant, raw","Vegetables and Vegetable Products",0.980,0.788,78.8,0.77
"Sweet potato, canned, syrup pack, solids and liquids","Vegetables and Vegetable Products",0.980,0.930,93.0,0.91
"Peppers, sweet, red, frozen, chopped, boiled, drained, without salt","Vegetables and Vegetable Products",0.950,0.607,60.7,0.58
"Peppers, sweet, red, frozen, chopped, boiled, drained, with salt","Vegetables and Vegetable Products",0.950,0.607,60.7,0.58
"Tomatoes, red, ripe, cooked, with salt","Vegetables and Vegetable Products",0.950,0.696,69.6,0.66
"Onions, yellow, sauteed","Vegetables and Vegetable Products",0.950,0.287,28.7,0.27
"Tomatoes, red, ripe, cooked","Vegetables and Vegetable Products",0.950,0.696,69.6,0.66
"Peppers, sweet, green, frozen, chopped, cooked, boiled, drained, with salt","Vegetables and Vegetable Products",0.950,0.874,87.4,0.83
"Peppers, sweet, green, frozen, chopped, boiled, drained, without salt","Vegetables and Vegetable Products",0.950,0.874,87.4,0.83
"Squash, winter, all varieties, raw","Vegetables and Vegetable Products",0.950,1.240,100.0,0.95
"Tomato products, canned, sauce, with onions, green peppers, and celery","Vegetables and Vegetable Products",0.940,0.505,50.5,0.47
"Vegetable juice cocktail, canned","Vegetables and Vegetable Products",0.930,0.492,49.2,0.46
"Carrots, raw","Vegetables and Vegetable Products",0.930,1.859,100.0,0.93
"Peppers, sweet, red, cooked, boiled, drained, with salt","Vegetables and Vegetable Products",0.920,0.884,88.4,0.81
"Peppers, sweet, green, cooked, boiled, drained, without salt","Vegetables and Vegetable Products",0.920,0.884,88.4,0.81
"Peppers, sweet, green, cooked, boiled, drained, with salt","Vegetables and Vegetable Products",0.920,0.884,88.4,0.81
"Peppers, sweet, red, cooked, boiled, drained, without salt","Vegetables and Vegetable Products",0.920,0.884,88.4,0.81
"Peppers, jalapeno, canned, solids and liquids","Vegetables and Vegetable Products",0.920,0.884,88.4,0.81
"Beets, canned, drained solids","Vegetables and Vegetable Products",0.910,0.726,72.6,0.66
"Squash, summer, all varieties, cooked, boiled, drained, without salt","Vegetables and Vegetable Products",0.910,0.987,98.7,0.90
"Sauerkraut, canned, solids and liquids","Vegetables and Vegetable Products",0.910,0.540,54.0,0.49
"Squash, summer, all varieties, cooked, boiled, drained, with salt","Vegetables and Vegetable Products",0.910,0.987,98.7,0.90
"Vegetable juice cocktail, low sodium, canned","Vegetables and Vegetable Products",0.910,0.484,48.4,0.44
"Tomatoes, red, ripe, canned, stewed","Vegetables and Vegetable Products",0.910,0.652,65.2,0.59
"Chicory, witloof, raw","Vegetables and Vegetable Products",0.900,NULL,NULL,NULL
"Peppers, hot chili, green, canned, pods, excluding seeds, solids and liquids","Vegetables and Vegetable Products",0.900,0.885,88.5,0.80
"Squash, winter, butternut, cooked, baked, without salt","Vegetables and Vegetable Products",0.900,0.815,81.5,0.73
"Lettuce, iceberg (includes crisphead types), raw","Vegetables and Vegetable Products",0.900,0.471,47.1,0.42
"Turnips, raw","Vegetables and Vegetable Products",0.900,0.621,62.1,0.56
"Peppers, hot chili, red, canned, excluding seeds, solids and liquids","Vegetables and Vegetable Products",0.900,0.885,88.5,0.80
"Squash, winter, butternut, cooked, baked, with salt","Vegetables and Vegetable Products",0.900,0.815,81.5,0.73
"Onions, frozen, whole, unprepared","Vegetables and Vegetable Products",0.890,0.590,59.0,0.53
"Squash, winter, all varieties, cooked, baked, with salt","Vegetables and Vegetable Products",0.890,0.824,82.4,0.73
"Sweet potato, cooked, candied, home-prepared","Vegetables and Vegetable Products",0.890,0.949,94.9,0.84
"Squash, winter, all varieties, cooked, baked, without salt","Vegetables and Vegetable Products",0.890,0.824,82.4,0.73
"Tomatoes, red, ripe, raw, year round average","Vegetables and Vegetable Products",0.880,0.482,48.2,0.42
"Peppers, sweet, green, raw","Vegetables and Vegetable Products",0.860,0.709,70.9,0.61
"Tomato juice, canned, without salt added","Vegetables and Vegetable Products",0.850,0.479,47.9,0.41
"Celtuce, raw","Vegetables and Vegetable Products",0.850,1.037,100.0,0.85
"Onions, canned, solids and liquids","Vegetables and Vegetable Products",0.850,0.558,55.8,0.47
"Beets, harvard, canned, solids and liquids","Vegetables and Vegetable Products",0.840,0.706,70.6,0.59
"Celery, cooked, boiled, drained, with salt","Vegetables and Vegetable Products",0.830,0.657,65.7,0.55
"Squash, summer, crookneck and straightneck, frozen, unprepared","Vegetables and Vegetable Products",0.830,0.980,98.0,0.81
"Celery, cooked, boiled, drained, without salt","Vegetables and Vegetable Products",0.830,0.657,65.7,0.55
"Eggplant, cooked, boiled, drained, with salt","Vegetables and Vegetable Products",0.830,0.712,71.2,0.59
"Eggplant, cooked, boiled, drained, without salt","Vegetables and Vegetable Products",0.830,0.712,71.2,0.59
"Beans, snap, canned, all styles, seasoned, solids and liquids","Vegetables and Vegetable Products",0.830,0.986,98.6,0.82
"Chayote, fruit, raw","Vegetables and Vegetable Products",0.820,NULL,NULL,NULL
"Leeks, (bulb and lower leaf-portion), cooked, boiled, drained, with salt","Vegetables and Vegetable Products",0.810,0.981,98.1,0.79
"Leeks, (bulb and lower leaf-portion), cooked, boiled, drained, without salt","Vegetables and Vegetable Products",0.810,0.981,98.1,0.79
"Beans, snap, yellow, canned, regular pack, solids and liquids","Vegetables and Vegetable Products",0.800,0.966,96.6,0.77
"Beets, canned, no salt added, solids and liquids","Vegetables and Vegetable Products",0.800,0.720,72.0,0.58
"Peppers, sweet, red, canned, solids and liquids","Vegetables and Vegetable Products",0.800,0.890,89.0,0.71
"Beans, snap, yellow, canned, no salt added, solids and liquids","Vegetables and Vegetable Products",0.800,0.966,96.6,0.77
"Beets, pickled, canned, solids and liquids","Vegetables and Vegetable Products",0.800,0.720,72.0,0.58
"Onions, sweet, raw","Vegetables and Vegetable Products",0.800,0.530,53.0,0.42
"Peppers, sweet, green, canned, solids and liquids","Vegetables and Vegetable Products",0.800,0.890,89.0,0.71
"Squash, winter, acorn, raw","Vegetables and Vegetable Products",0.800,0.806,80.6,0.64
"Peppers, hungarian, raw","Vegetables and Vegetable Products",0.800,0.890,89.0,0.71
"Beans, snap, green, canned, no salt added, solids and liquids","Vegetables and Vegetable Products",0.800,0.966,96.6,0.77
"Tomatoes, red, ripe, canned, packed in tomato juice, no salt added","Vegetables and Vegetable Products",0.790,0.519,51.9,0.41
"Onions, frozen, chopped, unprepared","Vegetables and Vegetable Products",0.790,0.584,58.4,0.46
"Tomatoes, red, ripe, canned, packed in tomato juice","Vegetables and Vegetable Products",0.790,0.519,51.9,0.41
"Peppers, sweet, green, sauteed","Vegetables and Vegetable Products",0.780,0.717,71.7,0.56
"Carrots, frozen, unprepared (Includes foods for USDA's Food Distribution Program)","Vegetables and Vegetable Products",0.780,0.932,93.2,0.73
"Onions, frozen, chopped, cooked, boiled, drained, without salt","Vegetables and Vegetable Products",0.770,0.594,59.4,0.46
"Onions, frozen, chopped, cooked, boiled, drained, with salt","Vegetables and Vegetable Products",0.770,0.594,59.4,0.46
"Carrots, cooked, boiled, drained, with salt","Vegetables and Vegetable Products",0.760,1.873,100.0,0.76
"Carrots, cooked, boiled, drained, without salt","Vegetables and Vegetable Products",0.760,1.873,100.0,0.76
"Beets, canned, regular pack, solids and liquids","Vegetables and Vegetable Products",0.730,0.789,78.9,0.58
"Yambean (jicama), cooked, boiled, drained, without salt","Vegetables and Vegetable Products",0.720,NULL,NULL,NULL
"Beans, snap, green, canned, regular pack, solids and liquids","Vegetables and Vegetable Products",0.720,1.073,100.0,0.72
"Pumpkin, cooked, boiled, drained, without salt","Vegetables and Vegetable Products",0.720,0.631,63.1,0.45
"Yambean (jicama), cooked, boiled, drained, with salt","Vegetables and Vegetable Products",0.720,NULL,NULL,NULL
"Peppers, chili, green, canned","Vegetables and Vegetable Products",0.720,0.895,89.5,0.64
"Yambean (jicama), raw","Vegetables and Vegetable Products",0.720,NULL,NULL,NULL
"Pumpkin, cooked, boiled, drained, with salt","Vegetables and Vegetable Products",0.720,0.631,63.1,0.45
"Onions, frozen, whole, cooked, boiled, drained, with salt","Vegetables and Vegetable Products",0.710,0.578,57.8,0.41
"Turnips, cooked, boiled, drained, with salt","Vegetables and Vegetable Products",0.710,0.621,62.1,0.44
"Turnips, cooked, boiled, drained, without salt","Vegetables and Vegetable Products",0.710,0.621,62.1,0.44
"Onions, frozen, whole, cooked, boiled, drained, without salt","Vegetables and Vegetable Products",0.710,0.578,57.8,0.41
"Celery, raw","Vegetables and Vegetable Products",0.690,0.593,59.3,0.41
"Radishes, raw","Vegetables and Vegetable Products",0.680,0.773,77.3,0.53
"Radishes, oriental, cooked, boiled, drained, without salt","Vegetables and Vegetable Products",0.670,0.746,74.6,0.50
"Squash, winter, acorn, cooked, boiled, mashed, without salt","Vegetables and Vegetable Products",0.670,0.829,82.9,0.56
"Squash, winter, acorn, cooked, boiled, mashed, with salt","Vegetables and Vegetable Products",0.670,0.829,82.9,0.56
"Radishes, oriental, cooked, boiled, drained, with salt","Vegetables and Vegetable Products",0.670,0.746,74.6,0.50
"Squash, winter, spaghetti, cooked, boiled, drained, or baked, without salt","Vegetables and Vegetable Products",0.660,0.741,74.1,0.49
"Squash, winter, spaghetti, cooked, boiled, drained, or baked, with salt","Vegetables and Vegetable Products",0.660,0.741,74.1,0.49
"Cucumber, with peel, raw","Vegetables and Vegetable Products",0.650,0.699,69.9,0.45
"Carrots, canned, regular pack, drained solids","Vegetables and Vegetable Products",0.640,1.854,100.0,0.64
"Carrots, canned, no salt added, drained solids","Vegetables and Vegetable Products",0.640,0.639,63.9,0.41
"Carrots, baby, raw","Vegetables and Vegetable Products",0.640,0.923,92.3,0.59
"Squash, winter, spaghetti, raw","Vegetables and Vegetable Products",0.640,0.764,76.4,0.49
"Pickle relish, hamburger","Vegetables and Vegetable Products",0.630,0.807,80.7,0.51
"Gourd, white-flowered (calabash), raw","Vegetables and Vegetable Products",0.620,NULL,NULL,NULL
"Chayote, fruit, cooked, boiled, drained, with salt","Vegetables and Vegetable Products",0.620,NULL,NULL,NULL
"Chayote, fruit, cooked, boiled, drained, without salt","Vegetables and Vegetable Products",0.620,NULL,NULL,NULL
"Squash, summer, crookneck and straightneck, canned, drained, solid, without salt","Vegetables and Vegetable Products",0.610,1.000,100.0,0.61
"Radishes, oriental, raw","Vegetables and Vegetable Products",0.600,0.833,83.3,0.50
"Gourd, white-flowered (calabash), cooked, boiled, drained, with salt","Vegetables and Vegetable Products",0.600,NULL,NULL,NULL
"Gourd, white-flowered (calabash), cooked, boiled, drained, without salt","Vegetables and Vegetable Products",0.600,NULL,NULL,NULL
"Cucumber, peeled, raw","Vegetables and Vegetable Products",0.590,0.226,22.6,0.13
"Carrots, canned, no salt added, solids and liquids","Vegetables and Vegetable Products",0.590,1.867,100.0,0.59
"Carrots, canned, regular pack, solids and liquids","Vegetables and Vegetable Products",0.580,0.701,70.1,0.41
"Pickles, cucumber, sweet (includes bread and butter pickles)","Vegetables and Vegetable Products",0.580,0.760,76.0,0.44
"Carrots, frozen, cooked, boiled, drained, with salt","Vegetables and Vegetable Products",0.580,1.841,100.0,0.58
"Carrots, frozen, cooked, boiled, drained, without salt","Vegetables and Vegetable Products",0.580,1.841,100.0,0.58
"Taro, cooked, without salt","Vegetables and Vegetable Products",0.520,0.983,98.3,0.51
"Taro, cooked, with salt","Vegetables and Vegetable Products",0.520,0.983,98.3,0.51
"Pickles, cucumber, dill, reduced sodium","Vegetables and Vegetable Products",0.500,0.818,81.8,0.41
"Pickles, cucumber, dill or kosher dill","Vegetables and Vegetable Products",0.500,0.818,81.8,0.41
"Pickles, cucumber, sweet, low sodium (includes bread and butter pickles)","Vegetables and Vegetable Products",0.370,0.614,61.4,0.23
"Pickle relish, sweet","Vegetables and Vegetable Products",0.370,0.779,77.9,0.29
"Pickles, cucumber, sour, low sodium","Vegetables and Vegetable Products",0.330,0.689,68.9,0.23
"Pickles, cucumber, sour","Vegetables and Vegetable Products",0.330,0.689,68.9,0.23
