food_name,food_category,protein_per_100kcal,protein_rank
"Soy protein isolate, potassium type","Legumes and Legume Products",27.51402048000,1
"Soy protein isolate","Legumes and Legume Products",26.36418240000,2
"Fish, cod, Pacific, cooked","Finfish and Shellfish Products",24.30952400400,3
"Crustaceans, shrimp, cooked","Finfish and Shellfish Products",24.22222198000,4
"Crustaceans, shrimp, raw","Finfish and Shellfish Products",23.64705906000,5
"Ruffed Grouse, breast meat, skinless, raw","Poultry Products",23.16071317400,6
"Seaweed, spirulina, raw","Vegetables and Vegetable Products",22.76923049600,7
"Fish, tuna, light, canned in water, drained solids (Includes foods for USDA's Food Distribution Program)","Finfish and Shellfish Products",22.60465120800,8
"Fish, pollock, Alaska, raw","Finfish and Shellfish Products",22.59210571500,9
"Frog legs, raw","Finfish and Shellfish Products",22.46575320000,10
"Fish, tuna, yellowfin, fresh, cooked, dry heat","Finfish and Shellfish Products",22.42307782000,11
"Fish, pollock, Alaska, cooked","Finfish and Shellfish Products",22.41976467600,12
"Emu, outside drum, raw","Poultry Products",22.40776730400,13
"Fish, tuna, fresh, yellowfin, raw","Finfish and Shellfish Products",22.38532128000,14
"Turtle, green, raw","Finfish and Shellfish Products",22.24719090000,15
"Fish, haddock, cooked, dry heat","Finfish and Shellfish Products",22.21111088900,16
"Fish, cod, Pacific, raw (may have been previously frozen)","Finfish and Shellfish Products",22.13043535800,17
"Fish, haddock, raw","Finfish and Shellfish Products",22.05405484800,18
"Fish, cod, Pacific, cooked, dry heat (may contain additives to retain moisture)","Finfish and Shellfish Products",22.03529433800,19
"Fish, tuna, light, canned in water, without salt, drained solids","Finfish and Shellfish Products",21.99138019000,20
"Fish, ling, cooked, dry heat","Finfish and Shellfish Products",21.93693691500,21
"Fish, pike, northern, raw","Finfish and Shellfish Products",21.88636293600,22
"Fish, pike, northern, cooked, dry heat","Finfish and Shellfish Products",21.84955870200,23
"Emu, fan fillet, raw","Poultry Products",21.84466050000,24
"Game meat, moose, cooked, roasted","Lamb, Veal, and Game Products",21.84328484900,25
"Fish, cusk, raw","Finfish and Shellfish Products",21.82758644700,26
"Fish, ling, raw","Finfish and Shellfish Products",21.82758644700,26
"Fish, sunfish, pumpkin seed, cooked, dry heat","Finfish and Shellfish Products",21.81578991000,27
"Emu, flat fillet, raw","Poultry Products",21.81372645000,28
"Game meat, moose, raw","Lamb, Veal, and Game Products",21.80392252800,29
"Fish, sunfish, pumpkin seed, raw","Finfish and Shellfish Products",21.79775270000,30
"Crustaceans, crab, alaska king, raw","Finfish and Shellfish Products",21.77380969800,31
"Fish, pollock, Alaska, raw (may contain additives to retain moisture)","Finfish and Shellfish Products",21.76785731700,32
"Fish, mahimahi, raw","Finfish and Shellfish Products",21.76470610000,33
"Fish, mahimahi, cooked, dry heat","Finfish and Shellfish Products",21.76146806400,34
"Fish, haddock, smoked","Finfish and Shellfish Products",21.75000087000,35
"Fish, cod, Atlantic, cooked, dry heat","Finfish and Shellfish Products",21.74285823000,36
"Fish, cusk, cooked, dry heat","Finfish and Shellfish Products",21.74107038500,37
"Fish, cod, Atlantic, raw","Finfish and Shellfish Products",21.71951228200,38
"Turkey, drumstick, from whole bird, meat only, raw","Poultry Products",21.70642219200,39
"Turkey, retail parts, breast, meat only, cooked, roasted","Poultry Products",21.69852889100,40
"Turkey, drumstick, from whole bird, meat only, roasted","Poultry Products",21.67626018500,41
"Fish, cod, Atlantic, canned, solids and liquid","Finfish and Shellfish Products",21.67619156000,42
"Fish, whitefish, mixed species, smoked","Finfish and Shellfish Products",21.66666606000,43
"Fish, cod, Atlantic, dried and salted","Finfish and Shellfish Products",21.66206983200,44
"Fish, roughy, orange, raw","Finfish and Shellfish Products",21.59210569500,45
"Fish, roughy, orange, cooked, dry heat","Finfish and Shellfish Products",21.56190584000,46
"Crustaceans, crab, blue, canned","Finfish and Shellfish Products",21.54216908400,47
"Crustaceans, crab, blue, cooked, moist heat","Finfish and Shellfish Products",21.54216908400,47
"Fish, burbot, cooked, dry heat","Finfish and Shellfish Products",21.53043435200,48
"Turkey, retail parts, breast, meat only, with added solution, cooked, roasted","Poultry Products",21.49230855200,49
"Fish, burbot, raw","Finfish and Shellfish Products",21.45555534100,50
"Crustaceans, lobster, northern, raw","Finfish and Shellfish Products",21.45454547600,51
"Fish, tuna, skipjack, fresh, cooked, dry heat","Finfish and Shellfish Products",21.37121331800,52
"Fish, tuna, fresh, skipjack, raw","Finfish and Shellfish Products",21.35922360000,53
"Crustaceans, lobster, northern, cooked, moist heat","Finfish and Shellfish Products",21.34831450000,54
"Turkey from whole, light meat, meat only, with added solution, raw","Poultry Products",21.32673246000,55
"Fish, perch, mixed species, raw","Finfish and Shellfish Products",21.30769232900,56
"Fish, perch, mixed species, cooked, dry heat","Finfish and Shellfish Products",21.24786437400,57
"Turkey, wing, from whole bird, meat only, with added solution, roasted","Poultry Products",21.23622115200,58
"Turkey from whole, light meat, meat only, with added solution, cooked, roasted","Poultry Products",21.23622115200,58
"Turkey, breast, from whole bird, meat only, with added solution, roasted","Poultry Products",21.23622115200,58
"Turkey, back, from whole bird, meat only, with added solution, roasted","Poultry Products",21.23622115200,58
"Cowpeas, leafy tips, cooked, boiled, drained, without salt","Vegetables and Vegetable Products",21.22727251500,59
"Cowpeas, leafy tips, cooked, boiled, drained, with salt","Vegetables and Vegetable Products",21.22727251500,59
"Fish, pollock, Alaska, cooked, dry heat (may contain additives to retain moisture)","Finfish and Shellfish Products",21.15315313200,60
"Fish, pollock, Atlantic, raw","Finfish and Shellfish Products",21.13043436000,61
"Veal, leg, top round, cap off, cutlet, boneless, cooked, grilled","Lamb, Veal, and Game Products",21.11920671300,62
"Fish, pollock, Atlantic, cooked, dry heat","Finfish and Shellfish Products",21.11864339200,63
"Turkey, wing, from whole bird, meat only, with added solution, raw","Poultry Products",21.11764798800,64
"Turkey, breast, from whole bird, meat only, with added solution, raw","Poultry Products",21.11764798800,64
"Fish, grouper, mixed species, raw","Finfish and Shellfish Products",21.06521697000,65
"Fish, pout, ocean, raw","Finfish and Shellfish Products",21.06329139200,66
"Fish, grouper, mixed species, cooked, dry heat","Finfish and Shellfish Products",21.05084678400,67
"Turkey, ground, fat free, raw","Poultry Products",21.04464184700,68
"Veal, shank, separable lean only, raw","Lamb, Veal, and Game Products",21.03191514600,69
"Turkey, ground, fat free, patties, broiled","Poultry Products",21.00724692300,70
"Turkey, ground, fat free, pan-broiled crumbles","Poultry Products",20.98675637300,71
"Fish, tilapia, raw","Finfish and Shellfish Products",20.91666733600,72
"Fish, pout, ocean, cooked, dry heat","Finfish and Shellfish Products",20.91176562600,73
"Watercress, raw","Vegetables and Vegetable Products",20.90909093000,74
"Fish, lingcod, raw","Finfish and Shellfish Products",20.77647079600,75
"Fish, lingcod, cooked, dry heat","Finfish and Shellfish Products",20.77064236800,76
"Crustaceans, crab, blue, raw","Finfish and Shellfish Products",20.75862091800,77
"Emu, inside drums, cooked, broiled","Poultry Products",20.75640892800,78
"Turkey, whole, breast, meat only, raw","Poultry Products",20.75438638000,79
"Turkey, whole, light meat, raw","Poultry Products",20.75438638000,79
"Crustaceans, crayfish, mixed species, wild, raw","Finfish and Shellfish Products",20.74025976100,80
"Game meat, elk, cooked, roasted","Lamb, Veal, and Game Products",20.67808198500,81
"Game meat, elk, raw","Lamb, Veal, and Game Products",20.67567565500,82
"Fish, sheepshead, cooked, dry heat","Finfish and Shellfish Products",20.65079381600,83
"Veal, leg, top round, cap off, cutlet, boneless, raw","Lamb, Veal, and Game Products",20.62616735800,84
"Crustaceans, crab, queen, cooked, moist heat","Finfish and Shellfish Products",20.62608654400,85
"Crustaceans, crayfish, mixed species, farmed, raw","Finfish and Shellfish Products",20.62500016500,86
"Fish, pike, walleye, cooked, dry heat","Finfish and Shellfish Products",20.62184789400,87
"Game meat, buffalo, water, raw","Lamb, Veal, and Game Products",20.59595939000,88
"Fish, pike, walleye, raw","Finfish and Shellfish Products",20.58064483200,89
"Ostrich, inside leg, cooked","Poultry Products",20.57446929900,90
"Emu, inside drum, raw","Poultry Products",20.57407349800,91
"Turkey, whole, wing, meat only, raw","Poultry Products",20.57391263200,92
"Mollusks, cuttlefish, mixed species, cooked, moist heat","Finfish and Shellfish Products",20.55696227200,93
"Mollusks, cuttlefish, mixed species, raw","Finfish and Shellfish Products",20.55696227200,93
"Crustaceans, crab, queen, raw","Finfish and Shellfish Products",20.55555535000,94
"Fish, snapper, mixed species, cooked, dry heat","Finfish and Shellfish Products",20.54687500000,95
"Fish, snapper, mixed species, raw","Finfish and Shellfish Products",20.51000000000,96
"Turkey, all classes, light meat, cooked, roasted","Poultry Products",20.49659837300,97
"Turkey, whole, breast, meat only, cooked, roasted","Poultry Products",20.49659837300,97
"Turkey, whole, wing, meat only, cooked, roasted","Poultry Products",20.49659837300,97
"Pork, cured, ham -- water added, shank, bone-in, separable lean only, unheated","Pork Products",20.49450551500,98
"Game meat, buffalo, water, cooked, roasted","Lamb, Veal, and Game Products",20.48091660400,99
"Turkey, retail parts, breast, meat only, raw","Poultry Products",20.47368462000,100
"Crustaceans, crayfish, mixed species, wild, cooked, moist heat","Finfish and Shellfish Products",20.45121959400,101
"Chicken, broilers or fryers, rotisserie, original seasoning, breast, meat only, cooked","Poultry Products",20.43795600000,102
"Fish, tilapia, cooked, dry heat","Finfish and Shellfish Products",20.42968750000,103
"Chicken, broiler or fryers, breast, skinless, boneless, meat only, cooked, braised","Poultry Products",20.42038296200,104
"Crustaceans, shrimp, mixed species, canned","Finfish and Shellfish Products",20.42000000000,105
"Fish, rockfish, Pacific, mixed species, raw","Finfish and Shellfish Products",20.39999979600,106
"Fish, halibut, Atlantic and Pacific, raw","Finfish and Shellfish Products",20.39560441600,107
"Fish, rockfish, Pacific, mixed species, cooked, dry heat","Finfish and Shellfish Products",20.39449557600,108
"Emu, full rump, raw","Poultry Products",20.38392759300,109
"Chicken, roasting, light meat, meat only, raw","Poultry Products",20.36697264000,110
"Chicken, broilers or fryers, light meat, meat only, raw","Poultry Products",20.35087760000,111
"Fish, whiting, mixed species, raw","Finfish and Shellfish Products",20.34444424100,112
"Vital wheat gluten","Cereal Grains and Pasta",20.31351574800,113
"Fish, halibut, Atlantic and Pacific, cooked, dry heat","Finfish and Shellfish Products",20.30630628600,114
"Emu, fan fillet, cooked, broiled","Poultry Products",20.30519326200,115
"Crustaceans, crab, dungeness, cooked, moist heat","Finfish and Shellfish Products",20.29090888800,116
"Pork, Leg sirloin tip roast, boneless, separable lean and fat, raw","Pork Products",20.24778870400,117
"Crustaceans, crab, dungeness, raw","Finfish and Shellfish Products",20.24418608700,118
"Fish, whiting, mixed species, cooked, dry heat","Finfish and Shellfish Products",20.24138012000,119
"Mollusks, conch, baked or broiled","Finfish and Shellfish Products",20.23077004000,120
"Chicken, broiler or fryers, breast, skinless, boneless, meat only, cooked, grilled","Poultry Products",20.22516691800,121
"Ostrich, inside leg, raw","Poultry Products",20.17117115100,122
"Crustaceans, crayfish, mixed species, farmed, cooked, moist heat","Finfish and Shellfish Products",20.13793125600,123
"Turkey, retail parts, wing, meat only, raw","Poultry Products",20.07142760800,124
"Game meat, deer, tenderloin, separable lean only, cooked, broiled","Lamb, Veal, and Game Products",20.06711291000,125
"Emu, full rump, cooked, broiled","Poultry Products",20.04166682700,126
"Mollusks, clam, mixed species, canned, liquid","Finfish and Shellfish Products",20.00000000000,127
"Crustaceans, crab, alaska king, cooked, moist heat","Finfish and Shellfish Products",19.94845293000,128
"Pork, Leg sirloin tip roast, boneless, separable lean and fat, cooked, braised","Pork Products",19.94230641600,129
"Chicken, broiler or fryers, breast, skinless, boneless, meat only, with added solution, cooked, grilled","Poultry Products",19.93243315000,130
"Game meat, bison, separable lean only, cooked, roasted","Lamb, Veal, and Game Products",19.88811190800,131
"Veal, leg (top round), separable lean only, raw","Lamb, Veal, and Game Products",19.88784963200,132
"Ostrich, outside leg, raw","Poultry Products",19.87826047200,133
"Game meat, bison, separable lean only, raw","Lamb, Veal, and Game Products",19.83486254400,134
"Game meat, elk, round, separable lean only, cooked, broiled","Lamb, Veal, and Game Products",19.83333206400,135
"Seaweed, spirulina, dried","Vegetables and Vegetable Products",19.81724217200,136
"Turkey, retail parts, breast, meat only, with added solution, raw","Poultry Products",19.81081079100,137
"Pork, cured, ham with natural juices, slice, bone-in, separable lean only, unheated","Pork Products",19.78861715400,138
"Chicken, gizzard, all classes, cooked, simmered","Poultry Products",19.73376473400,139
"Beef, grass-fed, strip steaks, lean only, raw","Beef Products",19.71794976300,140
"Duck, young duckling, domesticated, White Pekin, breast, meat only, boneless, cooked without skin, broiled","Poultry Products",19.71428532000,141
"Pork, cured, ham, rump, bone-in, separable lean only, heated, roasted","Pork Products",19.71212231600,142
"Turkey, whole, dark meat, meat only, raw","Poultry Products",19.70370315200,143
"Turkey, thigh, from whole bird, meat only, raw","Poultry Products",19.70370315200,143
"Turkey, whole, meat only, with added solution, raw","Poultry Products",19.68867869400,144
"Turkey, whole, meat only, raw","Poultry Products",19.68695612800,145
"Ostrich, tip trimmed, cooked","Poultry Products",19.64827664800,146
"Game meat, antelope, cooked, roasted","Lamb, Veal, and Game Products",19.63333431500,147
"Game meat, antelope, raw","Lamb, Veal, and Game Products",19.63157934000,148
"Pork, cured, ham, rump, bone-in, separable lean only, unheated","Pork Products",19.56800000000,149
"Chicken, broiler or fryers, breast, skinless, boneless, meat only, with added solution, cooked, braised","Poultry Products",19.47586284800,150
"Chicken, broiler, rotisserie, BBQ, breast, meat only","Poultry Products",19.47222097600,151
"Ostrich, outside strip, raw","Poultry Products",19.46666588800,152
"Fish, mackerel, king, cooked, dry heat","Finfish and Shellfish Products",19.40298620000,153
"Soy protein concentrate, produced by alcohol extraction","Legumes and Legume Products",19.39938714000,154
"Soy protein concentrate, produced by acid wash","Legumes and Legume Products",19.39938714000,154
"Canadian bacon, cooked, pan-fried","Pork Products",19.39041076500,155
"Fish, ocean perch, Atlantic, raw","Finfish and Shellfish Products",19.37974706800,156
"Fish, cisco, raw","Finfish and Shellfish Products",19.37755171800,157
"Pork, cured, ham with natural juices, shank, bone-in, separable lean only, unheated","Pork Products",19.31538538800,158
"Fish, mackerel, king, raw","Finfish and Shellfish Products",19.31428668000,159
"Pork, fresh, loin, center loin (chops), boneless, separable lean only, raw","Pork Products",19.30894237500,160
"Fish, trout, brook, raw, New York State","Finfish and Shellfish Products",19.29999980700,161
"Beef, New Zealand, imported, variety meats and by-products, tripe uncooked, raw","Beef Products",19.29870131800,162
"Fish, ocean perch, Atlantic, cooked, dry heat","Finfish and Shellfish Products",19.28125061700,163
"Pork, fresh, enhanced, loin, tenderloin, separable lean only, raw","Pork Products",19.23584851800,164
"Pork, fresh, loin, tenderloin, separable lean only, raw","Pork Products",19.22018364000,165
"Beef, New Zealand, imported, manufacturing beef, cooked, boiled","Beef Products",19.21428586800,166
"Chicken, broilers or fryers, breast, meat only, cooked, stewed","Poultry Products",19.19205426600,167
"Crustaceans, shrimp, mixed species, raw (may contain additives to retain moisture)","Finfish and Shellfish Products",19.16901402700,168
"Ostrich, tip trimmed, raw","Poultry Products",19.16666705000,169
"Veal, loin, separable lean only, raw","Lamb, Veal, and Game Products",19.16666705000,169
"Crustaceans, shrimp, mixed species, cooked, moist heat (may contain additives to retain moisture)","Finfish and Shellfish Products",19.14285635800,170
"Fish, monkfish, cooked, dry heat","Finfish and Shellfish Products",19.13401996800,171
"Game meat, deer, raw","Lamb, Veal, and Game Products",19.13333256800,172
"Emu, top loin, cooked, broiled","Poultry Products",19.12499892900,173
"Game meat, deer, cooked, roasted","Lamb, Veal, and Game Products",19.12025339400,174
"Game meat, rabbit, wild, raw","Lamb, Veal, and Game Products",19.11403547000,175
"Vitasoy USA Nasoya, Lite Silken Tofu","Legumes and Legume Products",19.09302329400,176
"Game meat, rabbit, wild, cooked, stewed","Lamb, Veal, and Game Products",19.08670579400,177
"Veal, shoulder, arm, separable lean only, raw","Lamb, Veal, and Game Products",19.08571524000,178
"Pork, cured, ham, shank, bone-in, separable lean only, heated, roasted","Pork Products",19.05755500500,179
"Fish, sea bass, mixed species, cooked, dry heat","Finfish and Shellfish Products",19.05645130800,180
"Fish, monkfish, raw","Finfish and Shellfish Products",19.05263196000,181
"Pork, cured, ham, shank, bone-in, separable lean only, unheated","Pork Products",19.03200000000,182
"Turkey, whole, meat only, with added solution, roasted","Poultry Products",19.00714247700,183
"Fish, sea bass, mixed species, raw","Finfish and Shellfish Products",18.99999935400,184
"Game meat, deer, shoulder clod, separable lean only, cooked, braised","Lamb, Veal, and Game Products",18.99476405600,185
"Game meat, elk, tenderloin, separable lean only, cooked, broiled","Lamb, Veal, and Game Products",18.98765584000,186
"Ostrich, round, raw","Poultry Products",18.95689731000,187
"Game meat, goat, cooked, roasted","Lamb, Veal, and Game Products",18.95104897000,188
"Pork, fresh, variety meats and by-products, spleen, cooked, braised","Pork Products",18.92617338000,189
"Game meat, goat, raw","Lamb, Veal, and Game Products",18.89908272000,190
"Pork, fresh, loin, sirloin (chops or roasts), boneless, separable lean only, raw","Pork Products",18.85124010300,191
"Turkey, whole, back, meat only, raw","Poultry Products",18.83185942400,192
"Beef, New Zealand, imported, hind shin, separable lean only, raw","Beef Products",18.82456178000,193
"Chicken, broilers or fryers, breast, skinless, boneless, meat only, with added solution, raw","Poultry Products",18.81481428800,194
"Chicken, broilers or fryers, breast, meat only, cooked, roasted","Poultry Products",18.79999981200,195
"Chicken, gizzard, all classes, raw","Poultry Products",18.78723426800,196
"Guinea hen, meat only, raw","Poultry Products",18.76363617600,197
"Chicken, broiler or fryers, breast, skinless, boneless, meat only, raw","Poultry Products",18.74999925000,198
"Pork, cured, ham, slice, bone-in, separable lean only, unheated","Pork Products",18.73846228800,199
"Veal, leg (top round), separable lean only, cooked, roasted","Lamb, Veal, and Game Products",18.71333426900,200
"Fish, sheepshead, raw","Finfish and Shellfish Products",18.71296243900,201
"Veal, loin, chop, separable lean only, cooked, grilled","Lamb, Veal, and Game Products",18.71069130000,202
"Beef, New Zealand, imported, hind shin, separable lean only, cooked, braised","Beef Products",18.70059895200,203
"Veal, variety meats and by-products, spleen, raw","Lamb, Veal, and Game Products",18.67347006000,204
"Veal, variety meats and by-products, spleen, cooked, braised","Lamb, Veal, and Game Products",18.66666670400,205
"Ostrich, inside strip, raw","Poultry Products",18.65354390400,206
"Ostrich, fan, raw","Poultry Products",18.64102662900,207
"Pork, fresh, loin, tenderloin, separable lean only, with added solution, cooked, roasted","Pork Products",18.62931109000,208
"Pork, cured, ham with natural juices, rump, bone-in, separable lean only, unheated","Pork Products",18.61475339100,209
"Veal, cubed for stew (leg and shoulder), separable lean only, raw","Lamb, Veal, and Game Products",18.59633042400,210
"Veal, cubed for stew (leg and shoulder), separable lean only, cooked, braised","Lamb, Veal, and Game Products",18.58510660600,211
"Lamb, New Zealand, imported, loin, boneless, separable lean only, cooked, fast roasted","Lamb, Veal, and Game Products",18.58333214400,212
"Game meat, elk, loin, separable lean only, cooked, broiled","Lamb, Veal, and Game Products",18.56287440000,213
"Veal, foreshank, osso buco, separable lean only, cooked, braised","Lamb, Veal, and Game Products",18.54777142400,214
"Pork, fresh, loin, center loin (chops), boneless, separable lean only, cooked, pan-broiled","Pork Products",18.53086568000,215
"Mollusks, scallop, (bay and sea), cooked, steamed","Finfish and Shellfish Products",18.50450448600,216
"Pork, cured, ham with natural juices, slice, bone-in, separable lean only, heated, pan-broil","Pork Products",18.50000092500,217
"Crustaceans, spiny lobster, mixed species, cooked, moist heat","Finfish and Shellfish Products",18.46853148700,218
"Canadian bacon, unprepared","Pork Products",18.46363617900,219
"Fish, tuna, white, canned in water, without salt, drained solids","Finfish and Shellfish Products",18.45312500000,220
"Fish, tuna, white, canned in water, drained solids","Finfish and Shellfish Products",18.45312500000,220
"Beef, New Zealand, imported, variety meats and by-products, tripe cooked, boiled","Beef Products",18.44660220000,221
"Lamb, New Zealand, imported, loin, boneless, separable lean and fat, cooked, fast roasted","Lamb, Veal, and Game Products",18.44586059200,222
"MORI-NU, Tofu, silken, lite extra firm","Legumes and Legume Products",18.42105230000,223
"Crustaceans, spiny lobster, mixed species, raw","Finfish and Shellfish Products",18.39285626000,224
"Quail, breast, meat only, raw","Poultry Products",18.36585297900,225
"Pork, cured, ham, slice, bone-in, separable lean only, heated, pan-broil","Pork Products",18.36486552600,226
"Veal, sirloin, separable lean only, raw","Lamb, Veal, and Game Products",18.36363618000,227
"Fish, bass, striped, cooked, dry heat","Finfish and Shellfish Products",18.33064486800,228
"Pheasant, breast, meat only, raw","Poultry Products",18.32330828900,229
"Chicken, roasting, meat only, raw","Poultry Products",18.31531529700,230
"Ostrich, outside strip, cooked","Poultry Products",18.30128088000,231
"Pork, fresh, loin, tenderloin, separable lean only, cooked, roasted","Pork Products",18.30069931900,232
"Pork, cured, ham -- water added, slice, bone-in, separable lean only, unheated","Pork Products",18.29473720800,233
"Fish, bass, striped, raw","Finfish and Shellfish Products",18.27834989400,234
"Canada Goose, breast meat only, skinless, raw","Poultry Products",18.27819550700,235
"Turkey, whole, meat only, cooked, roasted","Poultry Products",18.27672904800,236
"Fish, wolffish, Atlantic, cooked, dry heat","Finfish and Shellfish Products",18.24390176400,237
"Fish, tilefish, raw","Finfish and Shellfish Products",18.22916725000,238
"Fish, wolffish, Atlantic, raw","Finfish and Shellfish Products",18.22916725000,238
"Fish, smelt, rainbow, cooked, dry heat","Finfish and Shellfish Products",18.22580616000,239
"Fish, sucker, white, raw","Finfish and Shellfish Products",18.21739094000,240
"Ostrich, top loin, raw","Poultry Products",18.21008328700,241
"Pork, cured, ham with natural juices, whole, boneless, separable lean only, heated, roasted","Pork Products",18.20354080600,242
"Veal, shank (fore and hind), separable lean only, cooked, braised","Lamb, Veal, and Game Products",18.20339139600,243
"Pork, fresh, leg (ham), shank half, separable lean only, raw","Pork Products",18.20167992600,244
"Mollusks, octopus, common, raw","Finfish and Shellfish Products",18.18292690200,245
"Mollusks, octopus, common, cooked, moist heat","Finfish and Shellfish Products",18.18292690200,245
"Fish, smelt, rainbow, raw","Finfish and Shellfish Products",18.17525711400,246
"Pork, fresh, leg (ham), rump half, separable lean only, raw (Includes foods for USDA's Food Distribution Program)","Pork Products",18.17499927300,247
"Beef, ground, 97% lean meat / 3% fat, raw","Beef Products",18.16528967400,248
"Chicken, broilers or fryers, light meat, meat only, cooked, stewed","Poultry Products",18.16352150400,249
"Ostrich, top loin, cooked","Poultry Products",18.14193575600,250
"Veal, variety meats and by-products, thymus, cooked, braised","Lamb, Veal, and Game Products",18.13600000000,251
"Veal, leg (top round), separable lean only, cooked, pan-fried, not breaded","Lamb, Veal, and Game Products",18.12568347700,252
"Ostrich, oyster, cooked","Poultry Products",18.11949634800,253
"Veal, variety meats and by-products, lungs, raw","Lamb, Veal, and Game Products",18.11111093000,254
"Lamb, New Zealand, imported, kidney, raw","Lamb, Veal, and Game Products",18.10714300200,255
"Chicken, dark meat, drumstick, meat only, with added solution, raw","Poultry Products",18.10377307800,256
"Fish, Salmon, pink, canned, drained solids, without skin and bones","Finfish and Shellfish Products",18.10294074200,257
"Beef, New Zealand, imported, eye round, separable lean only, cooked, slow roasted","Beef Products",18.09756104800,258
"Turkey, light or dark meat, smoked, cooked, skin and bone removed","Poultry Products",18.08642120000,259
"Veal, leg (top round), separable lean only, cooked, braised","Lamb, Veal, and Game Products",18.08374246800,260
"Beef, ground, 97% lean meat /3% fat, patty, cooked, pan-broiled","Beef Products",18.07638773200,261
"Lamb, New Zealand, imported, fore-shank, separable lean only, raw","Lamb, Veal, and Game Products",18.07376980500,262
"Pork, cured, ham with natural juices, slice, boneless, separable lean only, heated, pan-broil","Pork Products",18.06034555000,263
"Fish, sucker, white, cooked, dry heat","Finfish and Shellfish Products",18.05882278900,264
"Veal, composite of trimmed retail cuts, separable lean only, raw","Lamb, Veal, and Game Products",18.03571342000,265
"Fish, sturgeon, mixed species, smoked","Finfish and Shellfish Products",18.03468264000,266
"Lamb, New Zealand, imported, tenderloin, separable lean only, cooked, fast fried","Lamb, Veal, and Game Products",18.02580672200,267
"Pork, fresh, loin, top loin (chops), boneless, separable lean only, with added solution, raw","Pork Products",18.02564198100,268
"Beef, New Zealand, imported, variety meats and by-products, kidney, raw","Beef Products",18.02298870400,269
"Veal, variety meats and by-products, lungs, cooked, braised","Lamb, Veal, and Game Products",18.01923149000,270
"Veal, shank, separable lean and fat, raw","Lamb, Veal, and Game Products",18.01869083200,271
"Pork, cured, ham with natural juices, whole, boneless, separable lean and fat, heated, roasted","Pork Products",18.01754422000,272
"Fish, scup, raw","Finfish and Shellfish Products",17.98095328000,273
"Chicken, broilers or fryers, meat only, raw","Poultry Products",17.97478917900,274
"Pork, fresh, loin, top loin (chops), boneless, separable lean only, cooked, braised","Pork Products",17.96470606200,275
"Beef, Australian, imported, grass-fed, loin, top sirloin cap-off steak/roast, boneless, separable lean only, raw","Beef Products",17.95081899000,276
"Ostrich, tenderloin, raw","Poultry Products",17.94308876700,277
"Fish, scup, cooked, dry heat","Finfish and Shellfish Products",17.93333234700,278
"Veal, leg (top round), separable lean and fat, raw","Lamb, Veal, and Game Products",17.93162488200,279
"Lamb, New Zealand, imported, chump, boneless, separable lean only, raw","Lamb, Veal, and Game Products",17.91735578400,280
"Lamb, New Zealand, imported, loin, boneless, separable lean only, raw","Lamb, Veal, and Game Products",17.91666595000,281
"Beef, ground, 97% lean meat / 3% fat, loaf, cooked, baked","Beef Products",17.90908954800,282
"Ostrich, inside strip, cooked","Poultry Products",17.90853665700,283
"Pork, cured, ham with natural juices, spiral slice, meat only, boneless, separable lean only, heated, roasted","Pork Products",17.90476204800,284
"Mollusks, snail, raw","Finfish and Shellfish Products",17.88888871000,285
"Chicken, broilers or fryers, breast, meat only, cooked, fried","Poultry Products",17.88235433600,286
"Chicken, broilers or fryers, light meat, meat only, cooked, roasted","Poultry Products",17.86705257700,287
"Pork, fresh, variety meats and by-products, spleen, raw","Pork Products",17.86000000000,288
"Veal, shank (fore and hind), separable lean only, raw","Lamb, Veal, and Game Products",17.85185135200,289
"Beef, New Zealand, imported, manufacturing beef, raw","Beef Products",17.84033540300,290
"Game meat, caribou, cooked, roasted","Lamb, Veal, and Game Products",17.82634744800,291
"Game meat, caribou, raw","Lamb, Veal, and Game Products",17.81889820800,292
"Veal, shoulder, blade chop, separable lean only, raw","Lamb, Veal, and Game Products",17.81818164000,293
"Game meat, squirrel, cooked, roasted","Lamb, Veal, and Game Products",17.78612771900,294
"Veal, shoulder, arm, separable lean only, cooked, braised","Lamb, Veal, and Game Products",17.77611805200,295
"Pork, fresh, loin, tenderloin, separable lean and fat, with added solution, cooked, roasted","Pork Products",17.76859545000,296
"Pork, fresh, loin, sirloin (chops), boneless, separable lean only, cooked, broiled","Pork Products",17.76397480000,297
"Turkey, retail parts, thigh, meat only, raw","Poultry Products",17.75862140000,298
"Lamb, New Zealand, imported, tenderloin, separable lean and fat, cooked, fast fried","Lamb, Veal, and Game Products",17.75159304900,299
"Pork, Shoulder breast, boneless, separable lean and fat, raw","Pork Products",17.74803206400,300
"Game meat, bison, chuck, shoulder clod, separable lean only, raw","Lamb, Veal, and Game Products",17.74789843200,301
"Turkey, retail parts, wing, meat only, cooked, roasted","Poultry Products",17.74705900100,302
"Lamb, New Zealand, imported, hind-shank, separable lean only, raw","Lamb, Veal, and Game Products",17.73913008000,303
"Chicken, roasting, light meat, meat only, cooked, roasted","Poultry Products",17.73202692400,304
"Fish, flatfish (flounder and sole species), raw","Finfish and Shellfish Products",17.72857107400,305
"Pork, shoulder, petite tender, boneless, separable lean and fat, cooked, broiled","Pork Products",17.72258091100,306
"Pheasant, raw, meat only","Poultry Products",17.72180452900,307
"Fish, flatfish (flounder and sole species), cooked, dry heat","Finfish and Shellfish Products",17.72093026800,308
"Pork, fresh, loin, tenderloin, separable lean and fat, cooked, roasted","Pork Products",17.71428548400,309
"Pork, fresh, loin, top loin (chops), boneless, separable lean only, cooked, pan-fried","Pork Products",17.70930083800,310
"Pork, cured, ham with natural juices, slice, boneless, separable lean and fat, heated, pan-broil","Pork Products",17.70338926400,311
"Lamb, New Zealand, imported, tenderloin, separable lean only, raw","Lamb, Veal, and Game Products",17.69827657000,312
"Pork, cured, ham -- water added, rump, bone-in, separable lean only, heated, roasted","Pork Products",17.69421528300,313
"Game meat, squirrel, raw","Lamb, Veal, and Game Products",17.69166595900,314
"Turkey, retail parts, breast, meat and skin, cooked, roasted","Poultry Products",17.68902446100,315
"Game meat, boar, wild, cooked, roasted","Lamb, Veal, and Game Products",17.68750000000,316
"Pork, fresh, loin, tenderloin, separable lean and fat, with added solution, raw","Pork Products",17.68421088000,317
"Veal, shoulder, whole (arm and blade), separable lean only, raw","Lamb, Veal, and Game Products",17.66964200900,318
"Balsam-pear (bitter gourd), leafy tips, raw","Vegetables and Vegetable Products",17.66666649000,319
"Beef, chuck for stew, separable lean and fat, select, raw","Beef Products",17.66129004000,320
"Lamb, New Zealand, imported, kidney, cooked, soaked and fried","Lamb, Veal, and Game Products",17.66071343800,321
"Pork, cured, ham with natural juices, spiral slice, boneless, separable lean only, unheated","Pork Products",17.66055060000,322
"Pork, fresh, loin, top loin (chops), boneless, separable lean only, raw","Pork Products",17.64566985600,323
"Beef, New Zealand, imported, variety meats and by-products, heart, raw","Beef Products",17.63809612000,324
"Pork, fresh, loin, sirloin (chops), boneless, separable lean only, cooked, braised","Pork Products",17.63803587500,325
"Game meat, boar, wild, raw","Lamb, Veal, and Game Products",17.63114687100,326
"Pork, cured, ham with natural juices, rump, bone-in, separable lean only, heated, roasted","Pork Products",17.62043778000,327
"Beef, variety meats and by-products, lungs, raw","Beef Products",17.60869530000,328
"Pork, Leg Cap Steak, boneless, separable lean and fat, raw","Pork Products",17.59349528400,329
"Lamb, variety meats and by-products, lungs, cooked, braised","Lamb, Veal, and Game Products",17.59292130400,330
"Fish, catfish, channel, wild, cooked, dry heat","Finfish and Shellfish Products",17.59047707000,331
"Turkey breast, pre-basted, meat and skin, cooked, roasted","Poultry Products",17.58730172800,332
"Lamb, variety meats and by-products, lungs, raw","Lamb, Veal, and Game Products",17.57894772000,333
"Beef, variety meats and by-products, kidneys, raw","Beef Products",17.57575740000,334
"Pork, Shoulder breast, boneless, separable lean and fat, cooked, broiled","Pork Products",17.57407548000,335
"Lamb, New Zealand, imported, loin, boneless, separable lean and fat, raw","Lamb, Veal, and Game Products",17.57376982400,336
"Beef, New Zealand, imported, eye round, separable lean and fat, cooked, slow roasted","Beef Products",17.55357156900,337
"Soy sauce made from soy (tamari)","Legumes and Legume Products",17.51666701700,338
"Pork, cured, ham with natural juices, whole, boneless, separable lean only, unheated","Pork Products",17.51351349600,339
"Game meat, bison, chuck, shoulder clod, separable lean only, cooked, braised","Lamb, Veal, and Game Products",17.50259016600,340
"Pork, fresh, leg (ham), rump half, separable lean only, cooked, roasted","Pork Products",17.49090891600,341
"Beef, New Zealand, imported, variety meats and by-products, heart, cooked, boiled","Beef Products",17.48044636800,342
"Mollusks, scallop, mixed species, raw","Finfish and Shellfish Products",17.47826132400,343
"Pork, loin, leg cap steak, boneless, separable lean and fat, cooked, broiled","Pork Products",17.44936729800,344
"Emu, ground, cooked, pan-broiled","Poultry Products",17.44171686700,345
"Pork, fresh, loin, top loin (chops), boneless, separable lean only, with added solution, cooked, broiled","Pork Products",17.44117664500,346
"Pork, ground, 96% lean / 4% fat, raw","Pork Products",17.43801693000,347
"Chicken, broilers or fryers, wing, meat only, raw","Poultry Products",17.43650807600,348
"Beef, variety meats and by-products, spleen, raw","Beef Products",17.42857230000,349
"Mollusks, whelk, unspecified, raw","Finfish and Shellfish Products",17.40145968000,350
"Turkey, retail parts, drumstick, meat only, raw","Poultry Products",17.38982995200,351
"Chicken, cornish game hens, meat only, cooked, roasted","Poultry Products",17.38806071000,352
"HORMEL, Cure 81 Ham","Pork Products",17.38679196600,353
"Beef, New Zealand, imported, variety meats and by-products, kidney, cooked, boiled","Beef Products",17.37579685600,354
"Beef, New Zealand, imported, bolar blade, separable lean only, cooked, fast roasted","Beef Products",17.37305649100,355
"Chicken, dark meat, thigh, meat only, with added solution, raw","Poultry Products",17.37272709900,356
"Beef, Australian, imported, grass-fed, round, top round cap-off steak/roast, boneless, separable lean only, raw","Beef Products",17.37209305800,357
"Beef, New Zealand, imported, eye round, separable lean only, raw","Beef Products",17.37069035000,358
"Beef, chuck for stew, separable lean and fat, select, cooked, braised","Beef Products",17.36021477600,359
"Pork, fresh, loin, blade (chops or roasts), boneless, separable lean only, raw","Pork Products",17.35772293500,360
"Chicken, dark meat, drumstick, meat only, with added solution, cooked, roasted","Poultry Products",17.35616421000,361
"Alfalfa seeds, sprouted, raw","Vegetables and Vegetable Products",17.34782613900,362
"Mollusks, whelk, unspecified, cooked, moist heat","Finfish and Shellfish Products",17.33818355200,363
"Pork, fresh, loin, center loin (chops), bone-in, separable lean only, raw","Pork Products",17.31496118400,364
"Veal, leg (top round), separable lean and fat, cooked, roasted","Lamb, Veal, and Game Products",17.31250000000,365
"Beef, New Zealand, imported, inside, raw","Beef Products",17.31250000000,365
"Beef, variety meats and by-products, spleen, cooked, braised","Beef Products",17.31034552000,366
"Pork, cured, ham with natural juices, whole, boneless, separable lean and fat, unheated","Pork Products",17.30357059800,367
"Lamb, New Zealand, imported, tunnel-boned leg, chump off, shank off, separable lean only, raw","Lamb, Veal, and Game Products",17.29752105900,368
"Lamb, New Zealand, imported, tunnel-boned leg, chump off, shank off, separable lean and fat, raw","Lamb, Veal, and Game Products",17.29752105900,368
"Chicken, broilers or fryers, giblets, cooked, simmered","Poultry Products",17.29299430500,369
"Chicken, cornish game hens, meat only, raw","Poultry Products",17.27586276000,370
"Mollusks, clam, mixed species, cooked, moist heat","Finfish and Shellfish Products",17.26351413500,371
"Lamb, variety meats and by-products, kidneys, cooked, braised","Lamb, Veal, and Game Products",17.26277355000,372
"Beef, variety meats and by-products, heart, cooked, simmered","Beef Products",17.26060588800,373
"Beef, variety meats and by-products, kidneys, cooked, simmered","Beef Products",17.25949387800,374
"Fish, catfish, channel, wild, raw","Finfish and Shellfish Products",17.24210560800,375
"Beef, Australian, imported, grass-fed, round, top round cap-off steak/roast, boneless, separable lean and fat, raw","Beef Products",17.24031011200,376
"Ostrich, oyster, raw","Poultry Products",17.24000000000,377
"Beef, ground, 97% lean meat / 3% fat, patty, cooked, broiled","Beef Products",17.22875892800,378
"Lamb, New Zealand, imported, heart, raw","Lamb, Veal, and Game Products",17.22857229000,379
"Fish, trout, rainbow, wild, raw","Finfish and Shellfish Products",17.21008332800,380
"Pork, fresh, loin, tenderloin, separable lean and fat, raw","Pork Products",17.20833264500,381
"Pork, cured, ham with natural juices, shank, bone-in, separable lean only, heated, roasted","Pork Products",17.20689724000,382
"Veal, shoulder, blade chop, separable lean only, cooked, grilled","Lamb, Veal, and Game Products",17.18867876400,383
"Beef, Australian, imported, grass-fed, loin, top sirloin cap-off steak/roast, boneless, separable lean and fat, raw","Beef Products",17.14173283200,384
"Veal, leg (top round), separable lean and fat, cooked, braised","Lamb, Veal, and Game Products",17.13743897600,385
"Pork, cured, ham and water product, slice, bone-in, separable lean only, heated, pan-broil","Pork Products",17.13114689000,386
"Pork, fresh, loin, top loin (chops), boneless, separable lean only, with added solution, cooked, pan-broiled","Pork Products",17.13017820000,387
"Pork, ground, 96% lean / 4% fat, cooked, pan-broiled","Pork Products",17.12972844500,388
"Beef, New Zealand, imported, bolar blade, separable lean only, raw","Beef Products",17.12403104200,389
"Fish, croaker, Atlantic, raw","Finfish and Shellfish Products",17.09615453000,390
"Chicken, broilers or fryers, light meat, meat only, cooked, fried","Poultry Products",17.09374890600,391
"Beef, New Zealand, imported, brisket point end, separable lean only, cooked, braised","Beef Products",17.08415824500,392
"Mollusks, clam, mixed species, canned, drained solids","Finfish and Shellfish Products",17.07746595000,393
"Pork, fresh, loin, sirloin (roasts), boneless, separable lean only, cooked, roasted","Pork Products",17.07303514200,394
"Turkey, all classes, gizzard, cooked, simmered","Poultry Products",17.06451638500,395
"Mollusks, clam, mixed species, raw","Finfish and Shellfish Products",17.05813956900,396
"Veal, variety meats and by-products, thymus, raw","Lamb, Veal, and Game Products",17.03960379000,397
"Lamb, variety meats and by-products, spleen, raw","Lamb, Veal, and Game Products",17.02970280000,398
"MORI-NU, Tofu, silken, lite firm","Legumes and Legume Products",17.02702701000,399
"Lamb, New Zealand, imported, tenderloin, separable lean and fat, raw","Lamb, Veal, and Game Products",17.02499931900,400
"Beef, variety meats and by-products, lungs, cooked, braised","Beef Products",16.99999932000,401
"Emu, ground, raw","Poultry Products",16.99253829900,402
"Beef, chuck for stew, separable lean and fat, all grades, raw","Beef Products",16.99218750000,403
"Fish, salmon, sockeye, raw","Finfish and Shellfish Products",16.98473330000,404
"Fish, salmon, sockeye, cooked, dry heat","Finfish and Shellfish Products",16.97435788800,405
"Beef, chuck for stew, separable lean and fat, all grades, cooked, braised","Beef Products",16.96858608200,406
"Pork, fresh, loin, top loin (roasts), boneless, separable lean only, raw","Pork Products",16.96212216200,407
"Lamb, variety meats and by-products, spleen, cooked, braised","Lamb, Veal, and Game Products",16.96153737600,408
"Veal, shank (fore and hind), separable lean and fat, raw","Lamb, Veal, and Game Products",16.94690357000,409
"Turkey, gizzard, all classes, raw","Poultry Products",16.93693692000,410
"Mollusks, squid, mixed species, raw","Finfish and Shellfish Products",16.93478227000,411
"Veal, shoulder, whole (arm and blade), separable lean only, cooked, braised","Lamb, Veal, and Game Products",16.92462436800,412
"Pork, Shoulder petite tender, boneless, separable lean and fat, raw","Pork Products",16.91406250000,413
"Pork, fresh, loin, sirloin (chops or roasts), boneless, separable lean and fat, raw","Pork Products",16.90977445300,414
"Fish, turbot, european, raw","Finfish and Shellfish Products",16.89473718000,415
"Turkey from whole, light meat, meat and skin, with added solution, cooked, roasted","Poultry Products",16.89172040400,416
"Pork, fresh, shoulder, arm picnic, separable lean only, raw","Pork Products",16.88333265800,417
"Fish, salmon, coho, wild, cooked, dry heat","Finfish and Shellfish Products",16.87050452500,418
"Fish, turbot, european, cooked, dry heat","Finfish and Shellfish Products",16.86885181800,419
"Chicken, stewing, light meat, meat only, raw","Poultry Products",16.86131370000,420
"Beef, ground, 97% lean meat / 3% fat, crumbles, cooked, pan-browned","Beef Products",16.83428655600,421
"Pork, fresh, loin, sirloin (chops), bone-in, separable lean only, cooked, broiled","Pork Products",16.83333205400,422
"Pork, cured, ham -- water added, slice, bone-in, separable lean only, heated, pan-broil","Pork Products",16.82442795200,423
"Pork, fresh, variety meats and by-products, kidneys, cooked, braised","Pork Products",16.82119318000,424
"Lamb, New Zealand, imported, testes, cooked, soaked and fried","Lamb, Veal, and Game Products",16.80800000000,425
"Turkey, thigh, from whole bird, meat only, roasted","Poultry Products",16.79393922600,426
"Fish, salmon, chum, raw","Finfish and Shellfish Products",16.78333266200,427
"Pork, fresh, loin, sirloin (chops or roasts), bone-in, separable lean only, raw","Pork Products",16.78294577000,428
"Pork, fresh, variety meats and by-products, lungs, cooked, braised","Pork Products",16.76767660000,429
"Fish, salmon, chum, cooked, dry heat","Finfish and Shellfish Products",16.76623249200,430
"Lamb, New Zealand, imported, testes, raw","Lamb, Veal, and Game Products",16.76470548000,431
"Pork, cured, ham and water product, rump, bone-in, separable lean only, unheated","Pork Products",16.75700864200,432
"Turkey, thigh, from whole bird, meat only, with added solution, raw","Poultry Products",16.75652140400,433
"Turkey, drumstick, from whole bird, meat only, with added solution, raw","Poultry Products",16.75652140400,433
"Turkey, dark meat from whole, meat only, with added solution, raw","Poultry Products",16.75652140400,433
"Turkey, back, from whole bird, meat only, with added solution, raw","Poultry Products",16.75652140400,433
"Beef, chuck for stew, separable lean and fat, choice, cooked, braised","Beef Products",16.74742211100,434
"Lamb, New Zealand, imported, leg chop/steak, bone-in, separable lean only, raw","Lamb, Veal, and Game Products",16.74603188000,435
"Fish, salmon, pink, canned, drained solids","Finfish and Shellfish Products",16.73913087000,436
"Beef, New Zealand, imported, brisket point end, separable lean only, raw","Beef Products",16.73600000000,437
"Chicken, broilers or fryers, dark meat, drumstick, meat only, raw","Poultry Products",16.73275929000,438
"Veal, Australian, shank, hind, bone-in, separable lean only, raw","Lamb, Veal, and Game Products",16.69672067700,439
"Turkey, whole, light meat, meat and skin, cooked, roasted","Poultry Products",16.69491669000,440
"Lamb, New Zealand, imported, chump, boneless, separable lean only, cooked, fast roasted","Lamb, Veal, and Game Products",16.68309972600,441
"Salmon, sockeye, canned, drained solids, without skin and bones","Finfish and Shellfish Products",16.66455716200,442
"Fish, tilefish, cooked, dry heat","Finfish and Shellfish Products",16.65986372900,443
"Veal, sirloin, separable lean only, cooked, braised","Lamb, Veal, and Game Products",16.64705955600,444
"Beef, chuck for stew, separable lean and fat, choice, raw","Beef Products",16.64615451200,445
"Veal, rib, separable lean only, raw","Lamb, Veal, and Game Products",16.64166600100,446
"Beef, Australian, imported, grass-fed, loin, top loin steak/roast, boneless, separable lean only, raw","Beef Products",16.63358825200,447
"Pork, fresh, loin, sirloin (chops), boneless, separable lean and fat, cooked, braised","Pork Products",16.61403447300,448
"Seaweed, laver, raw","Vegetables and Vegetable Products",16.60000024900,449
"Chicken, roasting, dark meat, meat only, raw","Poultry Products",16.58407169200,450
"Pork, fresh, loin, sirloin (chops), boneless, separable lean and fat, cooked, broiled","Pork Products",16.58235310700,451
"Lamb, New Zealand, imported, hind-shank, separable lean only, cooked, braised","Lamb, Veal, and Game Products",16.58163325000,452
"Pumpkin leaves, raw","Vegetables and Vegetable Products",16.57894738500,453
"Pheasant, leg, meat only, raw","Poultry Products",16.56716514000,454
"Pork, fresh, variety meats and by-products, lungs, raw","Pork Products",16.56470604800,455
"Fish, bass, freshwater, mixed species, cooked, dry heat","Finfish and Shellfish Products",16.56164367000,456
"Fish, bass, fresh water, mixed species, raw","Finfish and Shellfish Products",16.54385998000,457
"Fish, mullet, striped, cooked, dry heat","Finfish and Shellfish Products",16.54000082700,458
"Fish, mullet, striped, raw","Finfish and Shellfish Products",16.53846241500,459
"Turkey, retail parts, drumstick, meat only, cooked, roasted","Poultry Products",16.53757276700,460
"Turkey, drumstick, from whole bird, meat only, with added solution, roasted","Poultry Products",16.51898754000,461
"Turkey, thigh, from whole bird, meat only, with added solution, roasted","Poultry Products",16.51898754000,461
"Turkey, dark meat, meat only, with added solution, cooked, roasted","Poultry Products",16.51898754000,461
"Veal, shank (fore and hind), separable lean and fat, cooked, braised","Lamb, Veal, and Game Products",16.51308870800,462
"Veal, shoulder, blade, separable lean only, cooked, braised","Lamb, Veal, and Game Products",16.49494933000,463
"Game meat, beaver, raw","Lamb, Veal, and Game Products",16.47260257500,464
"Beef, Australian, imported, grass-fed, round, bottom round steak/roast, boneless, separable lean only, raw","Beef Products",16.46153912000,465
"Pork, fresh, variety meats and by-products, kidneys, raw","Pork Products",16.46000000000,466
"Game meat, beaver, cooked, roasted","Lamb, Veal, and Game Products",16.43867878500,467
"Pork, cured, ham and water product, shank, bone-in, separable lean only, heated, roasted","Pork Products",16.43181910200,468
"Turkey, fryer-roasters, meat and skin, cooked, roasted","Poultry Products",16.43023117800,469
"Veal, Australian, shank, fore, bone-in, separable lean only, raw","Lamb, Veal, and Game Products",16.40650345800,470
"Pork, fresh, leg (ham), shank half, separable lean only, cooked, roasted","Pork Products",16.39428653400,471
"Asparagus, frozen, cooked, boiled, drained, with salt","Vegetables and Vegetable Products",16.38888902000,472
"Asparagus, frozen, cooked, boiled, drained, without salt","Vegetables and Vegetable Products",16.38888902000,472
"Duck, young duckling, domesticated, White Pekin, leg, meat only, bone in, cooked without skin, braised","Poultry Products",16.34831598000,473
"Pork, cured, ham -- water added, shank, bone-in, separable lean only, heated, roasted","Pork Products",16.34375000000,474
"Pork, ground, 96% lean / 4% fat, cooked, crumbles","Pork Products",16.33689967000,475
"Chicken, broilers or fryers, drumstick, rotisserie, original seasoning, meat only, cooked","Poultry Products",16.32954493200,476
"Lamb, New Zealand, imported, heart, cooked, soaked and simmered","Lamb, Veal, and Game Products",16.31055868000,477
"Game meat, beefalo, composite of cuts, cooked, roasted","Lamb, Veal, and Game Products",16.30851083400,478
"Game meat, beefalo, composite of cuts, raw","Lamb, Veal, and Game Products",16.29370631000,479
"Mollusks, abalone, mixed species, raw","Finfish and Shellfish Products",16.28571510000,480
"Veal, composite of trimmed retail cuts, separable lean only, cooked","Lamb, Veal, and Game Products",16.27551079000,481
"Chicken, broilers or fryers, drumstick, meat only, cooked, stewed","Poultry Products",16.27219000000,482
"Pork, fresh, loin, tenderloin, separable lean only, cooked, broiled","Pork Products",16.26738094800,483
"Fish, tuna, fresh, bluefin, cooked, dry heat","Finfish and Shellfish Products",16.25543595300,484
"Chicken, broilers or fryers, dark meat, thigh, meat only, raw","Poultry Products",16.24793425800,485
"Pork, cured, ham and water product, rump, bone-in, separable lean only, heated, roasted","Pork Products",16.24427526400,486
"Pork, cured, ham -- water added, rump, bone-in, separable lean only, unheated","Pork Products",16.24210558800,487
"Lamb, New Zealand, imported, leg chop/steak, bone-in, separable lean only, cooked, fast fried","Lamb, Veal, and Game Products",16.24074204000,488
"Squab, (pigeon), light meat without skin, raw","Poultry Products",16.23880691200,489
"Quail, meat only, raw","Poultry Products",16.23880691200,489
"Lamb, variety meats and by-products, kidneys, raw","Lamb, Veal, and Game Products",16.22680357200,490
"Chicken, roasting, giblets, cooked, simmered","Poultry Products",16.22424226200,491
"Lamb, New Zealand, imported, frozen, composite of trimmed retail cuts, separable lean only, raw","Lamb, Veal, and Game Products",16.21093750000,492
"Fish, tuna, fresh, bluefin, raw","Finfish and Shellfish Products",16.20138785200,493
"Veal, Australian, rib, rib roast, separable lean only, raw","Lamb, Veal, and Game Products",16.19403079000,494
"Emu, oyster, raw","Poultry Products",16.17730591900,495
"Fish, bluefish, raw","Finfish and Shellfish Products",16.16129006400,496
"Fish, bluefish, cooked, dry heat","Finfish and Shellfish Products",16.15723225200,497
"Veal, variety meats and by-products, kidneys, cooked, braised","Lamb, Veal, and Game Products",16.14723840800,498
"Fish, salmon, pink, raw","Finfish and Shellfish Products",16.14173280000,499
"Fish, shark, mixed species, raw","Finfish and Shellfish Products",16.13846218400,500
"Duck, wild, breast, meat only, raw","Poultry Products",16.13821078500,501
"Fish, seatrout, mixed species, cooked, dry heat","Finfish and Shellfish Products",16.13533836200,502
"Chicken, broiler, rotisserie, BBQ, drumstick, meat only","Poultry Products",16.11046376300,503
"Fish, seatrout, mixed species, raw","Finfish and Shellfish Products",16.09615449000,504
"Chicken, capons, giblets, cooked, simmered","Poultry Products",16.09146347900,505
"Game meat, horse, raw","Lamb, Veal, and Game Products",16.08270678300,506
"Game meat, horse, cooked, roasted","Lamb, Veal, and Game Products",16.08000080400,507
"Fish, salmon, pink, cooked, dry heat","Finfish and Shellfish Products",16.06536018400,508
"Chicken, broilers or fryers, dark meat, meat only, raw","Poultry Products",16.06400000000,509
"Chicken, broilers or fryers, dark meat, drumstick, meat only, cooked, braised","Poultry Products",16.06040173700,510
"Beef, New Zealand, imported, rump centre, separable lean only, cooked, fast fried","Beef Products",16.04787253300,511
"Pork, cured, ham, steak, boneless, extra lean, unheated","Pork Products",16.03278627600,512
"Pork, fresh, loin, center rib (chops or roasts), bone-in, separable lean only, raw","Pork Products",16.02205843900,513
"Turkey, whole, dark meat, cooked, roasted","Poultry Products",16.01734153700,514
"Turkey, whole, back, meat only, cooked, roasted","Poultry Products",16.01734153700,514
"Chicken, broilers or fryers, leg, meat only, raw","Poultry Products",15.96666602800,515
"Peanut flour, defatted","Legumes and Legume Products",15.96330288000,516
"Pork, fresh, variety meats and by-products, liver, raw","Pork Products",15.96268749300,517
"Pork, cured, ham with natural juices, spiral slice, boneless, separable lean and fat, heated, roasted","Pork Products",15.95683541000,518
"Pork, cured, ham, whole, separable lean only, roasted","Pork Products",15.95541463500,519
"Pork, fresh, variety meats and by-products, heart, cooked, braised","Pork Products",15.94594652000,520
"Pork, fresh, loin, top loin (chops), boneless, separable lean only, cooked, broiled","Pork Products",15.94219702600,521
"Lamb, New Zealand, imported, fore-shank, separable lean only, cooked, braised","Lamb, Veal, and Game Products",15.93779905900,522
"Veal, shoulder, arm, separable lean only, cooked, roasted","Lamb, Veal, and Game Products",15.93292689300,523
"Lamb, New Zealand, imported, loin saddle, separable lean only, raw","Lamb, Veal, and Game Products",15.92366456800,524
"Veal, variety meats and by-products, kidneys, raw","Lamb, Veal, and Game Products",15.91919176000,525
"Lamb, New Zealand, imported, tunnel-boned leg, chump off, shank off, separable lean only, cooked, slow roasted","Lamb, Veal, and Game Products",15.90565993200,526
"Pork, fresh, loin, sirloin (chops), bone-in, separable lean only, cooked, braised","Pork Products",15.89743550000,527
"Soy sauce made from soy and wheat (shoyu), low sodium","Legumes and Legume Products",15.87719330000,528
"Fish, yellowtail, mixed species, cooked, dry heat","Finfish and Shellfish Products",15.86631139800,529
"Beef, New Zealand, imported, flank, separable lean only, cooked, braised","Beef Products",15.85051492500,530
"Fish, yellowtail, mixed species, raw","Finfish and Shellfish Products",15.84931491000,531
"Beef, variety meats and by-products, heart, raw","Beef Products",15.82142781200,532
"Pork, fresh, composite of trimmed retail cuts (leg, loin, shoulder), separable lean only, raw","Pork Products",15.82089644000,533
"Pork, cured, ham -- water added, slice, boneless, separable lean only, heated, pan-broil","Pork Products",15.81512540200,534
"Turkey, retail parts, thigh, meat only, cooked, roasted","Poultry Products",15.81132031200,535
"Veal, rib, separable lean only, cooked, braised","Lamb, Veal, and Game Products",15.79816526400,536
"Pork, fresh, variety meats and by-products, liver, cooked, braised","Pork Products",15.76969681200,537
"Pork, cured, ham -- water added, whole, boneless, separable lean only, unheated","Pork Products",15.76363620600,538
"Pork, fresh, loin, blade (roasts), boneless, separable lean only, cooked, roasted","Pork Products",15.76000078800,539
"Lamb, New Zealand, imported, loin saddle, separable lean only, cooked, fast roasted","Lamb, Veal, and Game Products",15.75926052000,540
"Pork, fresh, loin, top loin (roasts), boneless, separable lean only, cooked, roasted","Pork Products",15.73988488100,541
"Soy flour, defatted","Legumes and Legume Products",15.73700318400,542
"Beef, ground, 95% lean meat / 5% fat, patty, cooked, pan-broiled","Beef Products",15.73170738000,543
"Beef, ground, 95% lean meat / 5% fat, loaf, cooked, baked","Beef Products",15.69540110600,544
"Veal, sirloin, separable lean only, cooked, roasted","Lamb, Veal, and Game Products",15.66666679200,545
"Veal, variety meats and by-products, heart, cooked, braised","Lamb, Veal, and Game Products",15.65591372800,546
"HORMEL ALWAYS TENDER, Pork Tenderloin, Peppercorn-Flavored","Pork Products",15.64545438900,547
"Chicken, broilers or fryers, dark meat, drumstick, meat only, cooked, roasted","Poultry Products",15.63870991200,548
"Beef, New Zealand, imported, rump centre, separable lean and fat, cooked, fast fried","Beef Products",15.63020733300,549
"Beef, ground, 95% lean meat / 5% fat, raw","Beef Products",15.62773707000,550
"Fish, salmon, chinook, smoked, (lox), regular","Finfish and Shellfish Products",15.62393245200,551
"Fish, salmon, chinook, smoked","Finfish and Shellfish Products",15.62393245200,551
"Beef, New Zealand, imported, chuck eye roll, separable lean only, raw","Beef Products",15.61832104800,552
"Veal, variety meats and by-products, heart, raw","Lamb, Veal, and Game Products",15.61818166200,553
"Fish, roe, mixed species, raw","Finfish and Shellfish Products",15.60839162400,554
"Pork, cured, ham, extra lean (approximately 4% fat), canned, roasted","Pork Products",15.55882315600,555
"Fish, anchovy, european, raw","Finfish and Shellfish Products",15.53435158000,556
"Beef, New Zealand, imported, variety meats and by-products liver, cooked, boiled","Beef Products",15.53333411000,557
"Pork, cured, ham and water product, shank, bone-in, unheated, separable lean only","Pork Products",15.51327517400,558
"Chicken, stewing, light meat, meat only, cooked, stewed","Poultry Products",15.51173814400,559
"Pork, fresh, loin, blade (chops), boneless, separable lean only, boneless, cooked, broiled","Pork Products",15.46745624000,560
"Beef, New Zealand, imported, knuckle, cooked, fast fried","Beef Products",15.45505747800,561
"Chicken, dark meat, drumstick, meat only, with added solution, cooked, braised","Poultry Products",15.42952929100,562
"Pork, fresh, loin, sirloin (roasts), boneless, separable lean and fat, cooked, roasted","Pork Products",15.42708234600,563
"Beef, New Zealand, imported, chuck eye roll, separable lean only, cooked, braised","Beef Products",15.42307593600,564
"Beef, New Zealand, imported, rump centre, separable lean only, raw","Beef Products",15.41844062600,565
"Chicken, broilers or fryers, meat only, cooked, stewed","Poultry Products",15.41808042200,566
"Beef, New Zealand, imported, variety meats and by-products, liver, raw","Beef Products",15.41353385000,567
"Beef, New Zealand, imported, eye round, separable lean and fat, raw","Beef Products",15.41085274400,568
"Pork, cured, ham, extra lean (approximately 4% fat), canned, unheated","Pork Products",15.40833271700,569
"Pork, cured, ham -- water added, whole, boneless, separable lean only, heated, roasted","Pork Products",15.37606919100,570
"Fish, sturgeon, mixed species, raw","Finfish and Shellfish Products",15.37142934000,571
"Vitasoy USA, Nasoya Lite Firm Tofu","Legumes and Legume Products",15.37037077000,572
"Soy sauce made from soy and wheat (shoyu)","Legumes and Legume Products",15.35849095000,573
"Lamb, New Zealand, imported, liver, cooked, soaked and fried","Lamb, Veal, and Game Products",15.35714298000,574
"Veal, foreshank, osso buco, separable lean and fat, cooked, braised","Lamb, Veal, and Game Products",15.35164697000,575
"Fish, surimi","Finfish and Shellfish Products",15.33333318000,576
"Fish, sturgeon, mixed species, cooked, dry heat","Finfish and Shellfish Products",15.33333249000,577
"Broccoli raab, cooked","Vegetables and Vegetable Products",15.32000000000,578
"HORMEL ALWAYS TENDER, Pork Tenderloin, Teriyaki-Flavored","Pork Products",15.29411702000,579
"Lamb, New Zealand, imported, frozen, leg, whole (shank and sirloin), separable lean only, cooked, roasted","Lamb, Veal, and Game Products",15.29281801600,580
"Turkey, whole, giblets, cooked, simmered","Poultry Products",15.28323746800,581
"Fish, trout, rainbow, wild, cooked, dry heat","Finfish and Shellfish Products",15.28000076400,582
"Lamb, New Zealand, imported, sweetbread, raw","Lamb, Veal, and Game Products",15.27777790000,583
"Jellyfish, dried, salted","Finfish and Shellfish Products",15.27777790000,583
"Fish, salmon, pink, canned, total can contents","Finfish and Shellfish Products",15.25581398400,584
"Beef, New Zealand, imported, oyster blade, separable lean only, cooked, braised","Beef Products",15.23979646700,585
"Chicken, broiler, rotisserie, BBQ, wing, meat only","Poultry Products",15.23655889600,586
"Chicken, broilers or fryers, meat only, cooked, roasted","Poultry Products",15.22631609400,587
"Beef, variety meats and by-products, liver, cooked, braised","Beef Products",15.22513061600,588
"Lamb, New Zealand, imported, liver, raw","Lamb, Veal, and Game Products",15.22058787000,589
"Beef, New Zealand, imported, hind shin, separable lean and fat, cooked, braised","Beef Products",15.21428626200,590
"Fish, salmon, chum, canned, without salt, drained solids with bone","Finfish and Shellfish Products",15.19858245700,591
"Fish, salmon, chum, canned, drained solids with bone","Finfish and Shellfish Products",15.19858245700,591
"Turkey, all classes, breast, meat and skin, cooked, roasted","Poultry Products",15.19047535500,592
"Pork, cured, ham, whole, separable lean only, unheated","Pork Products",15.18367327200,593
"Veal, shoulder, whole (arm and blade), separable lean only, cooked, roasted","Lamb, Veal, and Game Products",15.18235309300,594
"Pork, fresh, loin, center loin (chops), bone-in, separable lean only, cooked, pan-fried","Pork Products",15.15897398000,595
"Beef, variety meats and by-products, liver, cooked, pan-fried","Beef Products",15.15428647200,596
"Beef, New Zealand, imported, tenderloin, separable lean only, raw","Beef Products",15.13571398300,597
"Chicken, broilers or fryers, breast, meat and skin, cooked, roasted","Poultry Products",15.12690316000,598
"Beef, New Zealand, imported, oyster blade, separable lean and fat, cooked, braised","Beef Products",15.12182701800,599
"Beef, ground, 95% lean meat / 5% fat, crumbles, cooked, pan-browned","Beef Products",15.11398919900,600
"HORMEL ALWAYS TENDER, Pork Loin Filets, Lemon Garlic-Flavored","Pork Products",15.11016900800,601
"Beef, ground, 95% lean meat / 5% fat, patty, cooked, broiled","Beef Products",15.10919425400,602
"Beef, Australian, imported, grass-fed, loin, tenderloin steak/roast, boneless, separable lean only, raw","Beef Products",15.10869604500,603
"Turkey, whole, meat and skin, cooked, roasted","Poultry Products",15.10581927500,604
"Pork, fresh, loin, center loin (chops), bone-in, separable lean only, cooked, braised","Pork Products",15.10000000000,605
"Beef, Australian, imported, grass-fed, round, bottom round steak/roast, boneless, separable lean and fat, raw","Beef Products",15.09285684100,606
"Beef, variety meats and by-products, liver, raw","Beef Products",15.08148065200,607
"Chicken, broiler, rotisserie, BBQ, breast, meat and skin","Poultry Products",15.06857218200,608
"Pork, fresh, leg (ham), whole, separable lean only, raw","Pork Products",15.05882316800,609
"Fish, spot, raw","Finfish and Shellfish Products",15.04877993100,610
"Veal, leg (top round), separable lean and fat, cooked, pan-fried, not breaded","Lamb, Veal, and Game Products",15.04739180000,611
"Veal, loin, separable lean only, cooked, roasted","Lamb, Veal, and Game Products",15.04000075200,612
"Turkey, whole, meat and skin, raw","Poultry Products",15.02777681600,613
"Fish, spot, cooked, dry heat","Finfish and Shellfish Products",15.01898752200,614
"Chicken, broilers or fryers, wing, meat only, cooked, stewed","Poultry Products",15.01657491600,615
"Chicken, broilers or fryers, wing, meat only, cooked, roasted","Poultry Products",15.00492496800,616
"Veal, shoulder, blade, separable lean only, cooked, roasted","Lamb, Veal, and Game Products",14.99415149200,617
"Pork, fresh, shoulder, (Boston butt), blade (steaks), separable lean only, with added solution, raw","Pork Products",14.99180270900,618
"Chicken, liver, all classes, cooked, pan-fried","Poultry Products",14.98837083400,619
"Pork, fresh, loin, whole, separable lean only, raw","Pork Products",14.98601400100,620
"Pork, fresh, loin, top loin (chops), boneless, separable lean and fat, cooked, pan-fried","Pork Products",14.97959237600,621
"Chicken, roasting, meat only, cooked, roasted","Poultry Products",14.97604802400,622
"Ostrich, ground, cooked, pan-broiled","Poultry Products",14.94285789000,623
"Chicken, broilers or fryers, rotisserie, original seasoning, breast, meat and skin, cooked","Poultry Products",14.93478368400,624
"Beef, New Zealand, imported, rump centre, separable lean and fat, raw","Beef Products",14.93103508000,625
"Fish, mackerel, spanish, cooked, dry heat","Finfish and Shellfish Products",14.93037992600,626
"Pork, fresh, loin, top loin (chops), boneless, separable lean and fat, with added solution, cooked, pan-broiled","Pork Products",14.92105293000,627
"Pork, cured, ham -- water added, slice, boneless, separable lean and fat, heated, pan-broil","Pork Products",14.89600000000,628
"Chicken, broilers or fryers, breast, meat and skin, cooked, stewed","Poultry Products",14.88587063700,629
"Fish, salmon, coho, wild, cooked, moist heat","Finfish and Shellfish Products",14.86956628800,630
"Pork, fresh, loin, center loin (chops), bone-in, separable lean only, cooked, broiled","Pork Products",14.86666785600,631
"Fish, mackerel, jack, canned, drained solids","Finfish and Shellfish Products",14.86538366400,632
"Pork, fresh, loin, tenderloin, separable lean and fat, cooked, broiled","Pork Products",14.85572026400,633
"Veal, loin, separable lean only, cooked, braised","Lamb, Veal, and Game Products",14.85398310300,634
"Pork, fresh, loin, blade (chops or roasts), bone-in, separable lean only, raw","Pork Products",14.83916085400,635
"Pork, fresh, loin, country-style ribs, separable lean only, raw","Pork Products",14.82857113200,636
"Turkey, whole, meat and skin, with added solution, roasted","Poultry Products",14.82386316200,637
"Veal, shoulder, whole (arm and blade), separable lean and fat, raw","Lamb, Veal, and Game Products",14.82307751600,638
"Guinea hen, meat and skin, raw","Poultry Products",14.81012676000,639
"Fish, salmon, coho, wild, raw","Finfish and Shellfish Products",14.80821903000,640
"Veal, variety meats and by-products, liver, cooked, braised","Lamb, Veal, and Game Products",14.80208238600,641
"Chicken, dark meat, thigh, meat only, with added solution, cooked, roasted","Poultry Products",14.77439030300,642
"Game meat, rabbit, domesticated, composite of cuts, cooked, roasted","Lamb, Veal, and Game Products",14.75126865200,643
"Game meat, rabbit, domesticated, composite of cuts, cooked, stewed","Lamb, Veal, and Game Products",14.74757302200,644
"Pork, fresh, composite of trimmed retail cuts (loin and shoulder blade), separable lean only, raw","Pork Products",14.74305461200,645
"Game meat, rabbit, domesticated, composite of cuts, raw","Lamb, Veal, and Game Products",14.74264670500,646
"Fish, drum, freshwater, raw","Finfish and Shellfish Products",14.73949519400,647
"Pork, fresh, loin, center loin (roasts), bone-in, separable lean only, cooked, roasted","Pork Products",14.73195826200,648
"Lamb, New Zealand, imported, frozen, loin, separable lean only, cooked, broiled","Lamb, Veal, and Game Products",14.72864430600,649
"Fish, tuna, light, canned in oil, drained solids","Finfish and Shellfish Products",14.71212106500,650
"Fish, tuna, light, canned in oil, without salt, drained solids","Finfish and Shellfish Products",14.71212106500,650
"Fish, drum, freshwater, cooked, dry heat","Finfish and Shellfish Products",14.69934705200,651
"Beef, New Zealand, imported, flat, separable lean only, cooked, braised","Beef Products",14.69911583800,652
"Drumstick leaves, raw","Vegetables and Vegetable Products",14.68750000000,653
"Beef, New Zealand, imported, tenderloin, separable lean only, cooked, fast fried","Beef Products",14.68500000000,654
"Chicken, broilers or fryers, drumstick, meat only, cooked, fried","Poultry Products",14.67692271000,655
"Lamb, New Zealand, imported, sweetbread, cooked, soaked and simmered","Lamb, Veal, and Game Products",14.67361017200,656
"Pork, cured, shoulder, arm picnic, separable lean only, roasted","Pork Products",14.67058838200,657
"Turkey roast, boneless, frozen, seasoned, light and dark meat, raw","Poultry Products",14.66666608000,658
"Lamb, variety meats and by-products, liver, raw","Lamb, Veal, and Game Products",14.66187131000,659
"Turkey, whole, giblets, raw","Poultry Products",14.66129008800,660
"Veal, shoulder, arm, separable lean and fat, raw","Lamb, Veal, and Game Products",14.65151597200,661
"Chicken, liver, all classes, cooked, simmered","Poultry Products",14.64670670400,662
"Beans, kidney, mature seeds, sprouted, cooked, boiled, drained, without salt","Vegetables and Vegetable Products",14.63636349000,663
"Beans, kidney, mature seeds, sprouted, cooked, boiled, drained, with salt","Vegetables and Vegetable Products",14.63636349000,663
"Pork, fresh, variety meats and by-products, heart, raw","Pork Products",14.63559275200,664
"Pork, fresh, loin, top loin (chops), boneless, separable lean and fat, cooked, braised","Pork Products",14.60000000000,665
"Soy meal, defatted, raw","Legumes and Legume Products",14.59940628000,666
"Beef, New Zealand, imported, ribs prepared, raw","Beef Products",14.59589026500,667
"Veal, rib, separable lean only, cooked, roasted","Lamb, Veal, and Game Products",14.55367356800,668
"Pork, cured, ham with natural juices, slice, bone-in, separable lean and fat, heated, pan-broil","Pork Products",14.54444560800,669
"Beef, New Zealand, imported, flank, separable lean and fat, cooked, braised","Beef Products",14.48557599600,670
"Beef, New Zealand, imported, tenderloin, separable lean and fat, cooked, fast fried","Beef Products",14.48514837000,671
"Beans, kidney, mature seeds, sprouted, raw","Vegetables and Vegetable Products",14.48275878000,672
"Pork, cured, ham with natural juices, spiral slice, boneless, separable lean and fat, unheated","Pork Products",14.46511630800,673
"Beef, New Zealand, imported, flank, separable lean only, raw","Beef Products",14.45774746200,674
"Turkey, retail parts, breast, meat and skin, with added solution, raw","Poultry Products",14.43749907600,675
"Pork, cured, ham, boneless, extra lean (approximately 5% fat), roasted","Pork Products",14.43448333600,676
"Chicken, broilers or fryers, giblets, raw","Poultry Products",14.41935460800,677
"Pork, cured, ham, boneless, low sodium, extra lean (approximately 5% fat), roasted","Pork Products",14.41379368000,678
"Beef, New Zealand, imported, tenderloin, separable lean and fat, raw","Beef Products",14.41095876000,679
"Broccoli raab, raw","Vegetables and Vegetable Products",14.40909076500,680
"Chicken, stewing, meat only, raw","Poultry Products",14.36486538200,681
"Lamb, New Zealand, imported, frozen, composite of trimmed retail cuts, separable lean only, cooked","Lamb, Veal, and Game Products",14.36407787100,682
"Pork, cured, ham with natural juices, slice, bone-in, separable lean and fat, unheated","Pork Products",14.35220085600,683
"Winged bean, immature seeds, cooked, boiled, drained, with salt","Vegetables and Vegetable Products",14.35135133700,684
"Chicken, broilers or fryers, breast, meat and skin, cooked, fried, flour","Poultry Products",14.34234392000,685
"Pork, fresh, loin, center rib (chops or roasts), boneless, separable lean only, raw","Pork Products",14.34210446000,686
"Turkey, retail parts, drumstick, meat and skin, cooked, roasted","Poultry Products",14.31979658200,687
"Pork, fresh, loin, top loin (chops), boneless, separable lean and fat, with added solution, cooked, broiled","Pork Products",14.30808066500,688
"Turkey, all classes, heart, cooked, simmered","Poultry Products",14.29884948800,689
"Chicken, broilers or fryers, wing, meat only, cooked, fried","Poultry Products",14.28909804000,690
"Turkey, all classes, liver, cooked, simmered","Poultry Products",14.28571350000,691
"Chicken, roasting, giblets, raw","Poultry Products",14.28346502400,692
"Chicken, broilers or fryers, back, meat only, raw","Poultry Products",14.27737212000,693
"Chicken, heart, all classes, cooked, simmered","Poultry Products",14.27567460500,694
"Turkey, all classes, liver, raw","Poultry Products",14.26562500000,695
"Fish, tuna, white, canned in oil, without salt, drained solids","Finfish and Shellfish Products",14.26344063200,696
"Fish, tuna, white, canned in oil, drained solids","Finfish and Shellfish Products",14.26344063200,696
"Pork, cured, ham, center slice, country-style, separable lean only, raw","Pork Products",14.25640990000,697
"Veal, shoulder, arm, separable lean and fat, cooked, braised","Lamb, Veal, and Game Products",14.24999954400,698
"Fish, whitefish, mixed species, raw","Finfish and Shellfish Products",14.24626948300,699
"Veal, variety meats and by-products, liver, raw","Lamb, Veal, and Game Products",14.23571400100,700
"Fish, salmon, pink, canned, without salt, solids with bone and liquid","Finfish and Shellfish Products",14.23021661000,701
"Fish, whitefish, mixed species, cooked, dry heat","Finfish and Shellfish Products",14.22674299100,702
"Chicken, liver, all classes, raw","Poultry Products",14.21848681200,703
"Bison, ground, grass-fed, cooked","Lamb, Veal, and Game Products",14.21787664000,704
"Beef, variety meats and by-products, tripe, raw","Beef Products",14.20000014200,705
"Chicken, broilers or fryers, leg, meat only, cooked, stewed","Poultry Products",14.19459353000,706
"Pork, fresh, shoulder, (Boston butt), blade (steaks), separable lean only, raw","Pork Products",14.18939473400,707
"Winged beans, immature seeds, raw","Vegetables and Vegetable Products",14.18367328500,708
"Veal, variety meats and by-products, liver, cooked, pan-fried","Lamb, Veal, and Game Products",14.18134673900,709
"Veal, ground, cooked, broiled","Lamb, Veal, and Game Products",14.17441741400,710
"Fish, trout, rainbow, farmed, cooked, dry heat","Finfish and Shellfish Products",14.16666678000,711
"Veal, loin, chop, separable lean and fat, cooked, grilled","Lamb, Veal, and Game Products",14.16161602000,712
"Turkey, retail parts, drumstick, meat and skin, raw","Poultry Products",14.15602920400,713
"Game meat, deer, ground, cooked, pan-broiled","Lamb, Veal, and Game Products",14.14438613000,714
"Fish, trout, rainbow, farmed, raw","Finfish and Shellfish Products",14.14184480600,715
"Cowpeas, leafy tips, raw","Vegetables and Vegetable Products",14.13793119000,716
"Goose, domesticated, meat only, raw","Poultry Products",14.13043450000,717
"Lamb, New Zealand, imported, netted shoulder, rolled, boneless, separable lean only, raw","Lamb, Veal, and Game Products",14.12587414000,718
"Fish, salmon, sockeye, canned, drained solids","Finfish and Shellfish Products",14.12574861600,719
"Turkey, retail parts, breast, meat and skin, raw","Poultry Products",14.11612924400,720
"Fish, carp, cooked, dry heat","Finfish and Shellfish Products",14.11111224000,721
"Pork, cured, ham -- water added, whole, boneless, separable lean and fat, heated, roasted","Pork Products",14.10317471600,722
"Pork, cured, ham -- water added, whole, boneless, separable lean and fat, unheated","Pork Products",14.09917387800,723
"Lamb, New Zealand, imported, rack - fully frenched, separable lean only, cooked, fast roasted","Lamb, Veal, and Game Products",14.09826633300,724
"Beef, New Zealand, imported, oyster blade, separable lean only, raw","Beef Products",14.08387117900,725
"Beef, ground, 93% lean meat / 7% fat, loaf, cooked, baked","Beef Products",14.07812409900,726
"Pork, cured, ham, slice, bone-in, separable lean and fat, heated, pan-broil","Pork Products",14.07734837600,727
"Lamb, New Zealand, imported, loin chop, separable lean only, raw","Lamb, Veal, and Game Products",14.07042349200,728
"Chicken, capons, giblets, raw","Poultry Products",14.06153902400,729
"Veal, shoulder, whole (arm and blade), separable lean and fat, cooked, braised","Lamb, Veal, and Game Products",14.06140379000,730
"Chicken, broilers or fryers, rotisserie, original seasoning, wing, meat only, cooked","Poultry Products",14.05583719800,731
"Pork, cured, ham and water product, slice, bone-in, separable lean only, unheated","Pork Products",14.04854388600,732
"Mushrooms, white, raw","Vegetables and Vegetable Products",14.04545440500,733
"Mushroom, white, exposed to ultraviolet light, raw","Vegetables and Vegetable Products",14.04545440500,733
"Beef, ground, 93% lean meat /7% fat, patty, cooked, pan-broiled","Beef Products",14.04395478000,734
"Fish, carp, raw","Finfish and Shellfish Products",14.03937052800,735
"Fish, trout, mixed species, raw","Finfish and Shellfish Products",14.03378428900,736
"Fish, roe, mixed species, cooked, dry heat","Finfish and Shellfish Products",14.02941238200,737
"Chicken, dark meat, thigh, meat only, with added solution, cooked, braised","Poultry Products",14.02439030000,738
"Beef, New Zealand, imported, hind shin, separable lean and fat, raw","Beef Products",14.02040798100,739
"Lamb, New Zealand, imported, rack - fully frenched, separable lean only, raw","Lamb, Veal, and Game Products",14.02040798100,739
"Fish, trout, mixed species, cooked, dry heat","Finfish and Shellfish Products",14.01578975400,740
"Turkey, canned, meat only, with broth","Poultry Products",14.01183488000,741
"Pork, fresh, loin, whole, separable lean only, cooked, braised","Pork Products",14.00490257700,742
"Chrysanthemum leaves, raw","Vegetables and Vegetable Products",14.00000011200,743
"Chrysanthemum, garland, raw","Vegetables and Vegetable Products",14.00000011200,743
"Pork, fresh, loin, center rib (roasts), bone-in, separable lean only, cooked, roasted","Pork Products",13.99029145800,744
"Fish, salmon, Atlantic, wild, cooked, dry heat","Finfish and Shellfish Products",13.97802072000,745
"Winged beans, immature seeds, cooked, boiled, drained, without salt","Vegetables and Vegetable Products",13.97368395900,746
"Fish, salmon, Atlantic, wild, raw","Finfish and Shellfish Products",13.97183193600,747
"Pork, fresh, composite of trimmed retail cuts (loin and shoulder blade), separable lean only, cooked","Pork Products",13.96682319200,748
"Chicken, broilers or fryers, meat only, cooked, fried","Poultry Products",13.95890397000,749
"Pork, fresh, loin, center rib (chops), bone-in, separable lean only, cooked, braised","Pork Products",13.95672987600,750
"Beef, New Zealand, imported, striploin, separable lean only, raw","Beef Products",13.95333403100,751
"Turkey, drumstick, smoked, cooked, with skin, bone removed","Poultry Products",13.95000000000,752
"Chicken, broilers or fryers, dark meat, thigh, meat only, cooked, braised","Poultry Products",13.94886319000,753
"Turkey, all classes, breast, meat and skin, raw","Poultry Products",13.94267570300,754
"Pork, fresh, leg (ham), whole, separable lean only, cooked, roasted","Pork Products",13.93838717600,755
"Chicken, broilers or fryers, leg, meat only, cooked, roasted","Poultry Products",13.91953917200,756
"Veal, shoulder, arm, separable lean and fat, cooked, roasted","Lamb, Veal, and Game Products",13.91256862600,757
"Bamboo shoots, cooked, boiled, drained, with salt","Vegetables and Vegetable Products",13.90909092300,758
"Veal, breast, whole, boneless, separable lean only, cooked, braised","Lamb, Veal, and Game Products",13.90825699200,759
"Pork, fresh, loin, top loin (chops), boneless, separable lean and fat, raw","Pork Products",13.90322601500,760
"Lamb, variety meats and by-products, liver, cooked, braised","Lamb, Veal, and Game Products",13.89545593500,761
"Veal, shoulder, blade, separable lean and fat, cooked, braised","Lamb, Veal, and Game Products",13.89333194400,762
"Fish, mackerel, spanish, raw","Finfish and Shellfish Products",13.87769860500,763
"Turkey, whole, neck, meat only, cooked, simmered","Poultry Products",13.87654432000,764
"Game meat, deer, ground, raw","Lamb, Veal, and Game Products",13.87261200600,765
"Fish, milkfish, raw","Finfish and Shellfish Products",13.87162212100,766
"Pork, fresh, loin, center rib (chops), bone-in, separable lean only, cooked, broiled","Pork Products",13.86559117600,767
"Bison, ground, grass-fed, raw","Lamb, Veal, and Game Products",13.85616424500,768
"Fish, milkfish, cooked, dry heat","Finfish and Shellfish Products",13.85263185600,769
"Mollusks, mussel, blue, raw","Finfish and Shellfish Products",13.83720933000,770
"Mollusks, mussel, blue, cooked, moist heat","Finfish and Shellfish Products",13.83720814000,771
"HORMEL Canadian Style Bacon","Pork Products",13.83606504800,772
"Chicken, broilers or fryers, thigh, meat only, cooked, roasted","Poultry Products",13.83240179200,773
"Beef, New Zealand, imported, flat, separable lean only, raw","Beef Products",13.83116778000,774
"Beef, New Zealand, imported, ribs prepared, cooked, fast roasted","Beef Products",13.82233466600,775
"Beef, ground, 93% lean meat / 7% fat, crumbles, cooked, pan-browned","Beef Products",13.81818183200,776
"Game meat, elk, ground, cooked, pan-broiled","Lamb, Veal, and Game Products",13.80310840800,777
"Pork, fresh, shoulder, arm picnic, separable lean only, cooked, braised","Pork Products",13.79381396400,778
"Duck, domesticated, liver, raw","Poultry Products",13.77941143400,779
"Pork, fresh, loin, top loin (roasts), boneless, separable lean and fat, cooked, roasted","Pork Products",13.77604078500,780
"Mushrooms, white, stir-fried","Vegetables and Vegetable Products",13.76923060400,781
"Veal, shoulder, whole (arm and blade), separable lean and fat, cooked, roasted","Lamb, Veal, and Game Products",13.76087055600,782
"Fish, anchovy, european, canned in oil, drained solids","Finfish and Shellfish Products",13.75714354500,783
"Veal, Australian, shank, hind, bone-in, separable lean and fat, raw","Lamb, Veal, and Game Products",13.73611023200,784
"Chicken, dark meat, drumstick, meat and skin, with added solution, cooked, roasted","Poultry Products",13.73333443200,785
"Beef, New Zealand, imported, bolar blade, separable lean and fat, cooked, fast roasted","Beef Products",13.72807045000,786
"Chicken, broilers or fryers, neck, meat only, cooked, simmered","Poultry Products",13.72066995200,787
"Beef, ground, 93% lean meat / 7% fat, raw","Beef Products",13.71710449500,788
"Pork, fresh, loin, whole, separable lean only, cooked, roasted","Pork Products",13.69377991800,789
"Pork, fresh, composite of trimmed retail cuts (leg, loin, and shoulder), separable lean only, cooked","Pork Products",13.68656612400,790
"Water convolvulus,raw","Vegetables and Vegetable Products",13.68421054000,791
"Jute, potherb, raw","Vegetables and Vegetable Products",13.67647072500,792
"Chicken, canned, no broth","Poultry Products",13.67567465000,793
"Pork, fresh, loin, center rib (chops), bone-in, separable lean only, cooked, pan-fried","Pork Products",13.66824502400,794
"Game meat, opossum, cooked, roasted","Lamb, Veal, and Game Products",13.66515874000,795
"Fish, swordfish, raw","Finfish and Shellfish Products",13.65277690400,796
"Fish, salmon, coho, farmed, cooked, dry heat","Finfish and Shellfish Products",13.65168654000,797
"Chicken, broilers or fryers, leg, meat only, cooked, fried","Poultry Products",13.64422989600,798
"Turkey, whole, light meat, meat and skin, raw","Poultry Products",13.63975128000,799
"Pork, fresh, loin, center rib (chops), boneless, separable lean only, cooked, broiled","Pork Products",13.63888998000,800
"Fish, swordfish, cooked, dry heat","Finfish and Shellfish Products",13.63371978500,801
"Pork, fresh, variety meats and by-products, stomach, cooked, simmered","Pork Products",13.63057378000,802
"Turkey from whole, light meat, meat and skin, with added solution, raw","Poultry Products",13.61904744200,803
"Pork, fresh, loin, sirloin (roasts), bone-in, separable lean only, cooked, roasted","Pork Products",13.61764765800,804
"Pork, fresh, loin, whole, separable lean only, cooked, broiled","Pork Products",13.60476258500,805
"Beef, Australian, imported, grass-fed, loin, tenderloin steak/roast, boneless, separable lean and fat, raw","Beef Products",13.59602740100,806
"Beef, ground, 93% lean meat / 7% fat, patty, cooked, broiled","Beef Products",13.58549183400,807
"Pork, fresh, loin, top loin (chops), boneless, separable lean and fat, cooked, broiled","Pork Products",13.58163314200,808
"Turkey, all classes, leg, meat and skin, raw","Poultry Products",13.56944357600,809
"Pheasant, cooked, total edible","Poultry Products",13.55648400000,810
"Turkey, diced, light and dark meat, seasoned","Poultry Products",13.55072499000,811
"Duck, domesticated, meat only, raw","Poultry Products",13.54073999600,812
"Pork, cured, ham, rump, bone-in, separable lean and fat, heated, roasted","Pork Products",13.53107461000,813
"Chicken, broilers or fryers, dark meat, meat only, cooked, stewed","Poultry Products",13.52604080100,814
"Veal, shoulder, blade, separable lean and fat, cooked, roasted","Lamb, Veal, and Game Products",13.52150516000,815
"Turkey, light or dark meat, smoked, cooked, with skin, bone removed","Poultry Products",13.50961452000,816
"Veal, Australian, shank, fore, bone-in, separable lean and fat, raw","Lamb, Veal, and Game Products",13.50344881600,817
"Lamb, variety meats and by-products, heart, raw","Lamb, Veal, and Game Products",13.49999948700,818
"Lamb, variety meats and by-products, heart, cooked, braised","Lamb, Veal, and Game Products",13.49729628500,819
"Salmon, sockeye, canned, total can contents","Finfish and Shellfish Products",13.48366072400,820
"Turkey, Ground, cooked","Poultry Products",13.48275759600,821
"Pork, fresh, loin, center rib (roasts), boneless, separable lean only, cooked, roasted","Pork Products",13.46261625700,822
"Asparagus, frozen, unprepared","Vegetables and Vegetable Products",13.45833344100,823
"MORI-NU, Tofu, silken, extra firm","Legumes and Legume Products",13.45454532000,824
"Veal, composite of trimmed retail cuts, separable lean and fat, raw","Lamb, Veal, and Game Products",13.43749914000,825
"Lupins, mature seeds, cooked, boiled, with salt","Legumes and Legume Products",13.42241433000,826
"Beef, Australian, imported, grass-fed, rib, ribeye steak/roast lip-on, boneless, separable lean only, raw","Beef Products",13.41875000000,827
"Meat extender","Legumes and Legume Products",13.41157521400,828
"Turkey, all classes, leg, meat and skin, cooked, roasted","Poultry Products",13.39903760400,829
"Beef, New Zealand, imported, bolar blade, separable lean and fat, raw","Beef Products",13.38993673200,830
"Soy flour, low-fat","Legumes and Legume Products",13.38978473200,831
"Fiddlehead ferns, raw","Vegetables and Vegetable Products",13.38235307500,832
"Fish, salmon, sockeye, canned, without salt, drained solids with bone","Finfish and Shellfish Products",13.37908555600,833
"Chicken, broilers or fryers, dark meat, meat only, cooked, roasted","Poultry Products",13.35122011300,834
"Pork, fresh, loin, country-style ribs, separable lean only, boneless, cooked, roasted","Pork Products",13.33333320000,835
"Pork, cured, ham, boneless, low sodium, extra lean and regular, roasted","Pork Products",13.33333320000,835
"Pork, cured, ham, boneless, extra lean and regular, roasted","Pork Products",13.31515138200,836
"Pork, fresh, loin, blade (roasts), boneless, separable lean and fat, cooked, roasted","Pork Products",13.30653364800,837
"Fish, salmon, coho, farmed, raw","Finfish and Shellfish Products",13.29375000000,838
"Turkey, Ground, raw","Poultry Products",13.28378426200,839
"Chicken, stewing, giblets, cooked, simmered","Poultry Products",13.26288614700,840
"Pork, fresh, loin, center rib (chops), boneless, separable lean only, cooked, braised","Pork Products",13.24644412000,841
"Turkey, whole, dark meat, meat and skin, cooked, roasted","Poultry Products",13.23786426300,842
"Pork, fresh, shoulder, whole, separable lean only, raw","Pork Products",13.20945993500,843
"Turkey, whole, neck, meat only, raw","Poultry Products",13.20800000000,844
"Beef, brisket, whole, separable lean only, all grades, raw","Beef Products",13.19745274400,845
"Chicken, canned, meat only, with broth","Poultry Products",13.19393926200,846
"Lamb, New Zealand, imported, loin chop, separable lean only, cooked, fast fried","Lamb, Veal, and Game Products",13.18749915600,847
"Veal, leg (top round), separable lean only, cooked, pan-fried, breaded","Lamb, Veal, and Game Products",13.15277883000,848
"Beef, New Zealand, imported, striploin, separable lean only, cooked, fast fried","Beef Products",13.14746563500,849
"Lamb, New Zealand, imported, neck chops, separable lean only, raw","Lamb, Veal, and Game Products",13.13907372800,850
"HORMEL ALWAYS TENDER, Boneless Pork Loin, Fresh Pork","Pork Products",13.11724190400,851
"Veal, variety meats and by-products, tongue, raw","Lamb, Veal, and Game Products",13.11450418400,852
"Turkey, retail parts, thigh, meat and skin, cooked, roasted","Poultry Products",13.08743199500,853
"Lupins, mature seeds, cooked, boiled, without salt","Legumes and Legume Products",13.08403307700,854
"Pork, fresh, loin, blade (chops or roasts), boneless, separable lean and fat only, raw","Pork Products",13.08280305800,855
"Chicken, broilers or fryers, light meat, meat and skin, cooked, roasted","Poultry Products",13.07207351000,856
"Lamb, New Zealand, imported, square-cut shoulder, separable lean only, cooked, slow roasted","Lamb, Veal, and Game Products",13.06249916400,857
"Chicken, roasting, dark meat, meat only, cooked, roasted","Poultry Products",13.06179885000,858
"Chicken, broilers or fryers, leg, meat and skin, cooked, roasted","Poultry Products",13.05978354900,859
"Crustaceans, crab, blue, crab cakes, home recipe","Finfish and Shellfish Products",13.03870987300,860
"Veal, composite of trimmed retail cuts, separable lean and fat, cooked","Lamb, Veal, and Game Products",13.03030204000,861
"Pork, fresh, variety meats and by-products, pancreas, cooked, braised","Pork Products",13.01369850000,862
"Chicken, broilers or fryers, light meat, meat and skin, cooked, stewed","Poultry Products",13.00497413600,863
"Cabbage, chinese (pak-choi), cooked, boiled, drained, with salt","Vegetables and Vegetable Products",12.99999994800,864
"Cabbage, chinese (pak-choi), cooked, boiled, drained, without salt","Vegetables and Vegetable Products",12.99999994800,864
"Pork, cured, ham, slice, bone-in, separable lean and fat, unheated","Pork Products",12.97687901500,865
"Pork, cured, ham, low sodium, lean and fat, cooked","Pork Products",12.96511519000,866
"Malabar spinach, cooked","Vegetables and Vegetable Products",12.95652177800,867
"Pumpkin leaves, cooked, boiled, drained, without salt","Vegetables and Vegetable Products",12.95238105600,868
"Pumpkin leaves, cooked, boiled, drained, with salt","Vegetables and Vegetable Products",12.95238105600,868
"Pork, fresh, loin, blade (chops), bone-in, separable lean only, cooked, broiled","Pork Products",12.94818615300,869
"Pork, fresh, leg (ham), rump half, separable lean and fat, cooked, roasted","Pork Products",12.93301436700,870
"Chicken, broilers or fryers, thigh, meat only, cooked, fried","Poultry Products",12.92660560800,871
"Veal, shoulder, blade chop, separable lean and fat, cooked, grilled","Lamb, Veal, and Game Products",12.92462407200,872
"Veal, rib, separable lean and fat, cooked, braised","Lamb, Veal, and Game Products",12.92031955200,873
"Spinach, cooked, boiled, drained, without salt","Vegetables and Vegetable Products",12.91304351700,874
"Spinach, cooked, boiled, drained, with salt","Vegetables and Vegetable Products",12.91304351700,874
"Yeast extract spread","Vegetables and Vegetable Products",12.90810714000,875
"Lamb, New Zealand, imported, rack - partly frenched, separable lean only, raw","Lamb, Veal, and Game Products",12.90625000000,876
"Squash, zucchini, baby, raw","Vegetables and Vegetable Products",12.90476200800,877
"Mollusks, scallop, mixed species, imitation, made from surimi","Finfish and Shellfish Products",12.89898977000,878
"Pork, fresh, loin, country-style ribs, separable lean only, bone-in, cooked, broiled","Pork Products",12.88426029000,879
"Pork, fresh, loin, country-style ribs, separable lean only, boneless, cooked, broiled","Pork Products",12.88426029000,879
"Pork, fresh, loin, country-style ribs, separable lean only, bone-in, cooked, roasted","Pork Products",12.86343512000,880
"Game meat, muskrat, cooked, roasted","Lamb, Veal, and Game Products",12.85897353600,881
"Pork, fresh, loin, top loin (roasts), boneless, separable lean and fat, raw","Pork Products",12.85542086400,882
"HOUSE FOODS Premium Firm Tofu","Legumes and Legume Products",12.84705895200,883
"Turkey, dark meat from whole, meat and skin, with added solution, cooked, roasted","Poultry Products",12.83919693000,884
"Chicken, stewing, meat only, cooked, stewed","Poultry Products",12.83544217800,885
"Chicken, broilers or fryers, thigh, meat only, cooked, stewed","Poultry Products",12.82051250000,886
"Game meat, muskrat, raw","Lamb, Veal, and Game Products",12.81481584000,887
"Pork, cured, ham and water product, slice, bone-in, separable lean and fat, heated, pan-broil","Pork Products",12.80645180500,888
"Fish, catfish, channel, farmed, cooked, dry heat","Finfish and Shellfish Products",12.80555473600,889
"Lamb, New Zealand, imported, square-cut shoulder, separable lean only, raw","Lamb, Veal, and Game Products",12.80519383200,890
"Fish, mackerel, Pacific and jack, mixed species, cooked, dry heat","Finfish and Shellfish Products",12.80099405200,891
"Fish, catfish, channel, farmed, raw","Finfish and Shellfish Products",12.79831880300,892
"Veal, variety meats and by-products, tongue, cooked, braised","Lamb, Veal, and Game Products",12.79702957500,893
"Beef, New Zealand, imported, brisket point end, separable lean and fat, cooked, braised","Beef Products",12.77600000000,894
"Pork, cured, ham, shank, bone-in, separable lean and fat, heated, roasted","Pork Products",12.76963327800,895
"Bamboo shoots, cooked, boiled, drained, without salt","Vegetables and Vegetable Products",12.74999994900,896
"Turkey, ground, 93% lean, 7% fat, pan-broiled crumbles","Poultry Products",12.72300556000,897
"Pork, cured, ham, boneless, regular (approximately 11% fat), roasted","Pork Products",12.70786623600,898
"Fish, mackerel, Pacific and jack, mixed species, raw","Finfish and Shellfish Products",12.70253179800,899
"Pork, cured, ham with natural juices, rump, bone-in, separable lean and fat, heated, roasted","Pork Products",12.69491634600,900
"Fiddlehead ferns, frozen, unprepared","Vegetables and Vegetable Products",12.67647071500,901
"Lamb, New Zealand, imported, rack - partly frenched, separable lean only, cooked, fast roasted","Lamb, Veal, and Game Products",12.65803072100,902
"Pork, cured, ham, rump, bone-in, separable lean and fat, unheated","Pork Products",12.65340868600,903
"Game meat, elk, ground, raw","Lamb, Veal, and Game Products",12.65116172800,904
"Veal, shoulder, blade chop, separable lean and fat, raw","Lamb, Veal, and Game Products",12.64864910400,905
"Chicken, capons, meat and skin, cooked, roasted","Poultry Products",12.64628755200,906
"Beef, New Zealand, imported, flat, separable lean and fat, cooked, braised","Beef Products",12.64285724400,907
"Lamb, New Zealand, imported, netted shoulder, rolled, boneless, separable lean only, cooked, slow roasted","Lamb, Veal, and Game Products",12.63316676400,908
"Pork, fresh, loin, blade (chops), bone-in, separable lean only, cooked, braised","Pork Products",12.62162301000,909
"Beef, New Zealand, imported, cube roll, separable lean only, cooked, fast roasted","Beef Products",12.58995690000,910
"Turkey, back, from whole bird, meat and skin, with added solution, roasted","Poultry Products",12.58536642000,911
"Lamb, New Zealand, imported, square-cut shoulder chops, separable lean only, raw","Lamb, Veal, and Game Products",12.57317078200,912
"Chicken, stewing, dark meat, meat only, raw","Poultry Products",12.54777119000,913
"Veal, sirloin, separable lean and fat, raw","Lamb, Veal, and Game Products",12.54605192900,914
"Chicken, capons, meat and skin and giblets and neck, cooked, roasted","Poultry Products",12.54424846500,915
"Pheasant, raw, meat and skin","Poultry Products",12.54143674000,916
"Pork, cured, ham, extra lean and regular, canned, roasted","Pork Products",12.53892225600,917
"Pork, cured, ham -- water added, slice, bone-in, separable lean and fat, heated, pan-broil","Pork Products",12.53011968000,918
"Game meat, bear, cooked, simmered","Lamb, Veal, and Game Products",12.51737496800,919
"Spinach, frozen, chopped or leaf, unprepared (Includes foods for USDA's Food Distribution Program)","Vegetables and Vegetable Products",12.51724151700,920
"Vitasoy USA Organic Nasoya, Soft Tofu","Legumes and Legume Products",12.51428546400,921
"Beef, New Zealand, imported, flank, separable lean and fat, raw","Beef Products",12.49689416000,922
"Chicken, broilers or fryers,  rotisserie, original seasoning, drumstick, meat and skin, cooked","Poultry Products",12.49302381800,923
"Turkey, ground, 93% lean, 7% fat, patties, broiled","Poultry Products",12.49275394800,924
"Turkey, ground, 93% lean, 7% fat, raw","Poultry Products",12.48666729100,925
"Pork, cured, ham -- water added, rump, bone-in, separable lean and fat, heated, roasted","Pork Products",12.48447180000,926
"Game meat, bear, raw","Lamb, Veal, and Game Products",12.48447180000,926
"Chicken, broiler, rotisserie, BBQ, thigh, meat only","Poultry Products",12.48186492300,927
"Pork, cured, ham, extra lean and regular, canned, unheated","Pork Products",12.47916586800,928
"Beef, variety meats and by-products, tripe, cooked, simmered","Beef Products",12.45744695800,929
"Chicken, broiler, rotisserie, BBQ, drumstick, meat and skin","Poultry Products",12.45145648500,930
"Mustard greens, frozen, unprepared","Vegetables and Vegetable Products",12.45000000000,931
"Veal, sirloin, separable lean and fat, cooked, roasted","Lamb, Veal, and Game Products",12.44554443000,932
"Beef, ground, 90% lean meat / 10% fat, loaf, cooked, baked","Beef Products",12.43925181400,933
"Spinach, raw","Vegetables and Vegetable Products",12.43478264600,934
"Vitasoy USA Organic Nasoya, Tofu Plus Firm","Legumes and Legume Products",12.41891936600,935
"Chicken, broilers or fryers, drumstick, meat and skin, cooked, stewed","Poultry Products",12.41176525200,936
"Veal, sirloin, separable lean and fat, cooked, braised","Lamb, Veal, and Game Products",12.40476200400,937
"Turkey, wing, smoked, cooked, with skin, bone removed","Poultry Products",12.39819038000,938
"Chicken, broilers or fryers, light meat, meat and skin, cooked, fried, flour","Poultry Products",12.37804984500,939
"Beef, ground, 90% lean meat / 10% fat, crumbles, cooked, pan-browned","Beef Products",12.36956497000,940
"Chicken, broilers or fryers, rotisserie, original seasoning, back, meat only, cooked","Poultry Products",12.36097616600,941
"Beef, ground, 90% lean meat / 10% fat, patty, cooked, pan-broiled","Beef Products",12.35784368100,942
"Pork, fresh, loin, center rib (chops), boneless, separable lean only, cooked, pan-fried","Pork Products",12.35714364800,943
"Chicken, dark meat, drumstick, meat and skin, with added solution, raw","Poultry Products",12.34931494500,944
"Duck, young duckling, domesticated, White Pekin, leg, meat and skin, bone in, cooked, roasted","Poultry Products",12.32718912500,945
"Squab, (pigeon), meat only, raw","Poultry Products",12.32394450000,946
"Chicken, ground, crumbles, cooked, pan-browned","Poultry Products",12.31745964000,947
"Pork, fresh, loin, sirloin (chops), bone-in, separable lean and fat, cooked, braised","Pork Products",12.31196502400,948
"Goose, liver, raw","Poultry Products",12.30827068900,949
"Beef, New Zealand, imported, brisket point end, separable lean and fat, raw","Beef Products",12.30061284500,950
"Lamb, New Zealand, imported, breast, separable lean only, raw","Lamb, Veal, and Game Products",12.28858987900,951
"Beef, New Zealand, imported, cube roll, separable lean only, raw","Beef Products",12.27950286000,952
"Chicken, broilers or fryers, rotisserie, original seasoning, thigh, meat only, cooked","Poultry Products",12.27551064600,953
"Pork, cured, ham and water product, slice, boneless, separable lean only, heated, pan-broil","Pork Products",12.26829222900,954
"Crustaceans, shrimp, mixed species, imitation, made from surimi","Finfish and Shellfish Products",12.26732661000,955
"Ostrich, ground, raw","Poultry Products",12.25454533200,956
"Pork, fresh, loin, center loin (chops), bone-in, separable lean and fat, cooked, broiled","Pork Products",12.25358852900,957
"Pork, fresh, blade, (chops), boneless, separable lean and fat, cooked, broiled","Pork Products",12.24257413500,958
"Turkey, retail parts, wing, meat and skin, cooked, roasted","Poultry Products",12.22978680600,959
"Chicken, broilers or fryers, drumstick, meat and skin, cooked, roasted","Poultry Products",12.22513067000,960
"Spinach, canned, regular pack, drained solids","Vegetables and Vegetable Products",12.21739134100,961
"Pork, cured, ham, shank, bone-in, separable lean and fat, unheated","Pork Products",12.20904059800,962
"Chicken, ground, raw","Poultry Products",12.19580420800,963
"Pork, fresh, loin, sirloin (chops or roasts), bone-in, separable lean and fat, raw","Pork Products",12.19047628800,964
"Pork, fresh, loin, center loin (chops), bone-in, separable lean and fat, raw","Pork Products",12.18235306300,965
"Lamb, New Zealand, imported, square-cut shoulder chops, separable lean only, cooked, braised","Lamb, Veal, and Game Products",12.18039331400,966
"Goose, domesticated, meat only, cooked, roasted","Poultry Products",12.17226985700,967
"Pork, cured, ham and water product, slice, boneless, separable lean and fat, heated, pan-broil","Pork Products",12.16129012800,968
"Pork, fresh, shoulder, (Boston butt), blade (steaks), separable lean only, with added solution cooked, braised","Pork Products",12.14977878800,969
"Chicken, broilers or fryers, dark meat, drumstick, meat and skin, cooked, braised","Poultry Products",12.14973356800,970
"Pork, fresh, loin, sirloin (chops), bone-in, separable lean and fat, cooked, broiled","Pork Products",12.14414548000,971
"Turkey, retail parts, thigh, meat and skin, raw","Poultry Products",12.13664572000,972
"Chicken, broilers or fryers, dark meat, meat only, cooked, fried","Poultry Products",12.12970590000,973
"Pork, cured, ham and water product, whole, boneless, separable lean only, unheated","Pork Products",12.12931083000,974
"Duck, young duckling, domesticated, White Pekin, breast, meat and skin, boneless, cooked, roasted","Poultry Products",12.12871275000,975
"Pork loin, fresh, backribs, bone-in, raw, lean only","Pork Products",12.12209200500,976
"Chicken, broilers or fryers, breast, meat and skin, raw","Poultry Products",12.12209200500,976
"Chicken, broilers or fryers, back, meat only, cooked, stewed","Poultry Products",12.11004785900,977
"Lamb, New Zealand, imported, rack - fully frenched, separable lean and fat, cooked, fast roasted","Lamb, Veal, and Game Products",12.08205098000,978
"Lamb, New Zealand, imported, flap, boneless, separable lean only, raw","Lamb, Veal, and Game Products",12.06666763200,979
"Beef, ground, 90% lean meat / 10% fat, patty, cooked, broiled","Beef Products",12.03225824500,980
"Tofu, extra firm, prepared with nigari","Legumes and Legume Products",12.02409661400,981
"Veal, ground, cooked, pan-fried","Lamb, Veal, and Game Products",12.01395402900,982
"Pork, cured, ham and water product, whole, boneless, separable lean and fat, unheated","Pork Products",12.00854764500,983
"Asparagus, canned, regular pack, solids and liquids","Vegetables and Vegetable Products",12.00000006000,984
"Asparagus, canned, no salt added, solids and liquids","Vegetables and Vegetable Products",12.00000006000,984
"Tofu, raw, firm, prepared with calcium sulfate","Legumes and Legume Products",11.99305478800,985
"Lamb, New Zealand, imported, hind-shank, separable lean and fat, cooked, braised","Lamb, Veal, and Game Products",11.97975709700,986
"Pork, cured, ham with natural juices, shank, bone-in, separable lean and fat, heated, roasted","Pork Products",11.97905737600,987
"Turkey thigh, pre-basted, meat and skin, cooked, roasted","Poultry Products",11.97452276000,988
"Mushrooms, straw, canned, drained solids","Vegetables and Vegetable Products",11.96875000000,989
"Turkey, whole, meat and skin, with added solution, raw","Poultry Products",11.96855312400,990
"Turkey, all classes, wing, meat and skin, cooked, roasted","Poultry Products",11.95633125600,991
"Lamb, New Zealand, imported, frozen, shoulder, whole (arm and blade), separable lean only, cooked, braised","Lamb, Veal, and Game Products",11.95087743200,992
"Beef, New Zealand, imported, oyster blade, separable lean and fat, raw","Beef Products",11.94943920600,993
"Mustard greens, frozen, cooked, boiled, drained, without salt","Vegetables and Vegetable Products",11.94736843300,994
"Mustard greens, frozen, cooked, boiled, drained, with salt","Vegetables and Vegetable Products",11.94736843300,994
"Turkey, dark meat, meat and skin, raw","Poultry Products",11.93373417600,995
"Turkey, all classes, heart, raw","Poultry Products",11.92857119000,996
"Lamb, New Zealand, imported, flap, boneless, separable lean only, cooked, braised","Lamb, Veal, and Game Products",11.91452915200,997
"Lamb, New Zealand, imported, neck chops, separable lean only, cooked, braised","Lamb, Veal, and Game Products",11.89394006000,998
"Pork, fresh, loin, blade (chops), bone-in, separable lean only, cooked, pan-fried","Pork Products",11.88288419000,999
"Beef, New Zealand, imported, chuck eye roll, separable lean and fat, cooked, braised","Beef Products",11.87301596800,1000
"Taro leaves, raw","Vegetables and Vegetable Products",11.85714295200,1001
"Lamb, New Zealand, imported, fore-shank, separable lean and fat, cooked, braised","Lamb, Veal, and Game Products",11.85546875000,1002
"Fish, butterfish, cooked, dry heat","Finfish and Shellfish Products",11.84492071000,1003
"Pork, fresh, loin, blade (roasts), bone-in, separable lean only, cooked, roasted","Pork Products",11.84331815000,1004
"Fish, sardine, Atlantic, canned in oil, drained solids with bone","Finfish and Shellfish Products",11.83653770400,1005
"Fish, butterfish, raw","Finfish and Shellfish Products",11.83561632000,1006
"Chicken, broilers or fryers, back, meat only, cooked, roasted","Poultry Products",11.79497790000,1007
"Spinach, frozen, chopped or leaf, cooked, boiled, drained, without salt","Vegetables and Vegetable Products",11.79411776500,1008
"Spinach, frozen, chopped or leaf, cooked, boiled, drained, with salt","Vegetables and Vegetable Products",11.79411776500,1008
"Pork, fresh, shoulder, blade, boston (steaks), separable lean only, cooked, broiled","Pork Products",11.77973476400,1009
"Chicken, dark meat, drumstick, meat and skin, with added solution, cooked, braised","Poultry Products",11.77595655500,1010
"Lamb, New Zealand, imported, ground lamb, cooked, braised","Lamb, Veal, and Game Products",11.77083258000,1011
"Lamb, New Zealand, imported, rack - fully frenched, separable lean and fat, raw","Lamb, Veal, and Game Products",11.76331408000,1012
"Tofu, soft, prepared with calcium sulfate and magnesium chloride (nigari)","Legumes and Legume Products",11.75409863100,1013
"Chicken, broilers or fryers, giblets, cooked, fried","Poultry Products",11.74729143200,1014
"Chicken, broilers or fryers, neck, meat only, cooked, fried","Poultry Products",11.73362384400,1015
"Turnip greens and turnips, frozen, unprepared","Vegetables and Vegetable Products",11.71428580800,1016
"Pork, fresh, shoulder, arm picnic, separable lean only, cooked, roasted","Pork Products",11.70175462000,1017
"Pork, cured, ham with natural juices, shank, bone-in, separable lean and fat, unheated","Pork Products",11.70157047000,1018
"Pork, fresh, loin, center loin (roasts), bone-in, separable lean and fat, cooked, roasted","Pork Products",11.69263980400,1019
"Duck, domesticated, meat only, cooked, roasted","Poultry Products",11.68159115200,1020
"Soy sauce made from hydrolyzed vegetable protein","Legumes and Legume Products",11.66666690000,1021
"Mollusks, oyster, Pacific, raw","Finfish and Shellfish Products",11.66666665500,1022
"Beans, mung, mature seeds, sprouted, canned, drained solids","Vegetables and Vegetable Products",11.66666662000,1023
"Pork, fresh, loin, center loin (chops), bone-in, separable lean and fat, cooked, braised","Pork Products",11.65702365100,1024
"Pork, fresh, loin, center loin (chops), boneless, separable lean and fat, cooked, pan-broiled","Pork Products",11.65065441600,1025
"Veal, rib, separable lean and fat, raw","Lamb, Veal, and Game Products",11.64197624000,1026
"Chicken, stewing, meat and skin, and giblets and neck, cooked, stewed","Poultry Products",11.62616773600,1027
"Beef, New Zealand, imported, flat, separable lean and fat, raw","Beef Products",11.62146992600,1028
"Pork, fresh, loin, center loin (chops), bone-in, separable lean and fat, cooked, pan-fried","Pork Products",11.60924460300,1029
"Mollusks, oyster, Pacific, cooked, moist heat","Finfish and Shellfish Products",11.59509141000,1030
"Tofu, firm, prepared with calcium sulfate and magnesium chloride (nigari)","Legumes and Legume Products",11.58974375200,1031
"Pork, fresh, loin, sirloin (roasts), bone-in, separable lean and fat, cooked, roasted","Pork Products",11.58260846400,1032
"Turnip greens, frozen, cooked, boiled, drained, with salt","Vegetables and Vegetable Products",11.55172426500,1033
"Turnip greens, frozen, cooked, boiled, drained, without salt","Vegetables and Vegetable Products",11.55172426500,1033
"Parsley, freeze-dried","Vegetables and Vegetable Products",11.54981581000,1034
"Cabbage, chinese (pak-choi), raw","Vegetables and Vegetable Products",11.53846155000,1035
"Vitasoy USA Organic Nasoya Sprouted, Tofu Plus Super Firm","Legumes and Legume Products",11.51304324800,1036
"Pokeberry shoots, (poke), cooked, boiled, drained, without salt","Vegetables and Vegetable Products",11.50000000000,1037
"Pokeberry shoots, (poke), cooked, boiled, drained, with salt","Vegetables and Vegetable Products",11.50000000000,1037
"Veal, leg (top round), separable lean and fat, cooked, pan-fried, breaded","Lamb, Veal, and Game Products",11.46638744900,1038
"Game meat, raccoon, cooked, roasted","Lamb, Veal, and Game Products",11.45098148000,1039
"Chicken, broilers or fryers, meat and skin and giblets and neck, roasted","Poultry Products",11.44444371200,1040
"Lamb, New Zealand, imported, leg chop/steak, bone-in, separable lean and fat, cooked, fast fried","Lamb, Veal, and Game Products",11.44339590600,1041
"Vitasoy USA Azumaya, Extra Firm Tofu","Legumes and Legume Products",11.44318145200,1042
"Veal, loin, separable lean and fat, cooked, roasted","Lamb, Veal, and Game Products",11.42857160000,1043
"Chicken, broilers or fryers, meat and skin, cooked, roasted","Poultry Products",11.42259300000,1044
"Pork, fresh, shoulder, (Boston butt), blade (steaks), separable lean only, cooked, braised","Pork Products",11.40343216500,1045
"Chicken, broilers or fryers, neck, meat only, raw","Poultry Products",11.39610303000,1046
"Pork, fresh, loin, whole, separable lean and fat, cooked, braised","Pork Products",11.39330430000,1047
"Veal, breast, point half, boneless, separable lean and fat, cooked, braised","Lamb, Veal, and Game Products",11.38306433400,1048
"Pork, fresh, loin, top loin (chops), boneless, separable lean and fat, with added solution, raw","Pork Products",11.37426858500,1049
"Veal, variety meats and by-products, pancreas, cooked, braised","Lamb, Veal, and Game Products",11.36718750000,1050
"Fish, herring, Atlantic, raw","Finfish and Shellfish Products",11.36708874400,1051
"Mushrooms, brown, italian, or crimini, raw","Vegetables and Vegetable Products",11.36363625000,1052
"Mushrooms, brown, italian, or crimini, exposed to ultraviolet light, raw","Vegetables and Vegetable Products",11.36363625000,1052
"Beef, ground, 90% lean meat / 10% fat, raw","Beef Products",11.36363600000,1053
"Vitasoy USA Azumaya, Firm Tofu","Legumes and Legume Products",11.35000000000,1054
"Fish, herring, Atlantic, cooked, dry heat","Finfish and Shellfish Products",11.34482672400,1055
"Pork, fresh, composite of trimmed retail cuts (loin and shoulder blade), separable lean and fat, raw","Pork Products",11.34463374400,1056
"Veal, loin, separable lean and fat, raw","Lamb, Veal, and Game Products",11.33898402600,1057
"Chicken, broilers or fryers, meat and skin and giblets and neck, stewed","Poultry Products",11.33796387000,1058
"Taro leaves, cooked, steamed, without salt","Vegetables and Vegetable Products",11.33333342400,1059
"Taro, leaves, cooked, steamed, with salt","Vegetables and Vegetable Products",11.33333342400,1059
"Fish, herring, Atlantic, kippered","Finfish and Shellfish Products",11.32718911000,1060
"Mushrooms, portabella, grilled","Vegetables and Vegetable Products",11.31034495200,1061
"Mushrooms, portabella, exposed to ultraviolet light, grilled","Vegetables and Vegetable Products",11.31034495200,1061
"Pokeberry shoots, (poke), raw","Vegetables and Vegetable Products",11.30434786000,1062
"Pork, fresh, loin, whole, separable lean and fat, cooked, broiled","Pork Products",11.28925509200,1063
"Pork, cured, ham and water product, whole, boneless, separable lean only, heated, roasted","Pork Products",11.28455242800,1064
"Pork, cured, ham and water product, whole, boneless, separable lean and fat, heated, roasted","Pork Products",11.28455242800,1064
"Fish, sardine, Pacific, canned in tomato sauce, drained solids with bone","Finfish and Shellfish Products",11.27567483000,1065
"Pork, cured, ham, boneless, extra lean and regular, unheated","Pork Products",11.27160584000,1066
"Chicken, broilers or fryers, meat and skin, cooked, stewed","Poultry Products",11.26940628000,1067
"Fish, pompano, florida, raw","Finfish and Shellfish Products",11.26829272800,1068
"Asparagus, canned, drained solids","Vegetables and Vegetable Products",11.26315790600,1069
"Lamb, New Zealand, imported, tunnel-boned leg, chump off, shank off, separable lean and fat, cooked, slow roasted","Lamb, Veal, and Game Products",11.25480697200,1070
"Balsam-pear (bitter gourd), leafy tips, cooked, boiled, drained, with salt","Vegetables and Vegetable Products",11.25000000000,1071
"Pork, fresh, loin, country-style ribs, separable lean only, cooked, braised","Pork Products",11.23076924200,1072
"Chicken, broilers or fryers, drumstick, meat and skin, raw","Poultry Products",11.22981344000,1073
"Mollusks, oyster, eastern, wild, cooked, dry heat","Finfish and Shellfish Products",11.22784823600,1074
"Fish, pompano, florida, cooked, dry heat","Finfish and Shellfish Products",11.22748698400,1075
"Turnip greens, frozen, unprepared","Vegetables and Vegetable Products",11.22727261500,1076
"HORMEL ALWAYS TENDER, Center Cut Chops, Fresh Pork","Pork Products",11.22155697600,1077
"Dove, cooked (includes squab)","Poultry Products",11.22065804000,1078
"Vitasoy USA Azumaya, Silken Tofu","Legumes and Legume Products",11.20930234800,1079
"Mollusks, oyster, eastern, wild, cooked, moist heat","Finfish and Shellfish Products",11.19607892400,1080
"Mollusks, oyster, eastern, wild, raw","Finfish and Shellfish Products",11.19607835300,1081
"Pork, fresh, leg (ham), shank half, separable lean and fat, cooked, roasted","Pork Products",11.18965562000,1082
"Pork, pickled pork hocks","Pork Products",11.17543818300,1083
"Mushrooms, white, microwaved","Vegetables and Vegetable Products",11.17142873900,1084
"Tofu, dried-frozen (koyadofu), prepared with calcium sulfate","Legumes and Legume Products",11.15532138000,1085
"Pork, fresh, leg (ham), rump half, separable lean and fat, raw","Pork Products",11.13736163500,1086
"Fish, salmon, chinook, cooked, dry heat","Finfish and Shellfish Products",11.13419828800,1087
"Fish, salmon, chinook, raw","Finfish and Shellfish Products",11.13407785600,1088
"MORI-NU, Tofu, silken, firm","Legumes and Legume Products",11.12903208000,1089
"Spinach, canned, regular pack, solids and liquids","Vegetables and Vegetable Products",11.10526316900,1090
"Spinach, canned, no salt added, solids and liquids","Vegetables and Vegetable Products",11.10526316900,1090
"Pork, fresh, composite of trimmed retail cuts (loin and shoulder blade), separable lean and fat, cooked","Pork Products",11.09361663300,1091
"Pork, fresh, composite of trimmed retail cuts (leg, loin, shoulder, and spareribs), separable lean and fat, cooked","Pork Products",11.07563111600,1092
"Beef, New Zealand, imported, brisket navel end, separable lean only, cooked, braised","Beef Products",11.07547197500,1093
"Broccoli, frozen, chopped, cooked, boiled, drained, with salt","Vegetables and Vegetable Products",11.07142866000,1094
"Broccoli, frozen, spears, cooked, boiled, drained, with salt","Vegetables and Vegetable Products",11.07142866000,1094
"Broccoli, frozen, chopped, cooked, boiled, drained, without salt","Vegetables and Vegetable Products",11.07142866000,1094
"Broccoli, frozen, spears, cooked, boiled, drained, without salt","Vegetables and Vegetable Products",11.07142866000,1094
"Vitasoy USA Organic Nasoya, Tofu Plus Extra Firm","Legumes and Legume Products",11.06521717000,1095
"Quail, cooked, total edible","Poultry Products",11.05726786000,1096
"Pork, fresh, shoulder, whole, separable lean only, cooked, roasted","Pork Products",11.01304325800,1097
"Chicken, broilers or fryers, drumstick, meat and skin, cooked, fried, flour","Poultry Products",11.00408256800,1098
"Pork, fresh, loin, center rib (chops), bone-in, separable lean and fat, cooked, broiled","Pork Products",11.00000121000,1099
"Asparagus, raw","Vegetables and Vegetable Products",11.00000000000,1100
"Tofu, dried-frozen (koyadofu)","Legumes and Legume Products",10.99999969200,1101
"Chicken, broilers or fryers, leg, meat and skin, cooked, stewed","Poultry Products",10.98636473500,1102
"Lamb, New Zealand, imported, fore-shank, separable lean and fat, raw","Lamb, Veal, and Game Products",10.97814232900,1103
"Chicken, dark meat, thigh, meat and skin, with added solution, cooked, roasted","Poultry Products",10.96728925900,1104
"Pork, fresh, variety meats and by-products, feet, raw","Pork Products",10.92452799600,1105
"Pork, fresh, loin, whole, separable lean and fat, cooked, roasted","Pork Products",10.92338692200,1106
"Asparagus, cooked, boiled, drained","Vegetables and Vegetable Products",10.90909080000,1107
"Asparagus, cooked, boiled, drained, with salt","Vegetables and Vegetable Products",10.90909080000,1107
"Chicken, stewing, dark meat, meat only, cooked, stewed","Poultry Products",10.90697676600,1108
"Pork, fresh, loin, center rib (chops or roasts), bone-in, separable lean and fat, raw","Pork Products",10.90322563200,1109
"Chives, raw","Vegetables and Vegetable Products",10.89999989100,1110
"Chicken, broilers or fryers, light meat, meat and skin, raw","Poultry Products",10.89784928800,1111
"Turkey, all classes, back, meat and skin, cooked, roasted","Poultry Products",10.89754189900,1112
"Chicken, roasting, meat and skin and giblets and neck, cooked, roasted","Poultry Products",10.89091018000,1113
"Beef, rib, shortribs, separable lean only, choice, raw","Beef Products",10.88571483000,1114
"Pork, fresh, loin, center rib (roasts), bone-in, separable lean and fat, cooked, roasted","Pork Products",10.88306434200,1115
"New Zealand spinach, cooked, boiled, drained, without salt","Vegetables and Vegetable Products",10.83333329000,1116
"New zealand spinach, cooked, boiled, drained, with salt","Vegetables and Vegetable Products",10.83333329000,1116
"Beef, ground, 85% lean meat / 15% fat, crumbles, cooked, pan-browned","Beef Products",10.83203125000,1117
"HOUSE FOODS Premium Soft Tofu","Legumes and Legume Products",10.81355961400,1118
"Broccoli, frozen, chopped, unprepared","Vegetables and Vegetable Products",10.80769217800,1119
"Beef, ground, 85% lean meat / 15% fat, loaf, cooked, baked","Beef Products",10.80416753100,1120
"Fish, gefiltefish, commercial, sweet recipe","Finfish and Shellfish Products",10.79761913400,1121
"Chicken, roasting, meat and skin, cooked, roasted","Poultry Products",10.74887908500,1122
"Soybeans, mature seeds, sprouted, raw","Vegetables and Vegetable Products",10.72950778900,1123
"Fish, salmon, Atlantic, farmed, cooked, dry heat","Finfish and Shellfish Products",10.72815549000,1124
"Lamb, variety meats and by-products, liver, cooked, pan-fried","Lamb, Veal, and Game Products",10.72689159300,1125
"New Zealand spinach, raw","Vegetables and Vegetable Products",10.71428565000,1126
"Cabbage, chinese (pe-tsai), cooked, boiled, drained, with salt","Vegetables and Vegetable Products",10.71428565000,1126
"Cabbage, chinese (pe-tsai), cooked, boiled, drained, without salt","Vegetables and Vegetable Products",10.71428565000,1126
"Pork, fresh, loin, center rib (roasts), boneless, separable lean and fat, cooked, roasted","Pork Products",10.71031754600,1127
"Beef, New Zealand, imported, chuck eye roll, separable lean and fat, raw","Beef Products",10.70718255600,1128
"Amaranth leaves, raw","Vegetables and Vegetable Products",10.69565220600,1129
"Mung beans, mature seeds, sprouted, cooked, boiled, drained, with salt","Vegetables and Vegetable Products",10.68421053700,1130
"Meatballs, meatless","Legumes and Legume Products",10.65989820000,1131
"Vegetarian meatloaf or patties","Legumes and Legume Products",10.65989820000,1131
"Chicken, stewing, giblets, raw","Poultry Products",10.64880960900,1132
"Broccoli, leaves, raw","Vegetables and Vegetable Products",10.64285722800,1133
"Broccoli, flower clusters, raw","Vegetables and Vegetable Products",10.64285722800,1133
"Broccoli, stalks, raw","Vegetables and Vegetable Products",10.64285722800,1133
"Pork, fresh, loin, country-style ribs, separable lean and fat, boneless, cooked, broiled","Pork Products",10.63967612400,1134
"Tofu, raw, regular, prepared with calcium sulfate","Legumes and Legume Products",10.63157916000,1135
"Veal, loin, separable lean and fat, cooked, braised","Lamb, Veal, and Game Products",10.63028241300,1136
"Pork, fresh, loin, center rib (chops), boneless, separable lean and fat, cooked, broiled","Pork Products",10.62692350200,1137
"Mustard spinach, (tendergreen), cooked, boiled, drained, without salt","Vegetables and Vegetable Products",10.62500000000,1138
"Mustard spinach, (tendergreen), cooked, boiled, drained, with salt","Vegetables and Vegetable Products",10.62500000000,1138
"Chicken, broilers or fryers, meat and skin, cooked, fried, flour","Poultry Products",10.61710003200,1139
"Beef, ground, 85% lean meat / 15% fat, patty, cooked, pan-broiled","Beef Products",10.61206939000,1140
"Pork, fresh, variety meats and by-products, stomach, raw","Pork Products",10.59748398000,1141
"Vitasoy USA, Organic Nasoya Firm Tofu","Legumes and Legume Products",10.59523818000,1142
"Mustard greens, raw","Vegetables and Vegetable Products",10.59259258200,1143
"Balsam-pear (bitter gourd), leafy tips, cooked, boiled, drained, without salt","Vegetables and Vegetable Products",10.58823540000,1144
"Pork, fresh, shoulder, arm picnic, separable lean and fat, cooked, braised","Pork Products",10.58723367200,1145
"Soybeans, mature cooked, boiled, without salt","Legumes and Legume Products",10.58720841300,1146
"Soybeans, mature seeds, cooked, boiled, with salt","Legumes and Legume Products",10.58720841300,1146
"Beef, Australian, imported, Wagyu, loin, tenderloin steak/roast, boneless, separable lean only, Aust. marble score 4/5, raw","Beef Products",10.57068043800,1147
Tempeh,"Legumes and Legume Products",10.56770765700,1148
"Chicken, broilers or fryers, leg, meat and skin, cooked, fried, flour","Poultry Products",10.56692947200,1149
"Turkey, dark meat from whole, meat and skin, with added solution, raw","Poultry Products",10.55621344000,1150
"Chicken, meatless","Legumes and Legume Products",10.55357210400,1151
"Broccoli, frozen, spears, unprepared (Includes foods for USDA's Food Distribution Program)","Vegetables and Vegetable Products",10.55172425400,1152
"Lamb, New Zealand, imported, ground lamb, raw","Lamb, Veal, and Game Products",10.53367845100,1153
"Pork, fresh, loin, center loin (chops), boneless, separable lean and fat, raw","Pork Products",10.51741213600,1154
"Veal, rib, separable lean and fat, cooked, roasted","Lamb, Veal, and Game Products",10.50877214000,1155
"Vitasoy USA, Organic Nasoya Super Firm Cubed Tofu","Legumes and Legume Products",10.50847424000,1156
"Chicken, broilers or fryers, meat and skin and giblets and neck, cooked, fried, flour","Poultry Products",10.50367764700,1157
"Soybeans, mature seeds, sprouted, cooked, stir-fried","Vegetables and Vegetable Products",10.48000000000,1158
"Soybeans, mature seeds, sprouted, cooked, stir-fried, with salt","Vegetables and Vegetable Products",10.48000000000,1158
"Pork, fresh, loin, center rib (chops), bone-in, separable lean and fat, cooked, pan-fried","Pork Products",10.47265625000,1159
"Pork, cured, ham and water product, rump, bone-in, separable lean and fat, heated, roasted","Pork Products",10.46236542400,1160
"Soybeans, mature seeds, sprouted, cooked, steamed","Vegetables and Vegetable Products",10.45679011300,1161
"Soybeans, mature seeds, sprouted, cooked, steamed, with salt","Vegetables and Vegetable Products",10.45679011300,1161
"Beef, ground, unspecified fat content, cooked","Beef Products",10.44583416900,1162
"Pork, fresh, shoulder, blade, boston (roasts), separable lean only, cooked, roasted","Pork Products",10.43534524500,1163
"Lamb, New Zealand, imported, breast, separable lean only, cooked, braised","Lamb, Veal, and Game Products",10.42963046400,1164
"Beef, rib, shortribs, separable lean only, choice, cooked, braised","Beef Products",10.42712015600,1165
"Chicken, broilers or fryers, back, meat only, cooked, fried","Poultry Products",10.41319377800,1166
"Pork, fresh, loin, blade (chops), bone-in, separable lean and fat, cooked, braised","Pork Products",10.40784412600,1167
"Water convolvulus, cooked, boiled, drained, without salt","Vegetables and Vegetable Products",10.40000000000,1168
"Water convolvulus, cooked, boiled, drained, with salt","Vegetables and Vegetable Products",10.40000000000,1168
"Turkey, ground, 85% lean, 15% fat, patties, broiled","Poultry Products",10.39357363200,1169
"Mollusks, abalone, mixed species, cooked, fried","Finfish and Shellfish Products",10.38624281500,1170
"Lettuce, butterhead (includes boston and bibb types), raw","Vegetables and Vegetable Products",10.38461539500,1171
"Mollusks, oyster, eastern, canned","Finfish and Shellfish Products",10.38235269200,1172
"Beef, ground, 85% lean meat / 15% fat, patty, cooked, broiled","Beef Products",10.37200000000,1173
"Arugula, raw","Vegetables and Vegetable Products",10.32000000000,1174
"Pork, fresh, loin, center rib (chops), boneless, separable lean and fat, cooked, braised","Pork Products",10.30980490100,1175
"Chicken, broiler, rotisserie, BBQ, back meat only","Poultry Products",10.30660348500,1176
"Vitasoy USA, Organic Nasoya Extra Firm Tofu","Legumes and Legume Products",10.30612282000,1177
"Pork, fresh, leg (ham), shank half, separable lean and fat, raw","Pork Products",10.29533648900,1178
"Edamame, frozen, unprepared","Vegetables and Vegetable Products",10.29357806400,1179
"Pork, fresh, loin, blade (chops), bone-in, separable lean and fat, cooked, broiled","Pork Products",10.26839748800,1180
"Chicken, broilers or fryers, dark meat, meat and skin, cooked, roasted","Poultry Products",10.26482169300,1181
"Turkey, all classes, wing, meat and skin, raw","Poultry Products",10.26395912400,1182
"Mollusks, squid, mixed species, cooked, fried","Finfish and Shellfish Products",10.25142908400,1183
"Pork, fresh, loin, country-style ribs, separable lean and fat, raw","Pork Products",10.23280367000,1184
"Lettuce, red leaf, raw","Vegetables and Vegetable Products",10.23076924100,1185
"Quail, meat and skin, raw","Poultry Products",10.22395767900,1186
"Chicken, wing, frozen, glazed, barbecue flavored, heated (microwave)","Poultry Products",10.21774177200,1187
"Pork, fresh, loin, center rib (chops), bone-in, separable lean and fat, cooked, braised","Pork Products",10.21456038800,1188
"Vitasoy USA, Organic Nasoya Silken Tofu","Legumes and Legume Products",10.21276608000,1189
"Tempeh, cooked","Legumes and Legume Products",10.21025615500,1190
"Chicken, broilers or fryers, thigh, meat and skin, cooked, fried, flour","Poultry Products",10.20992395000,1191
"Beef, New Zealand, imported, brisket navel end, separable lean only, raw","Beef Products",10.17525738600,1192
"Pork, fresh, shoulder, (Boston butt), blade (steaks), separable lean and fat,with added solution, raw","Pork Products",10.17159804000,1193
"Chicken, heart, all classes, raw","Poultry Products",10.16339914000,1194
"Purslane, raw","Vegetables and Vegetable Products",10.15000000000,1195
"Veal, breast, whole, boneless, separable lean and fat, cooked, braised","Lamb, Veal, and Game Products",10.13909640600,1196
"Mung beans, mature seeds, sprouted, raw","Vegetables and Vegetable Products",10.13333323200,1197
"Chicken, broilers or fryers, dark meat, meat and skin, cooked, stewed","Poultry Products",10.08583575000,1198
"Lamb, New Zealand, imported, frozen, leg, whole (shank and sirloin), separable lean and fat, cooked, roasted","Lamb, Veal, and Game Products",10.08536672100,1199
"Pork, fresh, loin, blade (chops or roasts), bone-in, separable lean and fat, raw","Pork Products",10.08247388400,1200
"Mushrooms, morel, raw","Vegetables and Vegetable Products",10.06451628000,1201
"Amaranth leaves, cooked, boiled, drained, with salt","Vegetables and Vegetable Products",10.04761912800,1202
"Amaranth leaves, cooked, boiled, drained, without salt","Vegetables and Vegetable Products",10.04761912800,1202
"Mushrooms, oyster, raw","Vegetables and Vegetable Products",10.03030293000,1203
"Chicken, broilers or fryers, thigh, meat and skin, cooked, roasted","Poultry Products",10.02586247000,1204
"Chicken, broilers or fryers, thigh, meat and skin, cooked, stewed","Poultry Products",10.02586247000,1204
"Fish, eel, mixed species, raw","Finfish and Shellfish Products",10.02173985200,1205
"Fish, eel, mixed species, cooked, dry heat","Finfish and Shellfish Products",10.02118612000,1206
"Beef, Australian, imported, grass-fed, loin, top loin steak/roast, boneless, separable lean and fat, raw","Beef Products",10.00000074000,1207
"Beef, variety meats and by-products, pancreas, cooked, braised","Beef Products",10.00000027000,1208
"Lambsquarters, cooked, boiled, drained, with salt","Vegetables and Vegetable Products",10.00000000000,1209
"Lambsquarters, cooked, boiled, drained, without salt","Vegetables and Vegetable Products",10.00000000000,1209
"Mustard spinach, (tendergreen), raw","Vegetables and Vegetable Products",9.99999990000,1210
"Beet greens, raw","Vegetables and Vegetable Products",9.99999990000,1210
"Game meat, bison, ground, cooked, pan-broiled","Lamb, Veal, and Game Products",9.98739573700,1211
"Pork, cured, ham -- water added, shank, bone-in, separable lean and fat, unheated","Pork Products",9.97005996000,1212
"Pork, fresh, loin, whole, separable lean and fat, raw","Pork Products",9.96969687000,1213
"Chicken, broiler, rotisserie, BBQ, thigh, meat and skin","Poultry Products",9.96017752900,1214
"Jute, potherb, cooked, boiled, drained, without salt","Vegetables and Vegetable Products",9.94594593600,1215
"Jute, potherb, cooked, boiled, drained, with salt","Vegetables and Vegetable Products",9.94594593600,1215
"Beef, ground, 80% lean meat / 20% fat, loaf, cooked, baked","Beef Products",9.94094520000,1216
"Pork, cured, ham, center slice, separable lean and fat, unheated","Pork Products",9.93595983600,1217
"Beef, ground, 80% lean meat / 20% fat, crumbles, cooked, pan-browned","Beef Products",9.92647170000,1218
"Beef, ground, 70% lean meat / 30% fat, loaf, cooked, baked","Beef Products",9.90456528600,1219
"Lamb, New Zealand, imported, hind-shank, separable lean and fat, raw","Lamb, Veal, and Game Products",9.88709661600,1220
"Pork, fresh, shoulder, blade, boston (steaks), separable lean and fat, cooked, broiled","Pork Products",9.87644823200,1221
"Chicken, broilers or fryers, dark meat, thigh, meat and skin, cooked, braised","Poultry Products",9.85589468400,1222
"Pork, cured, ham with natural juices, rump, bone-in, separable lean and fat, unheated","Pork Products",9.85000000000,1223
"Mustard greens, cooked, boiled, drained, without salt","Vegetables and Vegetable Products",9.84615372800,1224
"Mustard greens, cooked, boiled, drained, with salt","Vegetables and Vegetable Products",9.84615372800,1224
"Edamame, frozen, prepared","Vegetables and Vegetable Products",9.84297543300,1225
"Chicken, broilers or fryers, rotisserie, original seasoning, thigh, meat and skin, cooked","Poultry Products",9.84120058500,1226
"Pork, fresh, loin, country-style ribs, separable lean and fat, bone-in, cooked, broiled","Pork Products",9.83846193200,1227
"Pork, fresh, leg (ham), whole, separable lean and fat, cooked, roasted","Pork Products",9.82783973200,1228
"Pork, fresh, shoulder, (Boston butt), blade (steaks), separable lean and fat, with added solution, cooked, braised","Pork Products",9.82509410400,1229
"Fish, salmon, Atlantic, farmed, raw","Finfish and Shellfish Products",9.81730706400,1230
"Beef, grass-fed, ground, raw","Beef Products",9.80808071000,1231
"Pork, fresh, loin, country-style ribs, separable lean and fat, boneless, cooked, roasted","Pork Products",9.77777856000,1232
"Pork, fresh, loin, blade (chops), bone-in, separable lean and fat, cooked, pan-fried","Pork Products",9.77343750000,1233
"Beef, ground, 80% lean meat / 20% fat, patty, cooked, pan-broiled","Beef Products",9.77235856400,1234
"Lambsquarters, raw","Vegetables and Vegetable Products",9.76744188000,1235
"Lamb, variety meats and by-products, pancreas, raw","Lamb, Veal, and Game Products",9.76315734800,1236
"Lamb, variety meats and by-products, pancreas, cooked, braised","Lamb, Veal, and Game Products",9.75640963200,1237
"Veal, Australian, rib, rib roast, separable lean and fat, raw","Lamb, Veal, and Game Products",9.75124304000,1238
"Lupins, mature seeds, raw","Legumes and Legume Products",9.74932690600,1239
"Turkey, ground, 85% lean, 15% fat, pan-broiled crumbles","Poultry Products",9.73255815900,1240
"Beef, New Zealand, imported, cube roll, separable lean and fat, cooked, fast roasted","Beef Products",9.71678183700,1241
"Turnip greens, canned, solids and liquids","Vegetables and Vegetable Products",9.71428565600,1242
"Pork, fresh, loin, country-style ribs, separable lean and fat, cooked, braised","Pork Products",9.70329759600,1243
"Pork, fresh, shoulder, arm picnic, separable lean and fat, raw","Pork Products",9.69430023700,1244
"Beef, ground, 75% lean meat / 25% fat, loaf, cooked, baked","Beef Products",9.66929164800,1245
"Turkey, retail parts, wing, meat and skin, raw","Poultry Products",9.66831673500,1246
"Mung beans, mature seeds, sprouted, cooked, boiled, drained, without salt","Vegetables and Vegetable Products",9.66666674400,1247
"Soybeans, mature seeds, dry roasted","Legumes and Legume Products",9.64810477200,1248
"Bamboo shoots, raw","Vegetables and Vegetable Products",9.62962962000,1249
"Chicken, dark meat, thigh, meat and skin, with added solution, cooked, braised","Poultry Products",9.62790741000,1250
"Pork, fresh, variety meats and by-products, ears, frozen, cooked, simmered","Pork Products",9.60843312000,1251
"Beef, ground, 70% lean meat / 30% fat, patty cooked, pan-broiled","Beef Products",9.60504276600,1252
"Lamb, New Zealand, imported, brains, raw","Lamb, Veal, and Game Products",9.60169460800,1253
"Pork, fresh, variety meats and by-products, ears, frozen, raw","Pork Products",9.59401648000,1254
"Pork, cured, ham -- water added, slice, bone-in, separable lean and fat, unheated","Pork Products",9.59146345300,1255
"Mushrooms, portabella, raw","Vegetables and Vegetable Products",9.59090899500,1256
"Mushrooms, portabella, exposed to ultraviolet light, raw","Vegetables and Vegetable Products",9.59090899500,1256
"Beef, Australian, imported, Wagyu, loin, tenderloin steak/roast, boneless, separable lean and fat, Aust. marble score 4/5, raw","Beef Products",9.56796129900,1257
"Pork, fresh, loin, blade (roasts), bone-in, separable lean and fat, cooked, roasted","Pork Products",9.56299243200,1258
"Chicken, broilers or fryers, breast, meat and skin, cooked, fried, batter","Poultry Products",9.55384653600,1259
"Chicken, broilers or fryers, dark meat, meat and skin, cooked, fried, flour","Poultry Products",9.55087738400,1260
"Beef, ground, 80% lean meat / 20% fat, patty, cooked, broiled","Beef Products",9.53703780000,1261
"Cornsalad, raw","Vegetables and Vegetable Products",9.52380960000,1262
"Beet greens, cooked, boiled, drained, with salt","Vegetables and Vegetable Products",9.51851850900,1263
"Beet greens, cooked, boiled, drained, without salt","Vegetables and Vegetable Products",9.51851850900,1263
"Cauliflower, green, raw","Vegetables and Vegetable Products",9.51612917500,1264
"Kale, frozen, unprepared","Vegetables and Vegetable Products",9.50000007600,1265
"Cauliflower, green, cooked, no salt added","Vegetables and Vegetable Products",9.50000000000,1266
"Cauliflower, green, cooked, with salt","Vegetables and Vegetable Products",9.50000000000,1266
"Beef, ground, 75% lean meat / 25% fat, crumbles, cooked, pan-browned","Beef Products",9.48736382400,1267
"Chard, swiss, raw","Vegetables and Vegetable Products",9.47368422000,1268
"Vinespinach, (basella), raw","Vegetables and Vegetable Products",9.47368422000,1268
"Pork loin, fresh, backribs, bone-in, cooked-roasted, lean only","Pork Products",9.47058913500,1269
"Cauliflower, frozen, cooked, boiled, drained, with salt","Vegetables and Vegetable Products",9.47058816900,1270
"Beef, ground, 70% lean meat / 30% fat, crumbles, cooked, pan-browned","Beef Products",9.46666742400,1271
"Pork, fresh, loin, center rib (chops), boneless, separable lean and fat, cooked, pan-fried","Pork Products",9.45787632800,1272
"Beef, ground, 75% lean meat / 25% fat, patty, cooked, pan-broiled","Beef Products",9.45564501000,1273
"Taro, tahitian, cooked, with salt","Vegetables and Vegetable Products",9.45454556800,1274
"Taro, tahitian, cooked, without salt","Vegetables and Vegetable Products",9.45454556800,1274
"Collards, raw","Vegetables and Vegetable Products",9.43750000000,1275
"Chicken, stewing, meat and skin, cooked, stewed","Poultry Products",9.43157913600,1276
"Veal, ground, raw","Lamb, Veal, and Game Products",9.43147183600,1277
"Pork, fresh, loin, center rib (chops or roasts), boneless, separable lean and fat, raw","Pork Products",9.43127864000,1278
"Luncheon slices, meatless","Legumes and Legume Products",9.40740689000,1279
"Chard, swiss, cooked, boiled, drained, with salt","Vegetables and Vegetable Products",9.40000000000,1280
"Chard, swiss, cooked, boiled, drained, without salt","Vegetables and Vegetable Products",9.40000000000,1280
"Pork, fresh, shoulder, (Boston butt), blade (steaks), separable lean and fat, cooked, braised","Pork Products",9.38951222600,1281
"Turkey, ground, 85% lean, 15% fat, raw","Poultry Products",9.38888964000,1282
"Chicken, broilers or fryers, wing, meat and skin, cooked, roasted","Poultry Products",9.36614203200,1283
"Pork, fresh, shoulder, (Boston butt), blade (steaks), separable lean and fat, raw","Pork Products",9.36559124800,1284
"Pork, fresh, variety meats and by-products, pancreas, raw","Pork Products",9.32663385600,1285
"Chicken, wing, frozen, glazed, barbecue flavored","Poultry Products",9.32227391200,1286
"Fish, caviar, black and red, granular","Finfish and Shellfish Products",9.31818234000,1287
"Pork, cured, ham -- water added, shank, bone-in, separable lean and fat, heated, roasted","Pork Products",9.31000000000,1288
"Beans, pinto, mature seeds, sprouted, cooked, boiled, drained, with salt","Vegetables and Vegetable Products",9.30000000000,1289
"Lamb, New Zealand, imported, neck chops, separable lean and fat, cooked, braised","Lamb, Veal, and Game Products",9.29315963700,1290
"Coriander (cilantro) leaves, raw","Vegetables and Vegetable Products",9.26086959300,1291
"Fish, cisco, smoked","Finfish and Shellfish Products",9.24293864800,1292
"Pork, ground, 84% lean / 16% fat, cooked, crumbles","Pork Products",9.23529515200,1293
"Brussels sprouts, frozen, unprepared","Vegetables and Vegetable Products",9.21951223200,1294
"Pork, fresh, variety meats and by-products, feet, cooked, simmered","Pork Products",9.21848811400,1295
"Veal, breast, plate half, boneless, separable lean and fat, cooked, braised","Lamb, Veal, and Game Products",9.19503470700,1296
Natto,"Legumes and Legume Products",9.19431184000,1297
"Chicken, wing, frozen, glazed, barbecue flavored, heated (conventional oven)","Poultry Products",9.19008174400,1298
"Pork, cured, ham and water product, slice, bone-in, separable lean and fat, unheated","Pork Products",9.18791892100,1299
"Beans, navy, mature seeds, sprouted, raw","Vegetables and Vegetable Products",9.17910439500,1300
"Chicken, broilers or fryers, wing, meat and skin, raw","Poultry Products",9.17277470400,1301
"Cabbage, napa, cooked","Vegetables and Vegetable Products",9.16666663000,1302
"Beef, ground, 70% lean meat / 30% fat, patty, cooked, broiled","Beef Products",9.16245410400,1303
"Beef, ground, 75% lean meat / 25% fat, patty, cooked, broiled","Beef Products",9.16128932400,1304
"Chicken, broilers or fryers, rotisserie, original seasoning, wing, meat and skin, cooked","Poultry Products",9.15037473200,1305
"Dock, cooked, boiled, drained, with salt","Vegetables and Vegetable Products",9.15000000000,1306
"Dock, cooked, boiled, drained, without salt","Vegetables and Vegetable Products",9.15000000000,1306
"Chicken, broilers or fryers, wing, meat and skin, cooked, stewed","Poultry Products",9.14859379200,1307
"Beef, Australian, imported, grass-fed, rib, ribeye steak/roast lip-on, boneless, separable lean and fat, raw","Beef Products",9.12442410000,1308
"Chicken, broiler, rotisserie, BBQ, wing, meat and skin","Poultry Products",9.11284144200,1309
"Lamb, New Zealand, imported, brains, cooked, soaked and fried","Lamb, Veal, and Game Products",9.11038891800,1310
"Fish, mackerel, Atlantic, cooked, dry heat","Finfish and Shellfish Products",9.10305369000,1311
"Soy sauce, reduced sodium, made from hydrolyzed vegetable protein","Legumes and Legume Products",9.09999990900,1312
"Chicken, meatless, breaded, fried","Legumes and Legume Products",9.09401651200,1313
"Dock, raw","Vegetables and Vegetable Products",9.09090900000,1314
"Pork, cured, ham, regular (approximately 13% fat), canned, roasted","Pork Products",9.08407128700,1315
"Fish, mackerel, Atlantic, raw","Finfish and Shellfish Products",9.07317114000,1316
"Lettuce, green leaf, raw","Vegetables and Vegetable Products",9.06666671200,1317
"Beans, navy, mature seeds, sprouted, cooked, boiled, drained, with salt","Vegetables and Vegetable Products",9.06410269100,1318
"Beans, navy, mature seeds, sprouted, cooked, boiled, drained, without salt","Vegetables and Vegetable Products",9.06410269100,1318
"Bamboo shoots, canned, drained solids","Vegetables and Vegetable Products",9.05263158800,1319
"Lamb, New Zealand, imported, leg chop/steak, bone-in, separable lean and fat, raw","Lamb, Veal, and Game Products",9.04854381600,1320
"Beef, Australian, imported, Wagyu, loin, top loin steak/roast, boneless, separable lean only, Aust. marble score 4/5, raw","Beef Products",9.03587457500,1321
"Chicken, feet, boiled","Poultry Products",9.02325622000,1322
"Pork, ground, 84% lean / 16% fat, cooked, pan-broiled","Pork Products",9.01661092600,1323
"Hearts of palm, canned","Vegetables and Vegetable Products",9.00000007200,1324
"Nopales, cooked, without salt","Vegetables and Vegetable Products",9.00000004500,1325
"Beans, fava, in pod, raw","Vegetables and Vegetable Products",8.99999971200,1326
"Pork, cured, ham and water product, rump, bone-in, separable lean and fat, unheated","Pork Products",8.98882652800,1327
"Chicken, broilers or fryers, rotisserie, original seasoning, back, meat and skin, cooked","Poultry Products",8.93461574200,1328
"Pork, fresh, variety meats and by-products, tongue, cooked, braised","Pork Products",8.89298917000,1329
"Veggie burgers or soyburgers, unprepared","Legumes and Legume Products",8.87005726000,1330
"Mollusks, oyster, eastern, farmed, cooked, dry heat","Finfish and Shellfish Products",8.86075960000,1331
"Radish seeds, sprouted, raw","Vegetables and Vegetable Products",8.86046513400,1332
"Mollusks, oyster, eastern, farmed, raw","Finfish and Shellfish Products",8.84745786600,1333
"Mushrooms, shiitake, stir-fried","Vegetables and Vegetable Products",8.84615397000,1334
"Crustaceans, shrimp, mixed species, cooked, breaded and fried","Finfish and Shellfish Products",8.83884210900,1335
"Soymilk (all flavors), nonfat, with added calcium, vitamins A and D","Legumes and Legume Products",8.82142864200,1336
"Soybeans, green, raw","Vegetables and Vegetable Products",8.80952369500,1337
"Pork, fresh, variety meats and by-products, brain, cooked, braised","Pork Products",8.79710167800,1338
"Turnip greens and turnips, frozen, cooked, boiled, drained, with salt","Vegetables and Vegetable Products",8.79411773500,1339
"Drumstick leaves, cooked, boiled, drained, without salt","Vegetables and Vegetable Products",8.78333350900,1340
"Drumstick leaves, cooked, boiled, drained, with salt","Vegetables and Vegetable Products",8.78333350900,1340
"Turkey and gravy, frozen","Poultry Products",8.77611932400,1341
"Pork, fresh, composite of trimmed retail cuts (leg, loin, shoulder, and spareribs), separable lean and fat, raw","Pork Products",8.77314885000,1342
"Soybeans, green, cooked, boiled, drained, without salt","Vegetables and Vegetable Products",8.75886576500,1343
"Soybeans, green, cooked, boiled, drained, with salt","Vegetables and Vegetable Products",8.75886576500,1343
"Veal, variety meats and by-products, brain, raw","Lamb, Veal, and Game Products",8.74576243200,1344
"Lamb, ground, cooked, broiled","Lamb, Veal, and Game Products",8.74558327500,1345
"Tofu, hard, prepared with nigari","Legumes and Legume Products",8.74482793600,1346
"MORI-NU, Tofu, silken, soft","Legumes and Legume Products",8.72727264000,1347
"SILK Unsweetened, soymilk","Legumes and Legume Products",8.72727264000,1347
"Lamb, New Zealand, imported, rack - partly frenched, separable lean and fat, cooked, fast roasted","Lamb, Veal, and Game Products",8.71936721400,1348
"Lentils, sprouted, cooked, stir-fried, without salt","Vegetables and Vegetable Products",8.71287120000,1349
"Lentils, sprouted, cooked, stir-fried, with salt","Vegetables and Vegetable Products",8.71287120000,1349
"Soy flour, full-fat, raw","Legumes and Legume Products",8.71197980700,1350
"Beef, Australian, imported, Wagyu, rib, small end rib steak/roast, boneless, separable lean only, Aust. marble score 4/5, raw","Beef Products",8.69658064000,1351
"Soy flour, full-fat, roasted","Legumes and Legume Products",8.67653633600,1352
"Brussels sprouts, frozen, cooked, boiled, drained, with salt","Vegetables and Vegetable Products",8.66666673600,1353
"Brussels sprouts, frozen, cooked, boiled, drained, without salt","Vegetables and Vegetable Products",8.66666673600,1353
"Soymilk (all flavors), unsweetened, with added calcium, vitamins A and D","Legumes and Legume Products",8.66666658000,1354
"Lamb, variety meats and by-products, brain, cooked, braised","Lamb, Veal, and Game Products",8.65517276000,1355
"Chicken, broilers or fryers, meat and skin, raw","Poultry Products",8.65116318000,1356
"Chicken, broilers or fryers, back, meat and skin, cooked, roasted","Poultry Products",8.64999913500,1357
"Pork, fresh, ground, cooked","Pork Products",8.64983070700,1358
"Beef, ground, 85% lean meat / 15% fat, raw (Includes foods for USDA's Food Distribution Program)","Beef Products",8.64651201700,1359
"Pork, fresh, composite of trimmed leg, loin, shoulder, and spareribs, (includes cuts to be cured), separable lean and fat, raw","Pork Products",8.63507019200,1360
"Fish, shad, american, cooked, dry heat","Finfish and Shellfish Products",8.61507943400,1361
"Chicken, broilers or fryers, meat and skin and giblets and neck, raw","Poultry Products",8.60563438800,1362
"Mung beans, mature seeds, sprouted, cooked, stir-fried","Vegetables and Vegetable Products",8.60000000000,1363
"Chicken, cornish game hens, meat and skin, cooked, roasted","Poultry Products",8.59845590800,1364
"Chicken, broilers or fryers, back, meat and skin, cooked, stewed","Poultry Products",8.59689924200,1365
"Fish, shad, american, raw","Finfish and Shellfish Products",8.59390840600,1366
"Pork, fresh, shoulder, blade, boston (roasts), separable lean and fat, cooked, roasted","Pork Products",8.59107779200,1367
"Fish, tuna salad","Finfish and Shellfish Products",8.57754077600,1368
"Chicken, cornish game hens, meat and skin, raw","Poultry Products",8.57500000000,1369
"Borage, raw","Vegetables and Vegetable Products",8.57142864000,1370
"Turnip greens and turnips, frozen, cooked, boiled, drained, without salt","Vegetables and Vegetable Products",8.54285727100,1371
"Lamb, variety meats and by-products, brain, raw","Lamb, Veal, and Game Products",8.52458984000,1372
"SILK Light Plain, soymilk","Legumes and Legume Products",8.51724147300,1373
"Pork, fresh, backribs, separable lean and fat, raw","Pork Products",8.51339340200,1374
"Chicken, broilers or fryers, light meat, meat and skin, cooked, fried, batter","Poultry Products",8.50180434000,1375
"Okra, cooked, boiled, drained, without salt","Vegetables and Vegetable Products",8.49999991500,1376
"Okra, cooked, boiled, drained, with salt","Vegetables and Vegetable Products",8.49999991500,1376
"Cauliflower, frozen, cooked, boiled, drained, without salt","Vegetables and Vegetable Products",8.47368421900,1377
"Beans, pinto, mature seeds, sprouted, raw","Vegetables and Vegetable Products",8.46774180000,1378
"Beans, pinto, mature seeds, sprouted, cooked, boiled, drained, without salt","Vegetables and Vegetable Products",8.45454537000,1379
"Lentils, sprouted, raw","Vegetables and Vegetable Products",8.45282995200,1380
"Veal, variety meats and by-products, brain, cooked, braised","Lamb, Veal, and Game Products",8.44117626800,1381
"Frankfurter, meatless","Legumes and Legume Products",8.41630804500,1382
"Chicken, dark meat, thigh, meat and skin, with added solution, raw","Poultry Products",8.40609115200,1383
"Fish, herring, Pacific, raw","Finfish and Shellfish Products",8.40512799500,1384
"Fish, herring, Pacific, cooked, dry heat","Finfish and Shellfish Products",8.40400000000,1385
"Veal, breast, whole, boneless, separable lean and fat, raw","Lamb, Veal, and Game Products",8.39903792400,1386
"Chicken, broilers or fryers, back, meat and skin, cooked, fried, flour","Poultry Products",8.39577029200,1387
"Cauliflower, frozen, unprepared","Vegetables and Vegetable Products",8.37500006700,1388
"Game meat , bison, ground, raw","Lamb, Veal, and Game Products",8.37219743500,1389
"Mollusks, scallop, mixed species, cooked, breaded and fried","Finfish and Shellfish Products",8.36574141000,1390
"Taro shoots, raw","Vegetables and Vegetable Products",8.36363637200,1391
"Borage, cooked, boiled, drained, with salt","Vegetables and Vegetable Products",8.36000000000,1392
"Borage, cooked, boiled, drained, without salt","Vegetables and Vegetable Products",8.36000000000,1392
"Kale, raw","Vegetables and Vegetable Products",8.34285726800,1393
"Lamb, New Zealand, imported, square-cut shoulder chops, separable lean and fat, cooked, braised","Lamb, Veal, and Game Products",8.31987561000,1394
"Pork, cured, feet, pickled","Pork Products",8.30714269100,1395
"Broccoli, raw","Vegetables and Vegetable Products",8.29411773000,1396
"Soybean, curd cheese","Legumes and Legume Products",8.27814625000,1397
"Purslane, cooked, boiled, drained, without salt","Vegetables and Vegetable Products",8.27777784400,1398
"Purslane, cooked, boiled, drained, with salt","Vegetables and Vegetable Products",8.27777784400,1398
"Beef, New Zealand, imported, striploin, separable lean and fat, cooked, fast fried","Beef Products",8.26910265100,1399
"Cress, garden, cooked, boiled, drained, without salt","Vegetables and Vegetable Products",8.26086959000,1400
"Cress, garden, cooked, boiled, drained, with salt","Vegetables and Vegetable Products",8.26086959000,1400
"Duck, wild, meat and skin, raw","Poultry Products",8.25592331200,1401
"Pork, ground, 84% lean / 16% fat, raw","Pork Products",8.25229364400,1402
"Collards, frozen, chopped, cooked, boiled, drained, with salt","Vegetables and Vegetable Products",8.25000006600,1403
"Collards, frozen, chopped, cooked, boiled, drained, without salt","Vegetables and Vegetable Products",8.25000006600,1403
"Parsley, fresh","Vegetables and Vegetable Products",8.25000006600,1403
"Nopales, raw","Vegetables and Vegetable Products",8.25000000000,1404
"Goose, domesticated, meat and skin, cooked, roasted","Poultry Products",8.24918152400,1405
"Veal, variety meats and by-products, pancreas, raw","Lamb, Veal, and Game Products",8.24175750000,1406
"Fish, croaker, Atlantic, cooked, breaded and fried","Finfish and Shellfish Products",8.23529434000,1407
"Soybeans, mature seeds, roasted, salted","Legumes and Legume Products",8.21961558000,1408
"Soybeans, mature seeds, roasted, no salt added","Legumes and Legume Products",8.21961558000,1408
"Squash, summer, zucchini, includes skin, frozen, cooked, boiled, drained, with salt","Vegetables and Vegetable Products",8.21428566500,1409
"Collards, cooked, boiled, drained, with salt","Vegetables and Vegetable Products",8.21212113000,1410
"Collards, cooked, boiled, drained, without salt","Vegetables and Vegetable Products",8.21212113000,1410
"Chrysanthemum, garland, cooked, boiled, drained, with salt","Vegetables and Vegetable Products",8.20000000000,1411
"Chrysanthemum, garland, cooked, boiled, drained, without salt","Vegetables and Vegetable Products",8.20000000000,1411
"Pork, cured, bacon, cooked, microwaved","Pork Products",8.19537684000,1412
"Chicken, broilers or fryers, drumstick, meat and skin, cooked, fried, batter","Poultry Products",8.19029788500,1413
"Turkey, back, from whole bird, meat and skin, with added solution, raw","Poultry Products",8.18446613400,1414
"Soybeans, mature seeds, raw","Legumes and Legume Products",8.18161264800,1415
"Peas, edible-podded, cooked, boiled, drained, with salt","Vegetables and Vegetable Products",8.17500000000,1416
"Fish, shark, mixed species, cooked, batter-dipped and fried","Finfish and Shellfish Products",8.16666683000,1417
"Kale, cooked, boiled, drained, without salt","Vegetables and Vegetable Products",8.16666673200,1418
"Kale, frozen, cooked, boiled, drained, without salt","Vegetables and Vegetable Products",8.16666673200,1418
"Kale, frozen, cooked, boiled, drained, with salt","Vegetables and Vegetable Products",8.16666673200,1418
"Collards, frozen, chopped, unprepared","Vegetables and Vegetable Products",8.15151507000,1419
"Chicken, broilers or fryers, wing, meat and skin, cooked, fried, flour","Poultry Products",8.13395691500,1420
"Pork, cured, ham -- water added, rump, bone-in, separable lean and fat, unheated","Pork Products",8.13372024700,1421
"Cress, garden, raw","Vegetables and Vegetable Products",8.12500000000,1422
"Beef, New Zealand, imported, cube roll, separable lean and fat, raw","Beef Products",8.09777696800,1423
"Pork, fresh, variety meats and by-products, brain, raw","Pork Products",8.09448844800,1424
"Chicken, broiler, rotisserie, BBQ, back, meat and skin","Poultry Products",8.08366585600,1425
"Oat bran, cooked","Cereal Grains and Pasta",8.02500000000,1426
"Chicken, roasting, meat and skin and giblets and neck, raw","Poultry Products",8.02347472400,1427
"Chicken, capons, meat and skin, raw","Poultry Products",8.02136700800,1428
"Crustaceans, crab, alaska king, imitation, made from surimi","Finfish and Shellfish Products",8.02105279200,1429
"Lamb, New Zealand, imported, frozen, composite of trimmed retail cuts, separable lean and fat, cooked","Lamb, Veal, and Game Products",8.00655853800,1430
"Cauliflower, cooked, boiled, drained, with salt","Vegetables and Vegetable Products",8.00000002400,1431
"Cauliflower, cooked, boiled, drained, without salt","Vegetables and Vegetable Products",8.00000002400,1431
"Chicken, capons, meat and skin and giblets and neck, raw","Poultry Products",7.97844859500,1432
"Chicken, broilers or fryers, leg, meat and skin, cooked, fried, batter","Poultry Products",7.97435970800,1433
"Pork, fresh, shoulder, whole, separable lean and fat, cooked, roasted","Pork Products",7.97260382400,1434
"Beef, Australian, imported, Wagyu, loin, tenderloin steak/roast, boneless, separable lean only, Aust. marble score 9, raw","Beef Products",7.96202478300,1435
"Sausage, meatless","Legumes and Legume Products",7.95294193200,1436
"Chicken, broilers or fryers, neck, meat and skin, cooked simmered","Poultry Products",7.93927126300,1437
"Soymilk, original and vanilla, light, with added calcium, vitamins A and D","Legumes and Legume Products",7.93333325400,1438
"Vegetarian fillets","Legumes and Legume Products",7.93103480000,1439
"Lentils, mature seeds, cooked, boiled, with salt","Legumes and Legume Products",7.91228086000,1440
"Winged bean leaves, raw","Vegetables and Vegetable Products",7.90540569000,1441
"Lamb, New Zealand, imported, frozen, shoulder, whole (arm and blade), separable lean and fat, cooked, braised","Lamb, Veal, and Game Products",7.90195952000,1442
"Fish, catfish, channel, cooked, breaded and fried","Finfish and Shellfish Products",7.89956290800,1443
"Peanut flour, low fat","Legumes and Legume Products",7.89719762000,1444
"Pork, fresh, backribs, separable lean and fat, cooked, roasted","Pork Products",7.88013805800,1445
"Brussels sprouts, raw","Vegetables and Vegetable Products",7.86046513200,1446
"Radishes, white icicle, raw","Vegetables and Vegetable Products",7.85714281000,1447
"Chicken, broilers or fryers, meat and skin and giblets and neck, cooked, fried, batter","Poultry Products",7.84879698400,1448
"Lamb, variety meats and by-products, tongue, cooked, braised","Lamb, Veal, and Game Products",7.84363714800,1449
"Winged bean tuber, raw","Vegetables and Vegetable Products",7.83783812000,1450
"Beef, ground, patties, frozen, cooked, broiled","Beef Products",7.81356045500,1451
"Chicken, broilers or fryers, thigh, meat and skin, cooked, fried, batter","Poultry Products",7.80144338800,1452
"Chicken, broilers or fryers, meat and skin, cooked, fried, batter","Poultry Products",7.79930883200,1453
"Peas, edible-podded, boiled, drained, without salt","Vegetables and Vegetable Products",7.78571434800,1454
"Broadbeans, immature seeds, raw","Vegetables and Vegetable Products",7.77777784000,1455
"Lentils, mature seeds, cooked, boiled, without salt","Legumes and Legume Products",7.77586238000,1456
"Pork, cured, ham and water product, shank, bone-in, separable lean and fat, heated, roasted","Pork Products",7.76495676800,1457
"Mushrooms, white, cooked, boiled, drained, with salt","Vegetables and Vegetable Products",7.75000006200,1458
"Mushrooms, white, cooked, boiled, drained, without salt","Vegetables and Vegetable Products",7.75000006200,1458
"Broadbeans, immature seeds, cooked, boiled, drained, with salt","Vegetables and Vegetable Products",7.74193536000,1459
"Broadbeans, immature seeds, cooked, boiled, drained, without salt","Vegetables and Vegetable Products",7.74193536000,1459
"Beef, variety meats and by-products, brain, cooked, simmered","Beef Products",7.72847733900,1460
"Fish, halibut, Greenland, raw","Finfish and Shellfish Products",7.72580632800,1461
"Beans, kidney, royal red, mature seeds, cooked, boiled, without salt","Legumes and Legume Products",7.71544686900,1462
"Beans, kidney, royal red, mature seeds, cooked, boiled with salt","Legumes and Legume Products",7.71544686900,1462
"Lamb, New Zealand, imported, loin saddle, separable lean and fat, cooked, fast roasted","Lamb, Veal, and Game Products",7.71167875500,1463
"Fish, halibut, greenland, cooked, dry heat","Finfish and Shellfish Products",7.70711220000,1464
"Soymilk, original and vanilla, light, unsweetened, with added calcium, vitamins A and D","Legumes and Legume Products",7.70588243000,1465
"Broadbeans (fava beans), mature seeds, canned","Legumes and Legume Products",7.70422532900,1466
"Beans, kidney, royal red, mature seeds, raw","Legumes and Legume Products",7.69908896200,1467
"Tofu, salted and fermented (fuyu)","Legumes and Legume Products",7.68965548000,1468
"Cauliflower, raw","Vegetables and Vegetable Products",7.68000000000,1469
"Escarole, cooked, boiled, drained, no salt added","Vegetables and Vegetable Products",7.66666670500,1470
"Broadbeans (fava beans), mature seeds, raw","Legumes and Legume Products",7.65982321200,1471
"Chicken, broilers or fryers, leg, meat and skin, raw","Poultry Products",7.64953238900,1472
"Cowpeas, young pods with seeds, cooked, boiled, drained, with salt","Vegetables and Vegetable Products",7.64705890000,1473
"Cowpeas, young pods with seeds, cooked, boiled, drained, without salt","Vegetables and Vegetable Products",7.64705890000,1473
"Squash, summer, zucchini, includes skin, cooked, boiled, drained, without salt","Vegetables and Vegetable Products",7.60000003800,1474
"Squash, summer, zucchini, includes skin, cooked, boiled, drained, with salt","Vegetables and Vegetable Products",7.60000003800,1474
"Beef, variety meats and by-products, brain, raw","Beef Products",7.59440560200,1475
"Squash, summer, all varieties, raw","Vegetables and Vegetable Products",7.56250000000,1476
"Lamb, New Zealand, imported, rack - partly frenched, separable lean and fat, raw","Lamb, Veal, and Game Products",7.55000060400,1477
"Lamb, New Zealand, imported, neck chops, separable lean and fat, raw","Lamb, Veal, and Game Products",7.54545397200,1478
"Pork, cured, ham, whole, separable lean and fat, unheated","Pork Products",7.51626080900,1479
"Cowpeas, young pods with seeds, raw","Vegetables and Vegetable Products",7.50000009000,1480
"Cabbage, savoy, cooked, boiled, drained, with salt","Vegetables and Vegetable Products",7.50000006000,1481
"Cabbage, savoy, cooked, boiled, drained, without salt","Vegetables and Vegetable Products",7.50000006000,1481
"Cabbage, chinese (pe-tsai), raw","Vegetables and Vegetable Products",7.50000000000,1482
"SILK Light Vanilla, soymilk","Legumes and Legume Products",7.48484841000,1483
"Mushrooms, canned, drained solids","Vegetables and Vegetable Products",7.48000000000,1484
"Chicken, broilers or fryers, thigh, meat and skin, raw","Poultry Products",7.47511332400,1485
"Lamb, New Zealand, imported, netted shoulder, rolled, boneless, separable lean and fat, cooked, slow roasted","Lamb, Veal, and Game Products",7.47386854500,1486
"Beef, Australian, imported, Wagyu, loin, tenderloin steak/roast, boneless, separable lean and fat, Aust. marble score 9, raw","Beef Products",7.45967730000,1487
"Lamb, New Zealand, imported, frozen, loin, separable lean and fat, cooked, broiled","Lamb, Veal, and Game Products",7.43809482900,1488
"Beef, Australian, imported, grass-fed, ground, 85% lean / 15% fat, raw","Beef Products",7.41422520000,1489
"Beef, cured, corned beef, brisket, raw","Beef Products",7.41414134000,1490
"Cabbage, savoy, raw","Vegetables and Vegetable Products",7.40740740000,1491
"Pork, fresh, shoulder, arm picnic, separable lean and fat, cooked, roasted","Pork Products",7.40378517800,1492
"Mungo beans, mature seeds, raw","Legumes and Legume Products",7.39296107100,1493
"Chicory greens, raw","Vegetables and Vegetable Products",7.39130437000,1494
"Beans, kidney, california red, mature seeds, raw","Legumes and Legume Products",7.38484841100,1495
"Beans, kidney, california red, mature seeds, cooked, boiled, without salt","Legumes and Legume Products",7.36290310800,1496
"Beans, kidney, california red, mature seeds, cooked, boiled, with salt","Legumes and Legume Products",7.36290310800,1496
"Endive, raw","Vegetables and Vegetable Products",7.35294112500,1497
"Beef, New Zealand, imported, striploin, separable lean and fat, raw","Beef Products",7.33730164600,1498
"Cabbage, kimchi","Vegetables and Vegetable Products",7.33333337000,1499
"Chicken, broilers or fryers, dark meat, meat and skin, cooked, fried, batter","Poultry Products",7.33221542500,1500
"Pork, fresh, spareribs, separable lean and fat, cooked, braised","Pork Products",7.31990015200,1501
"Beef, New Zealand, imported, variety meats and by-products, tongue, raw","Beef Products",7.31275660200,1502
"Pork, cured, shoulder, arm picnic, separable lean and fat, roasted","Pork Products",7.29642944700,1503
"Turnips, frozen, cooked, boiled, drained, with salt","Vegetables and Vegetable Products",7.28571434400,1504
"Pork, fresh, shoulder, whole, separable lean and fat, raw","Pork Products",7.27966078400,1505
"Pumpkin flowers, cooked, boiled, drained, without salt","Vegetables and Vegetable Products",7.26666670300,1506
"Pumpkin, flowers, cooked, boiled, drained, with salt","Vegetables and Vegetable Products",7.26666670300,1506
"Tomatoes, orange, raw","Vegetables and Vegetable Products",7.25000000000,1507
"Winged beans, mature seeds, raw","Legumes and Legume Products",7.24938942000,1508
"Pork, cured, bacon, pre-sliced, cooked, pan-fried","Pork Products",7.24786278400,1509
"Pork, fresh, variety meats and by-products, tongue, raw","Pork Products",7.24444372000,1510
"Beef, cured, corned beef, brisket, cooked","Beef Products",7.23904428800,1511
"Lettuce, cos or romaine, raw","Vegetables and Vegetable Products",7.23529406700,1512
"Chicken, broilers or fryers, neck, meat and skin, cooked, fried, flour","Poultry Products",7.23192724800,1513
"Winged beans, mature seeds, cooked, boiled, without salt","Legumes and Legume Products",7.22448970200,1514
"Winged beans, mature seeds, cooked, boiled, with salt","Legumes and Legume Products",7.22448970200,1514
"Wheat bran, crude","Cereal Grains and Pasta",7.19907465000,1515
"Peas, mature seeds, sprouted, cooked, boiled, drained, without salt","Vegetables and Vegetable Products",7.19387781000,1516
"Peas, mature seeds, sprouted, cooked, boiled, drained, with salt","Vegetables and Vegetable Products",7.19387781000,1516
"Peas, split, mature seeds, cooked, boiled, with salt","Legumes and Legume Products",7.18965546000,1517
"Mushrooms, enoki, raw","Vegetables and Vegetable Products",7.18918918200,1518
"Mungo beans, mature seeds, cooked, boiled, without salt","Legumes and Legume Products",7.18095274000,1519
"Mungo beans, mature seeds, cooked, boiled, with salt","Legumes and Legume Products",7.18095274000,1519
"Turnip greens, canned, no salt added","Vegetables and Vegetable Products",7.15789474400,1520
"Squash, summer, zucchini, includes skin, raw","Vegetables and Vegetable Products",7.11764700900,1521
"Pork, fresh, leg (ham), whole, separable lean and fat, raw","Pork Products",7.11428631900,1522
"Lamb, New Zealand, imported, square-cut shoulder, separable lean and fat, cooked, slow roasted","Lamb, Veal, and Game Products",7.10204176800,1523
"Peas, mature seeds, sprouted, raw","Vegetables and Vegetable Products",7.09677408000,1524
"Brussels sprouts, cooked, boiled, drained, with salt","Vegetables and Vegetable Products",7.08333339000,1525
"Brussels sprouts, cooked, boiled, drained, without salt","Vegetables and Vegetable Products",7.08333339000,1525
"Beans, kidney, all types, mature seeds, raw","Legumes and Legume Products",7.08108107400,1526
"Lamb, variety meats and by-products, tongue, raw","Lamb, Veal, and Game Products",7.07207285000,1527
"Peas, split, mature seeds, cooked, boiled, without salt","Legumes and Legume Products",7.06779638400,1528
"Beans, great northern, mature seeds, cooked, boiled, with salt","Legumes and Legume Products",7.05932180800,1529
"Beans, great northern, mature seeds, cooked, boiled, without salt","Legumes and Legume Products",7.05932180800,1529
"Mollusks, clam, mixed species, cooked, breaded and fried","Finfish and Shellfish Products",7.04950488000,1530
"Chicken, broilers or fryers, dark meat, meat and skin, raw","Poultry Products",7.04219362100,1531
"Oat bran, raw","Cereal Grains and Pasta",7.03252093000,1532
"Tofu, salted and fermented (fuyu), prepared with calcium sulfate","Legumes and Legume Products",7.02586235000,1533
"Yardlong beans, mature seeds, cooked, boiled, without salt","Legumes and Legume Products",7.02542350400,1534
"Yardlong beans, mature seeds, cooked, boiled, with salt","Legumes and Legume Products",7.02542350400,1534
"SILK Plain, soymilk","Legumes and Legume Products",7.02439027200,1535
"Beans, white, mature seeds, raw","Legumes and Legume Products",7.01501500800,1536
"Yardlong beans, mature seeds, raw","Legumes and Legume Products",7.01152645200,1537
"Beans, white, mature seeds, cooked, boiled, without salt","Legumes and Legume Products",7.00000038500,1538
"Beans, white, mature seeds, cooked, boiled, with salt","Legumes and Legume Products",7.00000038500,1538
"Peas, edible-podded, frozen, cooked, boiled, drained, with salt","Vegetables and Vegetable Products",7.00000000000,1539
"Beans, snap, green, microwaved","Vegetables and Vegetable Products",6.99999993000,1540
"Cowpeas, common (blackeyes, crowder, southern), mature seeds, raw","Legumes and Legume Products",6.99999888000,1541
"Lentils, raw","Legumes and Legume Products",6.99715886700,1542
"Beef, cured, breakfast strips, cooked","Beef Products",6.97104523000,1543
"Tofu, fried","Legumes and Legume Products",6.97037092800,1544
"Tofu, fried, prepared with calcium sulfate","Legumes and Legume Products",6.97037092800,1544
"Chicken, stewing, meat and skin, and giblets and neck, raw","Poultry Products",6.96414387200,1545
"Artichokes, (globe or french), raw","Vegetables and Vegetable Products",6.95744689200,1546
"Hyacinth beans, mature seeds, cooked, boiled, without salt","Legumes and Legume Products",6.95726532600,1547
"Hyacinth beans, mature seeds, cooked, boiled, with salt","Legumes and Legume Products",6.95726532600,1547
"Cowpeas, catjang, mature seeds, raw","Legumes and Legume Products",6.95335302000,1548
"Cowpeas, catjang, mature seeds, cooked, boiled, without salt","Legumes and Legume Products",6.94871831700,1549
"Cowpeas, catjang, mature seeds, cooked, boiled, with salt","Legumes and Legume Products",6.94871831700,1549
"Hyacinth beans, mature seeds, raw","Legumes and Legume Products",6.94767503000,1550
"Poultry, mechanically deboned, from backs and necks without skin, raw","Poultry Products",6.92964875400,1551
"Artichokes, (globe or french), frozen, unprepared","Vegetables and Vegetable Products",6.92105250700,1552
"Artichokes, (globe or french), frozen, cooked, boiled, drained, without salt","Vegetables and Vegetable Products",6.91111104200,1553
"Artichokes, (globe or french), frozen, cooked, boiled, drained, with salt","Vegetables and Vegetable Products",6.91111104200,1553
"Broadbeans (fava beans), mature seeds, cooked, boiled, without salt","Legumes and Legume Products",6.90909084000,1554
"Broadbeans (fava beans), mature seeds, cooked, boiled, with salt","Legumes and Legume Products",6.90909084000,1554
Papad,"Legumes and Legume Products",6.88948840800,1555
"Fish, sablefish, raw","Finfish and Shellfish Products",6.87692290500,1556
"Mung beans, mature seeds, raw","Legumes and Legume Products",6.87607978400,1557
"Fish, sablefish, cooked, dry heat","Finfish and Shellfish Products",6.87600000000,1558
"Beans, cranberry (roman), mature seeds, raw","Legumes and Legume Products",6.87462772500,1559
"Fish, sablefish, smoked","Finfish and Shellfish Products",6.86770501500,1560
"Beans, cranberry (roman), mature seeds, cooked, boiled, without salt","Legumes and Legume Products",6.86764689400,1561
"Beans, cranberry (roman), mature seeds, cooked, boiled, with salt","Legumes and Legume Products",6.86764689400,1561
"Pumpkin flowers, raw","Vegetables and Vegetable Products",6.86666670100,1562
"Beef, variety meats and by-products, thymus, cooked, braised","Beef Products",6.84952926000,1563
"Pork, cured, bacon, cooked, broiled, pan-fried or roasted, reduced sodium","Pork Products",6.84658101600,1564
"Beans, kidney, all types, mature seeds, cooked, boiled, without salt","Legumes and Legume Products",6.82677187200,1565
"Beans, kidney, all types, mature seeds, cooked, boiled, with salt","Legumes and Legume Products",6.82677187200,1565
"Beans, kidney, red, mature seeds, cooked, boiled, without salt","Legumes and Legume Products",6.82677187200,1565
"Beans, kidney, red, mature seeds, cooked, boiled, with salt","Legumes and Legume Products",6.82677187200,1565
"Squash, summer, zucchini, includes skin, frozen, unprepared","Vegetables and Vegetable Products",6.82352936400,1566
"Chives, freeze-dried","Vegetables and Vegetable Products",6.81672008000,1567
"Vitasoy USA, Vitasoy Organic Classic Original Soymilk","Legumes and Legume Products",6.80851072000,1568
"Chicken, stewing, meat and skin, raw","Poultry Products",6.80232559500,1569
"Broccoli, cooked, boiled, drained, with salt","Vegetables and Vegetable Products",6.80000010200,1570
"Broccoli, cooked, boiled, drained, without salt","Vegetables and Vegetable Products",6.80000010200,1570
"Veal, variety meats and by-products, brain, cooked, pan-fried","Lamb, Veal, and Game Products",6.79812252800,1571
"Beef, variety meats and by-products, tongue, cooked, simmered","Beef Products",6.79225398300,1572
"Lima beans, large, mature seeds, cooked, boiled, with salt","Legumes and Legume Products",6.78260856000,1573
"Lima beans, large, mature seeds, cooked, boiled, without salt","Legumes and Legume Products",6.78260856000,1573
"Peas, green, frozen, unprepared (Includes foods for USDA's Food Distribution Program)","Vegetables and Vegetable Products",6.77922078600,1574
"Squash, summer, zucchini, includes skin, frozen, cooked, boiled, drained, without salt","Vegetables and Vegetable Products",6.76470583500,1575
"Beef, ground, 80% lean meat / 20% fat, raw","Beef Products",6.75984273600,1576
"Refried beans, canned, fat-free","Legumes and Legume Products",6.75949375200,1577
"Beef, New Zealand, imported, variety meats and by-products, tongue, cooked, boiled","Beef Products",6.75645774700,1578
"Seaweed, wakame, raw","Vegetables and Vegetable Products",6.73333326600,1579
"Peas, edible-podded, frozen, cooked, boiled, drained, without salt","Vegetables and Vegetable Products",6.73076915000,1580
"Bacon bits, meatless","Legumes and Legume Products",6.72268800000,1581
"Lamb, Australian, ground,  85% lean / 15% fat, raw","Lamb, Veal, and Game Products",6.72156926600,1582
"Beans, black, mature seeds, cooked, boiled, without salt","Legumes and Legume Products",6.71212158800,1583
"Beans, black, mature seeds, cooked, boiled, with salt","Legumes and Legume Products",6.71212158800,1583
"Beans, kidney, red, mature seeds, canned, drained solids, rinsed in tap water","Legumes and Legume Products",6.71074395600,1584
"Lamb, New Zealand, imported, netted shoulder, rolled, boneless, separable lean and fat, raw","Lamb, Veal, and Game Products",6.70634926000,1585
"Peas, green, raw","Vegetables and Vegetable Products",6.69135801800,1586
"Mothbeans, mature seeds, raw","Legumes and Legume Products",6.68804688800,1587
"Mung beans, mature seeds, cooked, boiled, without salt","Legumes and Legume Products",6.68571462000,1588
"Mung beans, mature seeds, cooked, boiled, with salt","Legumes and Legume Products",6.68571462000,1588
"Beans, kidney, red, mature seeds, raw","Legumes and Legume Products",6.68545982700,1589
"Kale, cooked, boiled, drained, with salt","Vegetables and Vegetable Products",6.68181826200,1590
"Beef, variety meats and by-products, pancreas, raw","Beef Products",6.68085083000,1591
"Lentils, pink or red, raw","Legumes and Legume Products",6.67877073600,1592
"Mothbeans, mature seeds, cooked, boiled, without salt","Legumes and Legume Products",6.67521402900,1593
"Mothbeans, mature seeds, cooked, boiled, with salt","Legumes and Legume Products",6.67521402900,1593
"Beans, cranberry (roman), mature seeds, canned","Legumes and Legume Products",6.67469892200,1594
"Squash, summer, scallop, raw","Vegetables and Vegetable Products",6.66666672000,1595
"Peas, edible-podded, raw","Vegetables and Vegetable Products",6.66666672000,1595
"Peas, edible-podded, frozen, unprepared","Vegetables and Vegetable Products",6.66666672000,1595
"Cowpeas, common (blackeyes, crowder, southern), mature seeds, cooked, boiled, without salt","Legumes and Legume Products",6.66379337000,1596
"Cowpeas, common (blackeyes, crowder, southern), mature seeds, cooked, boiled, with salt","Legumes and Legume Products",6.66379337000,1596
"Beans, navy, mature seeds, canned","Legumes and Legume Products",6.66371717400,1597
"Turnips, frozen, cooked, boiled, drained, without salt","Vegetables and Vegetable Products",6.65217393300,1598
"Beef, variety meats and by-products, tongue, raw","Beef Products",6.65178614000,1599
"Chicken, broilers or fryers, back, meat and skin, cooked, fried, batter","Poultry Products",6.63746215600,1600
"Beans, black turtle, mature seeds, canned","Legumes and Legume Products",6.62637363300,1601
"Beans, black, mature seeds, canned, low sodium","Legumes and Legume Products",6.62637363300,1601
"Beans, navy, mature seeds, raw","Legumes and Legume Products",6.62611264700,1602
"Turkey, mechanically deboned, from turkey frames, raw","Poultry Products",6.61193979600,1603
"Peas, green, frozen, cooked, boiled, drained, without salt","Vegetables and Vegetable Products",6.60256419500,1604
"Peas, green, frozen, cooked, boiled, drained, with salt","Vegetables and Vegetable Products",6.60256419500,1604
"Vitasoy USA, Vitasoy Organic Creamy Original Soymilk","Legumes and Legume Products",6.59090917000,1605
"Mushrooms, shiitake, raw","Vegetables and Vegetable Products",6.58823536000,1606
"Peas, green (includes baby and lesuer types), canned, drained solids, unprepared","Vegetables and Vegetable Products",6.57352925400,1607
"Tomatoes, yellow, raw","Vegetables and Vegetable Products",6.53333336600,1608
"Soymilk (All flavors), enhanced","Legumes and Legume Products",6.53333326800,1609
"Arrowroot, raw","Vegetables and Vegetable Products",6.52307676000,1610
"Pork, cured, bacon, cooked, baked","Pork Products",6.52007471400,1611
"Turnips, frozen, unprepared","Vegetables and Vegetable Products",6.50000000000,1612
"Chicken breast tenders, breaded, cooked, microwaved","Poultry Products",6.48809529000,1613
"Cowpeas (blackeyes), immature seeds, frozen, cooked, boiled, drained, with salt","Vegetables and Vegetable Products",6.48091621200,1614
"Lamb, New Zealand, imported, loin chop, separable lean and fat, cooked, fast fried","Lamb, Veal, and Game Products",6.47590320000,1615
"Beans, great northern, mature seeds, canned","Legumes and Legume Products",6.46491241000,1616
"Beans, great northern, mature seeds, canned, low sodium","Legumes and Legume Products",6.46491241000,1616
"Cowpeas (blackeyes), immature seeds, frozen, unprepared","Vegetables and Vegetable Products",6.46043201000,1617
Miso,"Legumes and Legume Products",6.45959589500,1618
"Beans, great northern, mature seeds, raw (Includes foods for USDA's Food Distribution Program)","Legumes and Legume Products",6.44837865800,1619
"Beans, kidney, red, mature seeds, canned, solids and liquids","Legumes and Legume Products",6.44444443800,1620
"Beans, kidney, red, mature seeds, canned, solids and liquid, low sodium","Legumes and Legume Products",6.44444443800,1620
"Lamb, New Zealand, imported, tongue - swiss cut, cooked, soaked and simmered","Lamb, Veal, and Game Products",6.43750072100,1621
"Squash, summer, scallop, cooked, boiled, drained, without salt","Vegetables and Vegetable Products",6.43750000000,1622
"Squash, summer, scallop, cooked, boiled, drained, with salt","Vegetables and Vegetable Products",6.43750000000,1622
"Peas and carrots, frozen, cooked, boiled, drained, without salt","Vegetables and Vegetable Products",6.43749989700,1623
"Peas and carrots, frozen, cooked, boiled, drained, with salt","Vegetables and Vegetable Products",6.43749989700,1623
"Beans, kidney, red, mature seeds, canned, drained solids","Legumes and Legume Products",6.43548376800,1624
"Cowpeas (blackeyes), immature seeds, frozen, cooked, boiled, drained, without salt","Vegetables and Vegetable Products",6.43181854200,1625
"Peas and onions, canned, solids and liquids","Vegetables and Vegetable Products",6.43137250400,1626
"Wheat germ, crude","Cereal Grains and Pasta",6.43055607000,1627
"Lettuce, iceberg (includes crisphead types), raw","Vegetables and Vegetable Products",6.42857139000,1628
"Pork, fresh, ground, raw","Pork Products",6.41825032800,1629
"Peas and carrots, frozen, unprepared","Vegetables and Vegetable Products",6.41509450000,1630
"Beef, variety meats and by-products, brain, cooked, pan-fried","Beef Products",6.41326553700,1631
"Peas, green, canned, no salt added, drained solids","Vegetables and Vegetable Products",6.40579726800,1632
"SILK Plus Omega-3 DHA, soymilk","Legumes and Legume Products",6.39999993600,1633
"Peas, green, cooked, boiled, drained, with salt","Vegetables and Vegetable Products",6.38095243200,1634
"Peas, green, cooked, boiled, drained, without salt","Vegetables and Vegetable Products",6.38095243200,1634
"Lima beans, thin seeded (baby), mature seeds, cooked, boiled, without salt","Legumes and Legume Products",6.38095243200,1634
"Lima beans, thin seeded (baby), mature seeds, cooked, boiled, with salt","Legumes and Legume Products",6.38095243200,1634
"Beans, yellow, mature seeds, raw","Legumes and Legume Products",6.37681220000,1635
"Beans, white, mature seeds, canned","Legumes and Legume Products",6.36842118000,1636
"Refried beans, canned, vegetarian","Legumes and Legume Products",6.36144590400,1637
"Beans, yellow, mature seeds, cooked, boiled, without salt","Legumes and Legume Products",6.36111070400,1638
"Beans, yellow, mature seeds, cooked, boiled, with salt","Legumes and Legume Products",6.36111070400,1638
"Peas, green, split, mature seeds, raw","Legumes and Legume Products",6.35164893600,1639
"Lima beans, large, mature seeds, raw","Legumes and Legume Products",6.34911268000,1640
"Lamb, New Zealand, imported, tongue - swiss cut, raw","Lamb, Veal, and Game Products",6.34222158800,1641
"Taro, tahitian, raw","Vegetables and Vegetable Products",6.34090916700,1642
"Beans, black, mature seeds, raw","Legumes and Legume Products",6.33431016000,1643
"Lima beans, immature seeds, frozen, baby, cooked, boiled, drained, with salt","Vegetables and Vegetable Products",6.33333365000,1644
"Lima beans, immature seeds, frozen, baby, cooked, boiled, drained, without salt","Vegetables and Vegetable Products",6.33333365000,1644
"Salmon nuggets, cooked as purchased, unheated","Finfish and Shellfish Products",6.33333298500,1645
"Pigeon peas (red gram), mature seeds, raw","Legumes and Legume Products",6.32653084000,1646
"Beans, small white, mature seeds, cooked, boiled, without salt","Legumes and Legume Products",6.31690183800,1647
"Beans, small white, mature seeds, cooked, boiled, with salt","Legumes and Legume Products",6.31690183800,1647
"Beans, pinto, mature seeds, cooked, boiled, without salt","Legumes and Legume Products",6.30069930700,1648
"Beans, pinto, mature seeds, cooked, boiled, with salt","Legumes and Legume Products",6.30069930700,1648
"Kohlrabi, raw","Vegetables and Vegetable Products",6.29629629000,1649
"Beans, black turtle, mature seeds, cooked, boiled, without salt","Legumes and Legume Products",6.29230794400,1650
"Beans, black turtle, mature seeds, cooked, boiled, with salt","Legumes and Legume Products",6.29230794400,1650
"Beef, carcass, separable lean and fat, select, raw","Beef Products",6.28776925600,1651
"Beans, small white, mature seeds, raw","Legumes and Legume Products",6.28273709000,1652
"Squab, (pigeon), meat and skin, raw","Poultry Products",6.28231376700,1653
"Beans, black turtle, mature seeds, raw","Legumes and Legume Products",6.26843762500,1654
"Mushrooms, maitake, raw","Vegetables and Vegetable Products",6.25806461000,1655
"Lima beans, large, mature seeds, canned","Legumes and Legume Products",6.24050640400,1656
"Sweet potato leaves, cooked, steamed, without salt","Vegetables and Vegetable Products",6.22857152200,1657
"Sweet potato leaves, cooked, steamed, with salt","Vegetables and Vegetable Products",6.22857152200,1657
"Radicchio, raw","Vegetables and Vegetable Products",6.21739132300,1658
"Lamb, variety meats and by-products, brain, cooked, pan-fried","Lamb, Veal, and Game Products",6.21611778800,1659
"Beans, kidney, all types, mature seeds, canned","Legumes and Legume Products",6.21428576400,1660
"Kohlrabi, cooked, boiled, drained, without salt","Vegetables and Vegetable Products",6.20689662000,1661
"Kohlrabi, cooked, boiled, drained, with salt","Vegetables and Vegetable Products",6.20689662000,1661
"Lamb, New Zealand, imported, square-cut shoulder chops, separable lean and fat, raw","Lamb, Veal, and Game Products",6.18909152800,1662
"Grape leaves, canned","Vegetables and Vegetable Products",6.18840595800,1663
"Peas, green, canned, seasoned, solids and liquids","Vegetables and Vegetable Products",6.18000000000,1664
"Beans, pinto, mature seeds, raw (Includes foods for USDA's Food Distribution Program)","Legumes and Legume Products",6.17290984800,1665
"Cowpeas, common (blackeyes, crowder, southern), mature seeds, canned, plain","Legumes and Legume Products",6.15584416200,1666
"Lima beans, thin seeded (baby), mature seeds, raw","Legumes and Legume Products",6.15522465000,1667
"Pepper, banana, raw","Vegetables and Vegetable Products",6.14814814200,1668
"Chicken, broilers or fryers, wing, meat and skin, cooked, fried, batter","Poultry Products",6.13271654000,1669
"Beans, pinto, canned, drained solids","Legumes and Legume Products",6.13157907000,1670
"Pork, cured, shoulder, blade roll, separable lean and fat, unheated","Pork Products",6.12267638400,1671
"Beef, Australian, imported, Wagyu, loin, top loin steak/roast, boneless, separable lean and fat, Aust. marble score 4/5, raw","Beef Products",6.11418753600,1672
"Beans, pink, mature seeds, raw","Legumes and Legume Products",6.11078739200,1673
"Peas, green, canned, drained solids, rinsed in tap water","Vegetables and Vegetable Products",6.09859153100,1674
"Beans, pink, mature seeds, cooked, boiled, with salt","Legumes and Legume Products",6.08053655400,1675
"Beans, pink, mature seeds, cooked, boiled, without salt","Legumes and Legume Products",6.08053655400,1675
"Lamb, New Zealand, imported, loin saddle, separable lean and fat, raw","Lamb, Veal, and Game Products",6.06593462400,1676
"Fish, mackerel, salted","Finfish and Shellfish Products",6.06557465000,1677
"Dandelion greens, cooked, boiled, drained, without salt","Vegetables and Vegetable Products",6.06060600000,1678
"Dandelion greens, cooked, boiled, drained, with salt","Vegetables and Vegetable Products",6.06060600000,1678
"Pork, fresh, loin, country-style ribs, separable lean and fat, bone-in, cooked, roasted","Pork Products",6.05849512500,1679
"Poultry, mechanically deboned, from mature hens, raw","Poultry Products",6.05761267200,1680
"Soymilk, original and vanilla, unfortified","Legumes and Legume Products",6.05555571300,1681
"Lima beans, immature seeds, raw","Vegetables and Vegetable Products",6.05309767200,1682
"Soymilk, original and vanilla, with added calcium, vitamins A and D","Legumes and Legume Products",6.04651164000,1683
"Lamb, New Zealand, imported, frozen, composite of trimmed retail cuts, separable lean and fat, raw","Lamb, Veal, and Game Products",6.04332079200,1684
"Beans, adzuki, mature seeds, raw","Legumes and Legume Products",6.03951431800,1685
"Lima beans, immature seeds, frozen, fordhook, unprepared","Vegetables and Vegetable Products",6.03773568000,1686
"SILK Vanilla, soymilk","Legumes and Legume Products",6.02439026800,1687
"SILK Plus for Bone Health, soymilk","Legumes and Legume Products",6.02439026800,1687
"SILK Plus Fiber, soymilk","Legumes and Legume Products",6.02439026800,1687
"Grape leaves, raw","Vegetables and Vegetable Products",6.02150528000,1688
"Pork, cured, shoulder, blade roll, separable lean and fat, roasted","Pork Products",6.02090668800,1689
"Peas, green, canned, no salt added, solids and liquids","Vegetables and Vegetable Products",6.01886807500,1690
"Beans, pinto, mature seeds, canned, drained solids, rinsed in tap water","Legumes and Legume Products",6.01709433600,1691
"Chicken, broilers or fryers, neck, meat and skin, cooked, fried, batter","Poultry Products",6.00606054600,1692
"Seaweed, Canadian Cultivated EMI-TSUNOMATA, rehydrated","Vegetables and Vegetable Products",6.00000009000,1693
"Gourd, dishcloth (towelgourd), raw","Vegetables and Vegetable Products",6.00000000000,1694
"Dandelion greens, raw","Vegetables and Vegetable Products",5.99999994000,1695
"Beans, snap, green, frozen, all styles, microwaved","Vegetables and Vegetable Products",5.99999994000,1695
"Pork, ground, 72% lean / 28% fat, cooked, pan-broiled","Pork Products",5.99204268000,1696
"Salmon nuggets, breaded, frozen, heated","Finfish and Shellfish Products",5.98584888900,1697
"Yardlong bean, raw","Vegetables and Vegetable Products",5.95744688000,1698
"Beef, carcass, separable lean and fat, choice, raw","Beef Products",5.95188983200,1699
"Chili with beans, canned","Legumes and Legume Products",5.94174765600,1700
"Lamb, New Zealand, imported, square-cut shoulder, separable lean and fat, raw","Lamb, Veal, and Game Products",5.94117713600,1701
"Peppers, sweet, red, frozen, chopped, boiled, drained, without salt","Vegetables and Vegetable Products",5.93750000000,1702
"Peppers, sweet, red, frozen, chopped, boiled, drained, with salt","Vegetables and Vegetable Products",5.93750000000,1702
"Peppers, sweet, green, frozen, chopped, cooked, boiled, drained, with salt","Vegetables and Vegetable Products",5.93750000000,1702
"Turkey, skin, from retail parts, from dark meat, cooked, roasted","Poultry Products",5.93719822200,1703
"Sweet potato leaves, raw","Vegetables and Vegetable Products",5.92857147600,1704
"Seaweed, Canadian Cultivated EMI-TSUNOMATA, dry","Vegetables and Vegetable Products",5.92278013600,1705
"Beans, snap, green, raw","Vegetables and Vegetable Products",5.90322589500,1706
"Hyacinth-beans, immature seeds, cooked, boiled, drained, with salt","Vegetables and Vegetable Products",5.90000000000,1707
"Cucumber, peeled, raw","Vegetables and Vegetable Products",5.90000000000,1707
"Hyacinth-beans, immature seeds, cooked, boiled, drained, without salt","Vegetables and Vegetable Products",5.90000000000,1707
"Lima beans, immature seeds, frozen, fordhook, cooked, boiled, drained, with salt","Vegetables and Vegetable Products",5.89320396600,1708
"Lima beans, immature seeds, frozen, fordhook, cooked, boiled, drained, without salt","Vegetables and Vegetable Products",5.89320396600,1708
"Balsam-pear (bitter gourd), pods, raw","Vegetables and Vegetable Products",5.88235290000,1709
"Beans, navy, mature seeds, cooked, boiled, without salt","Legumes and Legume Products",5.87857131100,1710
"Beans, navy, mature seeds, cooked, boiled, with salt","Legumes and Legume Products",5.87857131100,1710
"Pork, cured, ham and water product, shank, bone-in, separable lean and fat, unheated","Pork Products",5.87654272800,1711
"Beans, adzuki, mature seeds, cooked, boiled, without salt","Legumes and Legume Products",5.87500000000,1712
"Beans, adzuki, mature seed, cooked, boiled, with salt","Legumes and Legume Products",5.87500000000,1712
"Lamb, ground, raw","Lamb, Veal, and Game Products",5.87233994400,1713
"Beans, snap, yellow, raw","Vegetables and Vegetable Products",5.87096783000,1714
"Beans, shellie, canned, solids and liquids","Vegetables and Vegetable Products",5.86666660800,1715
"Okra, raw","Vegetables and Vegetable Products",5.84848479000,1716
"Spaghetti, protein-fortified, dry, enriched (n x 6.25)","Cereal Grains and Pasta",5.82352986600,1717
"Pork, ground, 72% lean / 28% fat, cooked, crumbles","Pork Products",5.80915970700,1718
"Drumstick pods, cooked, boiled, drained, with salt","Vegetables and Vegetable Products",5.80555560200,1719
"Drumstick pods, cooked, boiled, drained, without salt","Vegetables and Vegetable Products",5.80555560200,1719
"Pork, fresh, spareribs, separable lean and fat, cooked, roasted","Pork Products",5.78670338700,1720
"Chickpea flour (besan)","Legumes and Legume Products",5.78552898100,1721
"Beans, pinto, immature seeds, frozen, unprepared","Vegetables and Vegetable Products",5.76470594000,1722
"Arrowhead, cooked, boiled, drained, with salt","Vegetables and Vegetable Products",5.75641033700,1723
"Arrowhead, cooked, boiled, drained, without salt","Vegetables and Vegetable Products",5.75641033700,1723
"Lima beans, immature seeds, frozen, baby, unprepared","Vegetables and Vegetable Products",5.75000032200,1724
"Beans, snap, yellow, canned, regular pack, drained solids","Vegetables and Vegetable Products",5.75000000000,1725
"Beans, snap, yellow, canned, no salt added, drained solids","Vegetables and Vegetable Products",5.75000000000,1725
"Beans, pinto, immature seeds, frozen, cooked, boiled, drained, with salt","Vegetables and Vegetable Products",5.74691404000,1726
"Beans, pinto, immature seeds, frozen, cooked, boiled, drained, without salt","Vegetables and Vegetable Products",5.74691404000,1726
"Lima beans, immature seeds, canned, regular pack, solids and liquids","Vegetables and Vegetable Products",5.73239434900,1727
"Lima beans, immature seeds, canned, no salt added, solids and liquids","Vegetables and Vegetable Products",5.73239434900,1727
"Onions, spring or scallions (includes tops and bulb), raw","Vegetables and Vegetable Products",5.71875000000,1728
"Peas and carrots, canned, regular pack, solids and liquids","Vegetables and Vegetable Products",5.71052621300,1729
"Peas and carrots, canned, no salt added, solids and liquids","Vegetables and Vegetable Products",5.71052621300,1729
"Peppers, sweet, red, freeze-dried","Vegetables and Vegetable Products",5.70063627000,1730
"Turnip greens, cooked, boiled, drained, with salt","Vegetables and Vegetable Products",5.70000000000,1731
"Turnip greens, cooked, boiled, drained, without salt","Vegetables and Vegetable Products",5.70000000000,1731
"Peas and onions, frozen, unprepared","Vegetables and Vegetable Products",5.68571417200,1732
"Drumstick pods, raw","Vegetables and Vegetable Products",5.67567567000,1733
"Artichokes, (globe or french), cooked, boiled, drained, with salt","Vegetables and Vegetable Products",5.66666662700,1734
"Peas and onions, frozen, cooked, boiled, drained, without salt","Vegetables and Vegetable Products",5.64444438800,1735
"Peas and onions, frozen, cooked, boiled, drained, with salt","Vegetables and Vegetable Products",5.64444438800,1735
"Duck, domesticated, meat and skin, cooked, roasted","Poultry Products",5.63501474100,1736
"Okra, frozen, unprepared","Vegetables and Vegetable Products",5.63333327700,1737
"Okra, frozen, cooked, boiled, drained, without salt","Vegetables and Vegetable Products",5.62068971700,1738
"Okra, frozen, cooked, boiled, drained, with salt","Vegetables and Vegetable Products",5.62068971700,1738
"Soymilk, chocolate, nonfat, with added calcium, vitamins A and D","Legumes and Legume Products",5.61363643100,1739
"Beans, pinto, mature seeds, canned, solids and liquids","Legumes and Legume Products",5.60975612000,1740
"Beans, pinto, mature seeds, canned, solids and liquids, low sodium","Legumes and Legume Products",5.60975612000,1740
"Chicken breast tenders, breaded, uncooked","Poultry Products",5.60075991300,1741
"Refried beans, canned, traditional, reduced sodium","Legumes and Legume Products",5.59550559000,1742
"Chickpeas (garbanzo beans, bengal gram), mature seeds, canned, solids and liquids","Legumes and Legume Products",5.59090891200,1743
"Chickpeas (garbanzo beans, bengal gram), mature seeds, canned, solids and liquids, low sodium","Legumes and Legume Products",5.59090891200,1743
"Onions, welsh, raw","Vegetables and Vegetable Products",5.58823535000,1744
"Pigeon peas (red gram), mature seeds, cooked, boiled, without salt","Legumes and Legume Products",5.58677698800,1745
"Pigeon peas (red gram), mature seeds, cooked, boiled, with salt","Legumes and Legume Products",5.58677698800,1745
"Pork, fresh, spareribs, separable lean and fat, raw","Pork Products",5.58483707600,1746
"Lima beans, immature seeds, cooked, boiled, drained, without salt","Vegetables and Vegetable Products",5.53658516100,1747
"Lima beans, immature seeds, cooked, boiled, drained, with salt","Vegetables and Vegetable Products",5.53658516100,1747
"Refried beans, canned, traditional style","Legumes and Legume Products",5.53333327800,1748
"Cabbage, common, cooked, boiled, drained, with salt","Vegetables and Vegetable Products",5.52173914700,1749
"Cabbage, cooked, boiled, drained, without salt","Vegetables and Vegetable Products",5.52173914700,1749
"Beans, french, mature seeds, raw","Legumes and Legume Products",5.48396521200,1750
"Beans, baked, canned, with pork and tomato sauce","Legumes and Legume Products",5.47872347000,1751
"Squash, summer, crookneck and straightneck, cooked, boiled, drained, without salt","Vegetables and Vegetable Products",5.47368421600,1752
"Squash, summer, crookneck and straightneck, cooked, boiled, drained, with salt","Vegetables and Vegetable Products",5.47368421600,1752
"Tomatoes, sun-dried","Vegetables and Vegetable Products",5.46899225900,1753
"Beans, french, mature seeds, cooked, boiled, without salt","Legumes and Legume Products",5.46511629000,1754
"Beans, french, mature seeds, cooked, boiled, with salt","Legumes and Legume Products",5.46511629000,1754
"Beans, snap, yellow, frozen, all styles, unprepared","Vegetables and Vegetable Products",5.45454540000,1755
"Artichokes, (globe or french), cooked, boiled, drained, without salt","Vegetables and Vegetable Products",5.45283032500,1756
"Lamb, New Zealand, imported, flap, boneless, separable lean and fat, cooked, braised","Lamb, Veal, and Game Products",5.44680755200,1757
"Peppers, serrano, raw","Vegetables and Vegetable Products",5.43750000000,1758
"Sesbania flower, cooked, steamed, with salt","Vegetables and Vegetable Products",5.42857147200,1759
"Beans, snap, green, frozen, all styles, unprepared (Includes foods for USDA's Food Distribution Program)","Vegetables and Vegetable Products",5.42424237000,1760
"Beef, variety meats and by-products, mechanically separated beef, raw","Beef Products",5.42391243600,1761
"Lamb, variety meats and by-products, mechanically separated, raw","Lamb, Veal, and Game Products",5.42391243600,1761
"Fish, herring, Atlantic, pickled","Finfish and Shellfish Products",5.41603068600,1762
"Chickpeas (garbanzo beans, bengal gram), mature seeds, raw","Legumes and Legume Products",5.41534464100,1763
"Spaghetti, protein-fortified, cooked, enriched (n x 6.25)","Cereal Grains and Pasta",5.40243904600,1764
"Chickpeas (garbanzo beans, bengal gram), mature seeds, cooked, boiled, without salt","Legumes and Legume Products",5.40243904600,1764
"Chickpeas (garbanzo beans, bengal gram), mature seeds, cooked, boiled, with salt","Legumes and Legume Products",5.40243904600,1764
"Beans, snap, green, cooked, boiled, drained, without salt","Vegetables and Vegetable Products",5.40000008100,1765
"Beans, snap, green, cooked, boiled, drained, with salt","Vegetables and Vegetable Products",5.40000008100,1765
"Beans, snap, yellow, cooked, boiled, drained, without salt","Vegetables and Vegetable Products",5.40000008100,1765
"Beans, snap, yellow, cooked, boiled, drained, with salt","Vegetables and Vegetable Products",5.40000008100,1765
"Peppers, sweet, red, frozen, chopped, unprepared","Vegetables and Vegetable Products",5.40000000000,1766
"Peppers, sweet, green, frozen, chopped, unprepared","Vegetables and Vegetable Products",5.40000000000,1766
"Beef, Australian, imported, Wagyu, rib, small end rib steak/roast, boneless, separable lean and fat, Aust. marble score 4/5, raw","Beef Products",5.38485781800,1767
"Arrowhead, raw","Vegetables and Vegetable Products",5.38383833000,1768
"Yardlong bean, cooked, boiled, drained, without salt","Vegetables and Vegetable Products",5.38297878800,1769
"Yardlong bean, cooked, boiled, drained, with salt","Vegetables and Vegetable Products",5.38297878800,1769
"Beef, ground, 75% lean meat / 25% fat, raw","Beef Products",5.37883914400,1770
"Pigeonpeas, immature seeds, cooked, boiled, drained, without salt","Vegetables and Vegetable Products",5.36936936400,1771
"Pigeonpeas, immature seeds, cooked, boiled, drained, with salt","Vegetables and Vegetable Products",5.36936936400,1771
"Sandwich spread, meatless","Legumes and Legume Products",5.36912720000,1772
"Pork, fresh, variety meats and by-products, chitterlings, cooked, simmered","Pork Products",5.36051440500,1773
"Beef, sandwich steaks, flaked, chopped, formed and thinly sliced, raw","Beef Products",5.33980590000,1774
"Beef, Australian, imported, Wagyu, rib, small end rib steak/roast, boneless, separable lean only, Aust. marble score 9, raw","Beef Products",5.33636358300,1775
"Beans, snap, green, canned, no salt added, solids and liquids","Vegetables and Vegetable Products",5.33333336000,1776
"Beans, snap, yellow, canned, regular pack, solids and liquids","Vegetables and Vegetable Products",5.33333336000,1776
"Beans, snap, yellow, canned, no salt added, solids and liquids","Vegetables and Vegetable Products",5.33333336000,1776
"Cabbage, japanese style, fresh, pickled","Vegetables and Vegetable Products",5.33333328000,1777
"Vitasoy USA, Vitasoy Light Vanilla Soymilk","Legumes and Legume Products",5.33333328000,1777
"Beans, snap, green, frozen, cooked, boiled, drained, with salt","Vegetables and Vegetable Products",5.32142861400,1778
"Beans, snap, yellow, frozen, cooked, boiled, drained, without salt","Vegetables and Vegetable Products",5.32142861400,1778
"Beans, snap, yellow, frozen, cooked, boiled, drained, with salt","Vegetables and Vegetable Products",5.32142861400,1778
"Beans, snap, green, frozen, cooked, boiled, drained without salt","Vegetables and Vegetable Products",5.32142861400,1778
"Squash, summer, crookneck and straightneck, raw","Vegetables and Vegetable Products",5.31578947900,1779
"Chicory, witloof, raw","Vegetables and Vegetable Products",5.29411761000,1780
"Pigeonpeas, immature seeds, raw","Vegetables and Vegetable Products",5.29411752000,1781
"Vegetables, mixed, canned, drained solids","Vegetables and Vegetable Products",5.28571421700,1782
"Peppers, sweet, green, frozen, chopped, boiled, drained, without salt","Vegetables and Vegetable Products",5.27777782000,1783
"Tomatoes, red, ripe, cooked","Vegetables and Vegetable Products",5.27777782000,1783
"Tomatoes, red, ripe, cooked, with salt","Vegetables and Vegetable Products",5.27777782000,1783
"Beans, baked, canned, with beef","Legumes and Legume Products",5.27272739400,1784
"Tomato products, canned, paste, without salt added (Includes foods for USDA's Food Distribution Program)","Vegetables and Vegetable Products",5.26829270400,1785
"Tomatoes, green, raw","Vegetables and Vegetable Products",5.21739132000,1786
"Turkey, whole, skin (light and dark), roasted","Poultry Products",5.21568570600,1787
"Taro shoots, cooked, without salt","Vegetables and Vegetable Products",5.21428568300,1788
"Taro, shoots, cooked, with salt","Vegetables and Vegetable Products",5.21428568300,1788
"Cabbage, red, cooked, boiled, drained, with salt","Vegetables and Vegetable Products",5.20689660900,1789
"Cabbage, red, cooked, boiled, drained, without salt","Vegetables and Vegetable Products",5.20689660900,1789
"Peas, green, canned, regular pack, solids and liquids","Vegetables and Vegetable Products",5.18965507900,1790
"Beans, snap, canned, all styles, seasoned, solids and liquids","Vegetables and Vegetable Products",5.18750000000,1791
"Sesbania flower, cooked, steamed, without salt","Vegetables and Vegetable Products",5.18181813000,1792
"Broccoli, chinese, cooked","Vegetables and Vegetable Products",5.18181813000,1792
"Chicken patty, frozen, cooked","Poultry Products",5.17421668500,1793
"Lamb, New Zealand, imported, loin chop, separable lean and fat, raw","Lamb, Veal, and Game Products",5.16778570000,1794
"Beef, variety meats and by-products, thymus, raw","Beef Products",5.16101678400,1795
"Beans, chili, barbecue, ranch style, cooked","Legumes and Legume Products",5.15463900000,1796
"Tomatoes, crushed, canned","Vegetables and Vegetable Products",5.12500000000,1797
"Squash, summer, crookneck and straightneck, frozen, cooked, boiled, drained, without salt","Vegetables and Vegetable Products",5.12000000000,1798
"Cabbage, raw","Vegetables and Vegetable Products",5.12000000000,1798
"Squash, summer, crookneck and straightneck, frozen, cooked, boiled, drained, with salt","Vegetables and Vegetable Products",5.12000000000,1798
"Beef, Australian, imported, Wagyu, loin, top loin steak/roast, boneless, separable lean only, Aust. marble score 9, raw","Beef Products",5.11178241600,1799
"Noodles, japanese, soba, cooked","Cereal Grains and Pasta",5.11111106000,1800
"Chickpeas (garbanzo beans, bengal gram), mature seeds, canned, drained, rinsed in tap water","Legumes and Legume Products",5.10144940800,1801
"Beans, snap, green, canned, no salt added, drained solids","Vegetables and Vegetable Products",5.09090904000,1802
"Turkey sticks, breaded, battered, fried","Poultry Products",5.08960518000,1803
"Succotash, (corn and limas), raw","Vegetables and Vegetable Products",5.08080803000,1804
"Chickpeas (garbanzo beans, bengal gram), mature seeds, canned, drained solids","Legumes and Legume Products",5.07194272500,1805
"Beans, baked, canned, plain or vegetarian","Legumes and Legume Products",5.05319155000,1806
"Cabbage, common (danish, domestic, and pointed types), freshly harvest, raw","Vegetables and Vegetable Products",5.04166670700,1807
"Cabbage, common (danish, domestic, and pointed types), stored, raw","Vegetables and Vegetable Products",5.04166670700,1807
"Tomato sauce, canned, no salt added","Vegetables and Vegetable Products",5.00000004000,1808
"Beans, snap, green, canned, regular pack, drained solids","Vegetables and Vegetable Products",5.00000004000,1808
"Tomato products, canned, sauce","Vegetables and Vegetable Products",5.00000004000,1808
"Squash, winter, hubbard, raw","Vegetables and Vegetable Products",5.00000000000,1809
"Peppers, hot chili, green, raw","Vegetables and Vegetable Products",5.00000000000,1809
"Tomato juice, canned, with salt added","Vegetables and Vegetable Products",4.99999996500,1810
"Tomato juice, canned, without salt added","Vegetables and Vegetable Products",4.99999996500,1810
"Peanut butter, smooth, reduced fat","Legumes and Legume Products",4.98076943000,1811
"Squash, winter, hubbard, baked, without salt","Vegetables and Vegetable Products",4.96000000000,1812
"Squash, winter, hubbard, baked, with salt","Vegetables and Vegetable Products",4.96000000000,1812
"Pork, fresh, variety meats and by-products, mechanically separated, raw","Pork Products",4.94407942200,1813
"Tomatoes, red, ripe, canned, packed in tomato juice","Vegetables and Vegetable Products",4.93750000000,1814
"Tomatoes, red, ripe, canned, packed in tomato juice, no salt added","Vegetables and Vegetable Products",4.93750000000,1814
"Squash, winter, hubbard, cooked, boiled, mashed, without salt","Vegetables and Vegetable Products",4.93333328400,1815
"Squash, winter, hubbard, cooked, boiled, mashed, with salt","Vegetables and Vegetable Products",4.93333328400,1815
"Celery, raw","Vegetables and Vegetable Products",4.92857139900,1816
"Turkey, skin from whole, (light and dark), with added solution, roasted","Poultry Products",4.91130842500,1817
"Chicken patty, frozen, uncooked","Poultry Products",4.90753491400,1818
"Beans, baked, canned, with pork","Legumes and Legume Products",4.89622627800,1819
"Rye flour, dark","Cereal Grains and Pasta",4.89538449300,1820
"Tomatoes, red, ripe, raw, year round average","Vegetables and Vegetable Products",4.88888892800,1821
"Peanuts, spanish, oil-roasted, with salt","Legumes and Legume Products",4.83765191600,1822
"Peanuts, spanish, oil-roasted, without salt","Legumes and Legume Products",4.83765191600,1822
"Chicken, skin (drumsticks and thighs), with added solution, cooked, roasted","Poultry Products",4.82422820700,1823
"Beans, snap, green, canned, regular pack, solids and liquids","Vegetables and Vegetable Products",4.80000002400,1824
"Lamb, New Zealand, imported, flap, boneless, separable lean and fat, raw","Lamb, Veal, and Game Products",4.79821950300,1825
"Sauerkraut, canned, solids and liquids","Vegetables and Vegetable Products",4.78947368900,1826
"Vegetable juice cocktail, low sodium, canned","Vegetables and Vegetable Products",4.78947368900,1826
"Pimento, canned","Vegetables and Vegetable Products",4.78260871000,1827
"Vegetables, mixed, frozen, cooked, boiled, drained, with salt","Vegetables and Vegetable Products",4.76666676200,1828
"Beans, baked, canned, with franks","Legumes and Legume Products",4.75352145000,1829
"Sesbania flower, raw","Vegetables and Vegetable Products",4.74074073600,1830
"Chicken, broilers or fryers, neck, meat and skin, raw","Poultry Products",4.73737322100,1831
"Leeks, (bulb and lower-leaf portion), freeze-dried","Vegetables and Vegetable Products",4.73520280000,1832
"Celtuce, raw","Vegetables and Vegetable Products",4.72222226000,1833
"Pork, fresh, variety meats and by-products, tail, raw","Pork Products",4.69576782500,1834
"Squash, summer, crookneck and straightneck, canned, drained, solid, without salt","Vegetables and Vegetable Products",4.69230769700,1835
"Turnip greens, raw","Vegetables and Vegetable Products",4.68750000000,1836
"Wheat, hard red spring","Cereal Grains and Pasta",4.68085156000,1837
"Peanuts, all types, oil-roasted, with salt","Legumes and Legume Products",4.67946554700,1838
"Peanuts, all types, oil-roasted, without salt","Legumes and Legume Products",4.67946554700,1838
"Peppers, hot chili, red, raw","Vegetables and Vegetable Products",4.67500000000,1839
"SILK Very Vanilla, soymilk","Legumes and Legume Products",4.66037747500,1840
"SILK Chai, soymilk","Legumes and Legume Products",4.66037747500,1840
"Mushrooms, Chanterelle, raw","Vegetables and Vegetable Products",4.65625000000,1841
"Succotash, (corn and limas), frozen, unprepared","Vegetables and Vegetable Products",4.63440852800,1842
"Succotash, (corn and limas), frozen, cooked, boiled, drained, without salt","Vegetables and Vegetable Products",4.63440852800,1842
"Succotash, (corn and limas), frozen, cooked, boiled, drained, with salt","Vegetables and Vegetable Products",4.63440852800,1842
Okara,"Legumes and Legume Products",4.63157904000,1843
"Vegetables, mixed, frozen, unprepared","Vegetables and Vegetable Products",4.62500003700,1844
"Gourd, white-flowered (calabash), cooked, boiled, drained, with salt","Vegetables and Vegetable Products",4.61538462000,1845
"Broccoli, chinese, raw","Vegetables and Vegetable Products",4.61538456000,1846
"Cabbage, red, raw","Vegetables and Vegetable Products",4.61290329500,1847
"Celery, cooked, boiled, drained, with salt","Vegetables and Vegetable Products",4.61111114800,1848
"Celery, cooked, boiled, drained, without salt","Vegetables and Vegetable Products",4.61111114800,1848
"Tomatoes, red, ripe, canned, with green chilies","Vegetables and Vegetable Products",4.60000002300,1849
"Peanuts, valencia, oil-roasted, with salt","Legumes and Legume Products",4.59083227200,1850
"Peanuts, valencia, oil-roasted, without salt","Legumes and Legume Products",4.59083227200,1850
"Peanuts, spanish, raw","Legumes and Legume Products",4.58771939000,1851
"Spinach souffle","Vegetables and Vegetable Products",4.58720891700,1852
"Beef, New Zealand, imported, brisket navel end, separable lean and fat, raw","Beef Products",4.58260913100,1853
"Beef, rib, shortribs, separable lean and fat, choice, cooked, braised","Beef Products",4.57961729400,1854
"Fireweed, leaves, raw","Vegetables and Vegetable Products",4.57281559800,1855
"Beans, baked, canned, no salt added","Legumes and Legume Products",4.57142880000,1856
"Succotash, (corn and limas), cooked, boiled, drained, with salt","Vegetables and Vegetable Products",4.56756756300,1857
"Hyacinth-beans, immature seeds, raw","Vegetables and Vegetable Products",4.56521730000,1858
"Peanuts, all types, raw","Legumes and Legume Products",4.55026344000,1859
"Squash, summer, all varieties, cooked, boiled, drained, with salt","Vegetables and Vegetable Products",4.55000000000,1860
"Squash, summer, all varieties, cooked, boiled, drained, without salt","Vegetables and Vegetable Products",4.55000000000,1860
"Chicken, broilers or fryers, skin only, cooked, roasted","Poultry Products",4.48458114800,1861
"Peanuts, virginia, oil-roasted, without salt","Legumes and Legume Products",4.47577904800,1862
"Peanuts, virginia, oil-roasted, with salt","Legumes and Legume Products",4.47577904800,1862
"Peanuts, virginia, raw","Legumes and Legume Products",4.47424528100,1863
"Onions, canned, solids and liquids","Vegetables and Vegetable Products",4.47368421500,1864
"Soymilk, chocolate and other flavors, light, with added calcium, vitamins A and D","Legumes and Legume Products",4.46808516000,1865
"Beef, New Zealand, imported, brisket navel end, separable lean and fat, cooked, braised","Beef Products",4.44591708400,1866
"Peppers, sweet, red, canned, solids and liquids","Vegetables and Vegetable Products",4.44444448000,1867
"Peppers, sweet, green, canned, solids and liquids","Vegetables and Vegetable Products",4.44444448000,1867
"Potatoes, raw, skin","Vegetables and Vegetable Products",4.43103440300,1868
"Gourd, white-flowered (calabash), raw","Vegetables and Vegetable Products",4.42857140200,1869
"Balsam-pear (bitter gourd), pods, cooked, boiled, drained, without salt","Vegetables and Vegetable Products",4.42105263600,1870
"Balsam-pear (bitter gourd), pods, cooked, boiled, drained, with salt","Vegetables and Vegetable Products",4.42105263600,1870
"Succotash, (corn and limas), cooked, boiled, drained, without salt","Vegetables and Vegetable Products",4.40869556400,1871
"Mollusks, oyster, eastern, cooked, breaded and fried","Finfish and Shellfish Products",4.40703550200,1872
"Chicken, broilers or fryers, back, meat and skin, raw","Poultry Products",4.40438838000,1873
"Wasabi, root, raw","Vegetables and Vegetable Products",4.40366976000,1874
"Peanuts, valencia, raw","Legumes and Legume Products",4.40175447400,1875
"Vegetables, mixed, frozen, cooked, boiled, drained, without salt","Vegetables and Vegetable Products",4.39999989000,1876
"Peanut butter, chunky, vitamin and mineral fortified","Legumes and Legume Products",4.39460464600,1877
"Tomato products, canned, sauce, spanish style","Vegetables and Vegetable Products",4.36363632000,1878
"Peanut butter, smooth, vitamin and mineral fortified","Legumes and Legume Products",4.35194488400,1879
"Chicken, broilers or fryers, rotisserie, original seasoning, skin only, cooked","Poultry Products",4.34975336400,1880
"Tomato products, canned, puree, without salt added","Vegetables and Vegetable Products",4.34210518500,1881
"Tomato products, canned, puree, with salt added","Vegetables and Vegetable Products",4.34210518500,1881
"Oats (Includes foods for USDA's Food Distribution Program)","Cereal Grains and Pasta",4.34190216600,1882
"Cucumber, with peel, raw","Vegetables and Vegetable Products",4.33333335500,1883
"Spelt, cooked","Cereal Grains and Pasta",4.33070880000,1884
"Wheat, KAMUT khorasan, cooked","Cereal Grains and Pasta",4.32575781800,1885
"Beef, ground, 70% lean meat / 30% fat, raw","Beef Products",4.32228888000,1886
"Chayote, fruit, raw","Vegetables and Vegetable Products",4.31578947800,1887
"Wheat, KAMUT khorasan, uncooked","Cereal Grains and Pasta",4.31453998600,1888
"Spelt, uncooked","Cereal Grains and Pasta",4.31065106000,1889
"Beans, baked, canned, with pork and sweet sauce","Legumes and Legume Products",4.30476212000,1890
"Peppers, sweet, green, raw","Vegetables and Vegetable Products",4.30000000000,1891
"Pork, fresh, variety meats and by-products, tail, cooked, simmered","Pork Products",4.29293010000,1892
"Peppers, hot chili, red, canned, excluding seeds, solids and liquids","Vegetables and Vegetable Products",4.28571432000,1893
"Peppers, hot chili, green, canned, pods, excluding seeds, solids and liquids","Vegetables and Vegetable Products",4.28571432000,1893
"Noodles, japanese, soba, dry","Cereal Grains and Pasta",4.27976122000,1894
"Goose, domesticated, meat and skin, raw","Poultry Products",4.27493294800,1895
"Tomato powder","Vegetables and Vegetable Products",4.27483407800,1896
"Garlic, raw","Vegetables and Vegetable Products",4.26845612400,1897
"Radishes, raw","Vegetables and Vegetable Products",4.25000000000,1898
"Peanuts, all types, cooked, boiled, with salt","Legumes and Legume Products",4.24528290000,1899
"Wheat flour, white (industrial), 15% protein, bleached, enriched","Cereal Grains and Pasta",4.23480672300,1900
"Wheat flour, white (industrial), 15% protein, bleached, unenriched","Cereal Grains and Pasta",4.23480672300,1900
"Vegetable juice cocktail, canned","Vegetables and Vegetable Products",4.22727268500,1901
"Rice bran, crude","Cereal Grains and Pasta",4.22468359500,1902
"Peppers, ancho, dried","Vegetables and Vegetable Products",4.22064073400,1903
"SILK Light Chocolate, soymilk","Legumes and Legume Products",4.20408157800,1904
"Pork, fresh, variety meats and by-products, chitterlings, raw","Pork Products",4.19780182000,1905
"Chicken, broilers or fryers, skin only, cooked, stewed","Poultry Products",4.19283756200,1906
"Poultry, mechanically deboned, from backs and necks with skin, raw","Poultry Products",4.18750046900,1907
"Pickles, cucumber, dill or kosher dill","Vegetables and Vegetable Products",4.16666665000,1908
"Pickles, cucumber, dill, reduced sodium","Vegetables and Vegetable Products",4.16666665000,1908
"Squash, summer, crookneck and straightneck, frozen, unprepared","Vegetables and Vegetable Products",4.15000000000,1909
"Peanuts, all types, dry-roasted, without salt","Legumes and Legume Products",4.14821243000,1910
"Peanuts, all types, dry-roasted, with salt","Legumes and Legume Products",4.14821243000,1910
"Tomato products, canned, sauce, with mushrooms","Vegetables and Vegetable Products",4.14285720500,1911
"Succotash, (corn and limas), canned, with whole kernel corn, solids and liquids","Vegetables and Vegetable Products",4.12698416000,1912
"Wild rice, raw","Cereal Grains and Pasta",4.12604976000,1913
"Tomato products, canned, sauce, with tomato tidbits","Vegetables and Vegetable Products",4.12500000000,1914
"Cardoon, raw","Vegetables and Vegetable Products",4.11764703000,1915
"Peanut butter, chunk style, without salt","Legumes and Legume Products",4.08488995800,1916
"Peanut butter, chunk style, with salt","Legumes and Legume Products",4.08488995800,1916
"Peanut butter, reduced sodium","Legumes and Legume Products",4.06779600000,1917
"Pasta, homemade, made with egg, cooked","Cereal Grains and Pasta",4.06153862400,1918
"Pork, cured, ham, patties, unheated","Pork Products",4.05714263400,1919
"Wheat, durum","Cereal Grains and Pasta",4.03539890400,1920
"Peanut butter with omega-3, creamy","Legumes and Legume Products",4.02467143900,1921
"Salsify, (vegetable oyster), raw","Vegetables and Vegetable Products",4.02439026000,1922
"Pasta, whole-wheat, cooked (Includes foods for USDA's Food Distribution Program)","Cereal Grains and Pasta",4.02013399100,1923
"Chicken, broiler, rotisserie, BBQ, skin","Poultry Products",4.01851905700,1924
"Salsify, cooked, boiled, drained, without salt","Vegetables and Vegetable Products",4.01470578600,1925
"Salsify, cooked, boiled, drained, with salt","Vegetables and Vegetable Products",4.01470578600,1925
"Fennel, bulb, raw","Vegetables and Vegetable Products",4.00000006000,1926
"Pumpkin, cooked, boiled, drained, with salt","Vegetables and Vegetable Products",4.00000003200,1927
"Gourd, white-flowered (calabash), cooked, boiled, drained, without salt","Vegetables and Vegetable Products",4.00000002000,1928
"SILK Plain soy yogurt","Legumes and Legume Products",3.99999996000,1929
"Falafel, home-prepared","Legumes and Legume Products",3.99699699300,1930
"Fish, fish sticks, frozen, prepared","Finfish and Shellfish Products",3.97472890800,1931
"Wild rice, cooked","Cereal Grains and Pasta",3.95049501000,1932
"Turkey, young hen, skin only, cooked, roasted","Poultry Products",3.94813316700,1933
"Vegetables, mixed, canned, solids and liquids","Vegetables and Vegetable Products",3.94444447600,1934
"Radishes, oriental, cooked, boiled, drained, without salt","Vegetables and Vegetable Products",3.94117644300,1935
"Radishes, oriental, cooked, boiled, drained, with salt","Vegetables and Vegetable Products",3.94117644300,1935
"Pasta, whole-wheat, dry (Includes foods for USDA's Food Distribution Program)","Cereal Grains and Pasta",3.94034078300,1936
"Beef, New Zealand, imported, sweetbread, cooked, boiled","Beef Products",3.94025146200,1937
"Pasta, fresh-refrigerated, plain, cooked","Cereal Grains and Pasta",3.93129782000,1938
"Radishes, hawaiian style, pickled","Vegetables and Vegetable Products",3.92857146000,1939
"Cabbage, mustard, salted","Vegetables and Vegetable Products",3.92857146000,1939
"Pasta, fresh-refrigerated, plain, as purchased","Cereal Grains and Pasta",3.92708308200,1940
"Eggplant, raw","Vegetables and Vegetable Products",3.92000000000,1941
"Seaweed, kelp, raw","Vegetables and Vegetable Products",3.90697675200,1942
"Triticale flour, whole-grain","Cereal Grains and Pasta",3.89940844000,1943
"Pasta, fresh-refrigerated, spinach, as purchased","Cereal Grains and Pasta",3.89619420800,1944
"Pasta, fresh-refrigerated, spinach, cooked","Cereal Grains and Pasta",3.89230784800,1945
"Wheat flour, whole-grain (Includes foods for USDA's Food Distribution Program)","Cereal Grains and Pasta",3.88529349600,1946
Triticale,"Cereal Grains and Pasta",3.88392795000,1947
Buckwheat,"Cereal Grains and Pasta",3.86297390000,1948
"Wheat, hard red winter","Cereal Grains and Pasta",3.85626914400,1949
"Pumpkin, raw","Vegetables and Vegetable Products",3.84615380000,1950
"Soymilk (All flavors), lowfat, with added calcium, vitamins A and D","Legumes and Legume Products",3.83720931000,1951
"Quinoa, uncooked","Cereal Grains and Pasta",3.83695609200,1952
"Potatoes, au gratin, home-prepared from recipe using margarine","Vegetables and Vegetable Products",3.83333354800,1953
"Teff, cooked","Cereal Grains and Pasta",3.83168313000,1954
"Beans, liquid from stewed kidney beans","Legumes and Legume Products",3.82978728000,1955
"Noodles, egg, spinach, enriched, dry","Cereal Grains and Pasta",3.82460726100,1956
"Chicken, broilers or fryers, skin only, raw","Poultry Products",3.81948489000,1957
"Noodles, egg, spinach, enriched, cooked","Cereal Grains and Pasta",3.81818203200,1958
"Beets, cooked, boiled. drained, with salt","Vegetables and Vegetable Products",3.81818186400,1959
"Beets, cooked, boiled, drained","Vegetables and Vegetable Products",3.81818186400,1959
"Peanut spread, reduced sugar","Legumes and Legume Products",3.81538576000,1960
"Peppers, sweet, red, raw","Vegetables and Vegetable Products",3.80769226200,1961
"Chicken, broilers or fryers, skin only, cooked, fried, flour","Poultry Products",3.80278908800,1962
"Corn, sweet, yellow, raw","Vegetables and Vegetable Products",3.80232558900,1963
"Cardoon, cooked, boiled, drained, with salt","Vegetables and Vegetable Products",3.80000000000,1964
"Beef, New Zealand, imported, sweetbread, raw","Beef Products",3.79867983000,1965
"Vegetables, mixed (corn, lima beans, peas, green beans, carrots) canned, no salt added","Vegetables and Vegetable Products",3.78378378000,1966
"Bacon, meatless","Legumes and Legume Products",3.78317157400,1967
"Wheat, sprouted","Cereal Grains and Pasta",3.78282824500,1968
"Turkey, skin, from retail parts, from dark meat, raw","Poultry Products",3.77631586500,1969
"Potatoes, au gratin, home-prepared from recipe using butter","Vegetables and Vegetable Products",3.77611962200,1970
"Buckwheat flour, whole-groat","Cereal Grains and Pasta",3.76716465000,1971
"Corn, sweet, white, raw","Vegetables and Vegetable Products",3.74418605400,1972
"Beets, raw","Vegetables and Vegetable Products",3.74418605400,1972
"Corn bran, crude","Cereal Grains and Pasta",3.73214309600,1973
"Pasta, whole grain, 51% whole wheat, remaining unenriched semolina, dry","Cereal Grains and Pasta",3.73204428100,1974
"Peanut Butter, smooth (Includes foods for USDA's Food Distribution Program)","Legumes and Legume Products",3.72959124000,1975
"Amaranth grain, cooked","Cereal Grains and Pasta",3.72549036000,1976
"Tofu yogurt","Legumes and Legume Products",3.72340430000,1977
"Beef, Australian, imported, Wagyu, loin, top loin steak/roast, separable lean and fat, Aust. marble score 9, raw","Beef Products",3.71938716000,1978
"Tomato products, canned, sauce, with onions","Vegetables and Vegetable Products",3.71428574400,1979
"Peanut butter, smooth style, without salt","Legumes and Legume Products",3.71404726100,1980
"Peanut butter, smooth style, with salt (Includes foods for USDA's Food Distribution Program)","Legumes and Legume Products",3.71404726100,1980
"Bulgur, cooked","Cereal Grains and Pasta",3.71084344400,1981
"Peppers, sweet, yellow, raw","Vegetables and Vegetable Products",3.70370370000,1982
"Pork, fresh, carcass, separable lean and fat, raw","Pork Products",3.69946743400,1983
"Pasta, cooked, enriched, with added salt","Cereal Grains and Pasta",3.69426766000,1984
"Pasta, cooked, unenriched, with added salt","Cereal Grains and Pasta",3.69426766000,1984
"Beef, rib, shortribs, separable lean and fat, choice, raw","Beef Products",3.69230832000,1985
"Noodles, egg, dry, enriched","Cereal Grains and Pasta",3.68750047200,1986
"Noodles, egg, dry, unenriched","Cereal Grains and Pasta",3.68750047200,1986
"Buckwheat groats, roasted, cooked","Cereal Grains and Pasta",3.67391297000,1987
"Pasta, cooked, unenriched, without added salt","Cereal Grains and Pasta",3.67088612000,1988
"Pasta, cooked, enriched, without added salt","Cereal Grains and Pasta",3.67088612000,1988
"Potatoes, boiled, cooked in skin, skin, without salt","Vegetables and Vegetable Products",3.66666671800,1989
"Potatoes, boiled, cooked in skin, skin, with salt","Vegetables and Vegetable Products",3.66666671800,1989
"Butterbur, canned","Vegetables and Vegetable Products",3.66666666300,1990
"Quinoa, cooked","Cereal Grains and Pasta",3.66666652000,1991
"Pasta, whole grain, 51% whole wheat, remaining unenriched semolina, cooked","Cereal Grains and Pasta",3.66037725600,1992
"Pasta, whole grain, 51% whole wheat, remaining enriched semolina, dry (Includes foods for USDA's Food Distribution Program)","Cereal Grains and Pasta",3.65650956000,1993
"Amaranth grain, uncooked","Cereal Grains and Pasta",3.65498680800,1994
"Waxgourd, (chinese preserving melon), cooked, boiled, drained, with salt","Vegetables and Vegetable Products",3.63636364000,1995
"Peppers, hot pickled, canned","Vegetables and Vegetable Products",3.63636360000,1996
"Pasta, whole grain, 51% whole wheat, remaining enriched semolina, cooked (Includes foods for USDA's Food Distribution Program)","Cereal Grains and Pasta",3.63461515200,1997
"Oat flour, partially debranned","Cereal Grains and Pasta",3.62871356800,1998
"Teff, uncooked","Cereal Grains and Pasta",3.62397868000,1999
"Wheat flour, white (industrial), 13% protein, bleached, enriched","Cereal Grains and Pasta",3.61049731700,2000
"Wheat flour, white (industrial), 13% protein, bleached, unenriched","Cereal Grains and Pasta",3.61049731700,2000
"Tomato products, canned, sauce, with herbs and cheese","Vegetables and Vegetable Products",3.61016958900,2001
"Pumpkin, cooked, boiled, drained, without salt","Vegetables and Vegetable Products",3.60000000000,2002
"Beef, Australian, imported, Wagyu, rib, small end rib steak/roast, boneless, separable lean and fat, Aust. marble score 9, raw","Beef Products",3.59901059200,2003
"Bulgur, dry","Cereal Grains and Pasta",3.59356773300,2004
"Onions, young green, tops only","Vegetables and Vegetable Products",3.59259258900,2005
"Spaghetti, spinach, dry","Cereal Grains and Pasta",3.58870962000,2006
"Soymilk, chocolate, unfortified","Legumes and Legume Products",3.58730161600,2007
"Soymilk, chocolate, with added calcium, vitamins A and D","Legumes and Legume Products",3.58730161600,2007
"Chicken, skin (drumsticks and thighs), cooked, roasted","Poultry Products",3.58657981400,2008
"Macaroni, vegetable, enriched, dry","Cereal Grains and Pasta",3.58038194400,2009
"Peppers, pasilla, dried","Vegetables and Vegetable Products",3.57971048500,2010
"Beans, baked, home prepared","Legumes and Legume Products",3.57419360200,2011
"Celeriac, raw","Vegetables and Vegetable Products",3.57142860000,2012
"Celeriac, cooked, boiled, drained, with salt","Vegetables and Vegetable Products",3.55555555200,2013
"Celeriac, cooked, boiled, drained, without salt","Vegetables and Vegetable Products",3.55555555200,2013
"Corn, sweet, yellow, cooked, boiled, drained, with salt","Vegetables and Vegetable Products",3.55208344700,2014
"Corn, sweet, yellow, cooked, boiled, drained, without salt","Vegetables and Vegetable Products",3.55208344700,2014
"Squash, summer, zucchini, italian style, canned","Vegetables and Vegetable Products",3.55172417700,2015
"SILK Chocolate, soymilk","Legumes and Legume Products",3.55172407400,2016
"SILK Mocha, soymilk","Legumes and Legume Products",3.55172407400,2016
"Macaroni, vegetable, enriched, cooked","Cereal Grains and Pasta",3.53906250000,2017
"Peppers, sweet, green, cooked, boiled, drained, with salt","Vegetables and Vegetable Products",3.53846149600,2018
"Peppers, sweet, red, cooked, boiled, drained, with salt","Vegetables and Vegetable Products",3.53846149600,2018
"Shallots, freeze-dried","Vegetables and Vegetable Products",3.53448249000,2019
"Barley, hulled","Cereal Grains and Pasta",3.52542403200,2020
"Pasta, homemade, made without egg, cooked","Cereal Grains and Pasta",3.52419349200,2021
"Spaghetti, spinach, cooked","Cereal Grains and Pasta",3.52307706400,2022
"Semolina, unenriched","Cereal Grains and Pasta",3.52222250400,2023
"Semolina, enriched","Cereal Grains and Pasta",3.52222250400,2023
"Pasta, dry, unenriched","Cereal Grains and Pasta",3.51482507200,2024
"Pasta, dry, enriched","Cereal Grains and Pasta",3.51482507200,2024
"Lotus root, raw","Vegetables and Vegetable Products",3.51351364000,2025
"Tomatoes, red, ripe, canned, stewed","Vegetables and Vegetable Products",3.49999995800,2026
"Pork, cured, bacon, unprepared","Pork Products",3.47582661400,2027
"Shallots, raw","Vegetables and Vegetable Products",3.47222225000,2028
"Frijoles rojos volteados (Refried beans, red, canned)","Legumes and Legume Products",3.47222200000,2029
"Cardoon, cooked, boiled, drained, without salt","Vegetables and Vegetable Products",3.45454542000,2030
"Corn, sweet, white, cooked, boiled, drained, without salt","Vegetables and Vegetable Products",3.44329885200,2031
"Corn, sweet, white, cooked, boiled, drained, with salt","Vegetables and Vegetable Products",3.44329885200,2031
"Corn, sweet, white, frozen, kernels cut off cob, boiled, drained, without salt","Vegetables and Vegetable Products",3.43750000000,2032
"Corn, sweet, white, frozen, kernels cut off cob, boiled, drained, with salt","Vegetables and Vegetable Products",3.43750000000,2032
"Corn, sweet, yellow, frozen, kernels cut off cob, unprepared (Includes foods for USDA's Food Distribution Program)","Vegetables and Vegetable Products",3.43181807200,2033
"Corn, sweet, white, frozen, kernels cut off cob, unprepared","Vegetables and Vegetable Products",3.43181807200,2033
"Peppers, chili, green, canned","Vegetables and Vegetable Products",3.42857145600,2034
"Succotash, (corn and limas), canned, with cream style corn","Vegetables and Vegetable Products",3.42857143200,2035
"Corn, sweet, yellow, canned, whole kernel, drained solids","Vegetables and Vegetable Products",3.41791041700,2036
"Corn, sweet, white, canned, whole kernel, drained solids","Vegetables and Vegetable Products",3.41791041700,2036
"Lamb, Australian, imported, fresh, seam fat, raw","Lamb, Veal, and Game Products",3.40958568500,2037
"Peppers, jalapeno, canned, solids and liquids","Vegetables and Vegetable Products",3.40740740400,2038
"Corn, sweet, yellow, canned, drained solids, rinsed with tap water","Vegetables and Vegetable Products",3.40625000000,2039
"Couscous, dry","Cereal Grains and Pasta",3.39361642400,2040
"Buckwheat groats, roasted, dry","Cereal Grains and Pasta",3.39017292900,2041
"Couscous, cooked","Cereal Grains and Pasta",3.38392840900,2042
"Corn pudding, home prepared","Vegetables and Vegetable Products",3.37404589600,2043
"Cowpeas (blackeyes), immature seeds, cooked, boiled, drained, with salt","Vegetables and Vegetable Products",3.37234046600,2044
"Corn, sweet, yellow, frozen, kernels on cob, unprepared","Vegetables and Vegetable Products",3.34693889600,2045
"Corn, sweet, white, frozen, kernels on cob, unprepared","Vegetables and Vegetable Products",3.34693889600,2045
"SILK Vanilla soy yogurt (family size)","Legumes and Legume Products",3.34177219200,2046
"SILK Vanilla soy yogurt (single serving size)","Legumes and Legume Products",3.34090898400,2047
"Radishes, oriental, raw","Vegetables and Vegetable Products",3.33333336000,2048
"Potatoes, microwaved, cooked in skin, skin, without salt","Vegetables and Vegetable Products",3.32575776200,2049
"Potatoes, microwaved, cooked, in skin, skin with salt","Vegetables and Vegetable Products",3.32575776200,2049
"Kanpyo, (dried gourd strips)","Vegetables and Vegetable Products",3.32558140200,2050
"SILK Nog, soymilk","Legumes and Legume Products",3.32432444400,2051
"SILK Coffee, soymilk","Legumes and Legume Products",3.32258059200,2052
"Wheat flour, white, bread, enriched","Cereal Grains and Pasta",3.31855943400,2053
"Wheat flours, bread, unenriched","Cereal Grains and Pasta",3.31855943400,2053
"Corn, sweet, yellow, frozen, kernels on cob, cooked, boiled, drained, without salt","Vegetables and Vegetable Products",3.30851067800,2054
"Corn, sweet, yellow, frozen, kernels on cob, cooked, boiled, drained, with salt","Vegetables and Vegetable Products",3.30851067800,2054
"Corn, sweet, white, frozen, kernels on cob, cooked, boiled, drained, without salt","Vegetables and Vegetable Products",3.30851067800,2054
"Corn, sweet, white, frozen, kernels on cob, cooked, boiled, drained, with salt","Vegetables and Vegetable Products",3.30851067800,2054
"Wheat, hard white","Cereal Grains and Pasta",3.30701798700,2055
"Cowpeas, common (blackeyes, crowder, southern), mature seeds, canned with pork","Legumes and Legume Products",3.30120488200,2056
"Chicken, skin (drumsticks and thighs), cooked, braised","Poultry Products",3.29796789600,2057
"Noodles, egg, cooked, enriched, with added salt","Cereal Grains and Pasta",3.28985515800,2058
"Noodles, egg, unenriched, cooked, without added salt","Cereal Grains and Pasta",3.28985515800,2058
"Noodles, egg, enriched, cooked","Cereal Grains and Pasta",3.28985515800,2058
"Noodles, egg, cooked, unenriched, with added salt","Cereal Grains and Pasta",3.28985515800,2058
"Peppers, sweet, red, cooked, boiled, drained, without salt","Vegetables and Vegetable Products",3.28571431200,2059
"Peppers, sweet, green, cooked, boiled, drained, without salt","Vegetables and Vegetable Products",3.28571431200,2059
"Hummus, commercial","Legumes and Legume Products",3.28270020200,2060
"Cowpeas (blackeyes), immature seeds, raw","Vegetables and Vegetable Products",3.27777774500,2061
"Cowpeas (blackeyes), immature seeds, cooked, boiled, drained, without salt","Vegetables and Vegetable Products",3.26804112600,2062
"Peppers, hot chile, sun-dried","Vegetables and Vegetable Products",3.26543236000,2063
"Potatoes, scalloped, home-prepared with butter","Vegetables and Vegetable Products",3.26136353200,2064
"Potatoes, scalloped, home-prepared with margarine","Vegetables and Vegetable Products",3.26136353200,2064
"Fungi, Cloud ears, dried","Vegetables and Vegetable Products",3.25704247500,2065
"Onions, cooked, boiled, drained, with salt","Vegetables and Vegetable Products",3.23809526400,2066
"Mushrooms, shiitake, dried","Vegetables and Vegetable Products",3.23648612400,2067
"Pumpkin, canned, without salt","Vegetables and Vegetable Products",3.23529415000,2068
"Pumpkin, canned, with salt","Vegetables and Vegetable Products",3.23529415000,2068
"Sorghum grain","Cereal Grains and Pasta",3.22796386800,2069
"Corn, sweet, yellow, frozen, kernels, cut off cob, boiled, drained, with salt","Vegetables and Vegetable Products",3.22784814000,2070
"Turnips, cooked, boiled, drained, without salt","Vegetables and Vegetable Products",3.22727269500,2071
"Turnips, cooked, boiled, drained, with salt","Vegetables and Vegetable Products",3.22727269500,2071
"Turkey, skin from whole (light and dark), with added solution, raw","Poultry Products",3.22572188800,2072
"Turnips, raw","Vegetables and Vegetable Products",3.21428574000,2073
"Corn, yellow, whole kernel, frozen, microwaved","Vegetables and Vegetable Products",3.20353999600,2074
"Corn, sweet, yellow, canned, no salt added, solids and liquids (Includes foods for USDA's Food Distribution Program)","Vegetables and Vegetable Products",3.19672138500,2075
"Corn, sweet, yellow, canned, brine pack, regular pack, solids and liquids","Vegetables and Vegetable Products",3.19672138500,2075
"Noodles, japanese, somen, dry","Cereal Grains and Pasta",3.18820251500,2076
"Turkey, whole, skin (light and dark), raw","Poultry Products",3.18427459200,2077
"Wheat flour, white (industrial), 11.5% protein, bleached, enriched","Cereal Grains and Pasta",3.16804415000,2078
"Wheat flour, white (industrial), 11.5% protein, bleached, unenriched","Cereal Grains and Pasta",3.16804415000,2078
"Wheat flour, white (industrial), 11.5% protein, unbleached, enriched","Cereal Grains and Pasta",3.16804415000,2078
"Squash, winter, butternut, frozen, cooked, boiled, without salt","Vegetables and Vegetable Products",3.15384619800,2079
"Squash, winter, butternut, frozen, cooked, boiled, with salt","Vegetables and Vegetable Products",3.15384619800,2079
"Corn, sweet, yellow, frozen, kernels cut off cob, boiled, drained, without salt","Vegetables and Vegetable Products",3.14814814500,2080
"Wheat, soft white","Cereal Grains and Pasta",3.14411714400,2081
"Potatoes, frozen, whole, cooked, boiled, drained, with salt","Vegetables and Vegetable Products",3.14285716800,2082
"Lamb, Australian, imported, fresh, external fat, cooked","Lamb, Veal, and Game Products",3.14126384000,2083
"Peppers, jalapeno, raw","Vegetables and Vegetable Products",3.13793106900,2084
"Wheat, soft red winter","Cereal Grains and Pasta",3.12688818000,2085
"Rye flour, medium","Cereal Grains and Pasta",3.11747904000,2086
"Corn with red and green peppers, canned, solids and liquids","Vegetables and Vegetable Products",3.10666658900,2087
"Rutabagas, cooked, boiled, drained, without salt","Vegetables and Vegetable Products",3.09999996900,2088
"Rutabagas, cooked, boiled, drained, with salt","Vegetables and Vegetable Products",3.09999996900,2088
"Onions, cooked, boiled, drained, without salt","Vegetables and Vegetable Products",3.09090912800,2089
"Squash, winter, butternut, frozen, unprepared","Vegetables and Vegetable Products",3.08771936000,2090
"Seaweed, irishmoss, raw","Vegetables and Vegetable Products",3.08163261300,2091
"Beef, cured, breakfast strips, raw or unheated","Beef Products",3.07881750000,2092
"Bacon, pre-sliced, reduced/low sodium, unprepared","Pork Products",3.07862350600,2093
"Waxgourd, (chinese preserving melon), raw","Vegetables and Vegetable Products",3.07692308000,2094
"Eppaw, raw","Vegetables and Vegetable Products",3.06666682000,2095
"Rye grain","Cereal Grains and Pasta",3.05917172000,2096
"Noodles, japanese, somen, cooked","Cereal Grains and Pasta",3.05343520000,2097
"Potatoes, mashed, dehydrated, granules with milk, dry form","Vegetables and Vegetable Products",3.05322080000,2098
"Corn, sweet, white, canned, vacuum pack, regular pack","Vegetables and Vegetable Products",3.05063294800,2099
"Corn, sweet, white, canned, vacuum pack, no salt added","Vegetables and Vegetable Products",3.05063294800,2099
"Corn, sweet, yellow, canned, vacuum pack, regular pack","Vegetables and Vegetable Products",3.05063294800,2099
"Corn, sweet, yellow, canned, vacuum pack, no salt added","Vegetables and Vegetable Products",3.05063294800,2099
"Corn, sweet, white, canned, whole kernel, regular pack, solids and liquids","Vegetables and Vegetable Products",3.04687500000,2100
"Corn, sweet, white, canned, whole kernel, no salt added, solids and liquids","Vegetables and Vegetable Products",3.04687500000,2100
"Potatoes, frozen, whole, cooked, boiled, drained, without salt","Vegetables and Vegetable Products",3.04615377000,2101
"Barley flour or meal","Cereal Grains and Pasta",3.04347855000,2102
"Chicken, skin (drumsticks and thighs), with added solution, cooked, braised","Poultry Products",3.04218414000,2103
"Pork, cured, breakfast strips, raw or unheated","Pork Products",3.02577368000,2104
"Pickles, cucumber, sour, low sodium","Vegetables and Vegetable Products",3.00000000300,2105
"Pickles, cucumber, sour","Vegetables and Vegetable Products",3.00000000300,2105
"Tomatillos, raw","Vegetables and Vegetable Products",3.00000000000,2106
"Onions, frozen, chopped, cooked, boiled, drained, with salt","Vegetables and Vegetable Products",2.96153842600,2107
"Millet, cooked","Cereal Grains and Pasta",2.94957971100,2108
"Beets, canned, drained solids","Vegetables and Vegetable Products",2.93548391500,2109
"Rutabagas, raw","Vegetables and Vegetable Products",2.91891891600,2110
"Millet, raw","Cereal Grains and Pasta",2.91534430600,2111
"Radishes, oriental, dried","Vegetables and Vegetable Products",2.91512923000,2112
"Potatoes, o'brien, home-prepared","Vegetables and Vegetable Products",2.90123456500,2113
"Wheat flour, whole-grain, soft wheat","Cereal Grains and Pasta",2.89457812800,2114
"Chicken, skin (drumsticks and thighs), with added solution, raw","Poultry Products",2.87823881400,2115
"Butterbur, cooked, boiled, drained, with salt","Vegetables and Vegetable Products",2.87500000000,2116
"Butterbur, cooked, boiled, drained, without salt","Vegetables and Vegetable Products",2.87500000000,2116
"Beets, canned, no salt added, solids and liquids","Vegetables and Vegetable Products",2.85714288000,2117
"Waxgourd, (chinese preserving melon), cooked, boiled, drained, without salt","Vegetables and Vegetable Products",2.85714284000,2118
"Barley malt flour","Cereal Grains and Pasta",2.84764532400,2119
"Duck, domesticated, meat and skin, raw","Poultry Products",2.84405995200,2120
"Wheat flour, white, all-purpose, enriched, bleached","Cereal Grains and Pasta",2.83791234900,2121
"Wheat flour, white, all-purpose, enriched, unbleached","Cereal Grains and Pasta",2.83791234900,2121
"Wheat flour, white, all-purpose, enriched, calcium-fortified","Cereal Grains and Pasta",2.83791234900,2121
"Wheat flour, white, all-purpose, unenriched","Cereal Grains and Pasta",2.83791234900,2121
"Potatoes, au gratin, dry mix, unprepared","Vegetables and Vegetable Products",2.83439457000,2122
"Veal, external fat only, cooked","Lamb, Veal, and Game Products",2.82962985600,2123
"Veal, seam fat only, raw","Lamb, Veal, and Game Products",2.82207175600,2124
"Chayote, fruit, cooked, boiled, drained, with salt","Vegetables and Vegetable Products",2.81818179000,2125
"Barley, pearled, raw","Cereal Grains and Pasta",2.81534081900,2126
"Millet flour","Cereal Grains and Pasta",2.81413607500,2127
"Squash, winter, all varieties, raw","Vegetables and Vegetable Products",2.79411767500,2128
"Wheat flour, white, all-purpose, self-rising, enriched","Cereal Grains and Pasta",2.79378555100,2129
"Mushrooms, shiitake, cooked, without salt","Vegetables and Vegetable Products",2.78571430800,2130
"Mushrooms, shiitake, cooked, with salt","Vegetables and Vegetable Products",2.78571430800,2130
"Butterbur, (fuki), raw","Vegetables and Vegetable Products",2.78571426900,2131
"Potatoes, Russet, flesh and skin, baked","Vegetables and Vegetable Products",2.76842110800,2132
"Peppers, hungarian, raw","Vegetables and Vegetable Products",2.75862072000,2133
"Rye flour, light","Cereal Grains and Pasta",2.75069984000,2134
"Onions, frozen, chopped, cooked, boiled, drained, without salt","Vegetables and Vegetable Products",2.75000002200,2135
"Onions, raw","Vegetables and Vegetable Products",2.75000000000,2136
"Hummus, home prepared","Legumes and Legume Products",2.74576294800,2137
"Jerusalem-artichokes, raw","Vegetables and Vegetable Products",2.73972600000,2138
"Onions, frozen, whole, cooked, boiled, drained, with salt","Vegetables and Vegetable Products",2.73076919800,2139
"Potatoes, canned, solids and liquids","Vegetables and Vegetable Products",2.72727276000,2140
"Tomato and vegetable juice, low sodium","Vegetables and Vegetable Products",2.72727270000,2141
"Onions, frozen, chopped, unprepared","Vegetables and Vegetable Products",2.72413796100,2142
"Potatoes, russet, flesh and skin, raw (Includes foods for USDA's Food Distribution Program)","Vegetables and Vegetable Products",2.70886079200,2143
"Potatoes, red, flesh and skin, raw","Vegetables and Vegetable Products",2.69999994600,2144
"Potatoes, baked, flesh and skin, without salt","Vegetables and Vegetable Products",2.68817200000,2145
"Potatoes, baked, flesh and skin, with salt","Vegetables and Vegetable Products",2.68817200000,2145
"SILK Raspberry soy yogurt","Legumes and Legume Products",2.67045446000,2146
"SILK Black Cherry soy yogurt","Legumes and Legume Products",2.67045446000,2146
"SILK Blueberry soy yogurt","Legumes and Legume Products",2.67045446000,2146
"SILK Key Lime soy yogurt","Legumes and Legume Products",2.67045446000,2146
"SILK Banana-Strawberry soy yogurt","Legumes and Legume Products",2.67045446000,2146
"Sorghum flour, refined, unenriched","Cereal Grains and Pasta",2.66946736000,2147
"Potatoes, flesh and skin, raw","Vegetables and Vegetable Products",2.66233766500,2148
"Wheat flour, white (industrial), 10% protein, unbleached, enriched","Cereal Grains and Pasta",2.65300504000,2149
"Wheat flour, white (industrial), 10% protein, bleached, enriched","Cereal Grains and Pasta",2.65300504000,2149
"Wheat flour, white (industrial), 10% protein, bleached, unenriched","Cereal Grains and Pasta",2.65300504000,2149
"Potatoes, red, flesh and skin, baked","Vegetables and Vegetable Products",2.64367819000,2150
"Chicken, broilers or fryers, skin only, cooked, fried, batter","Poultry Products",2.61928927200,2151
"Leeks, (bulb and lower leaf-portion), cooked, boiled, drained, without salt","Vegetables and Vegetable Products",2.61290326500,2152
"Leeks, (bulb and lower leaf-portion), cooked, boiled, drained, with salt","Vegetables and Vegetable Products",2.61290326500,2152
"Lamb, Australian, imported, fresh, external fat, raw","Lamb, Veal, and Game Products",2.58521549200,2153
"Chayote, fruit, cooked, boiled, drained, without salt","Vegetables and Vegetable Products",2.58333335400,2154
"Corn grain, white","Cereal Grains and Pasta",2.58082189200,2155
"Corn grain, yellow","Cereal Grains and Pasta",2.58082189200,2155
"Carrots, canned, no salt added, solids and liquids","Vegetables and Vegetable Products",2.56521739900,2156
"Onions, dehydrated flakes","Vegetables and Vegetable Products",2.56447035000,2157
"Carrots, canned, no salt added, drained solids","Vegetables and Vegetable Products",2.56000000000,2158
"Carrots, canned, regular pack, drained solids","Vegetables and Vegetable Products",2.56000000000,2158
"Onions, frozen, whole, unprepared","Vegetables and Vegetable Products",2.54285718100,2159
"Onions, frozen, whole, cooked, boiled, drained, without salt","Vegetables and Vegetable Products",2.53571430600,2160
"Carrots, canned, regular pack, solids and liquids","Vegetables and Vegetable Products",2.52173913800,2161
"Potatoes, yellow fleshed, hash brown, shredded, salt added in processing, frozen, unprepared","Vegetables and Vegetable Products",2.51851851600,2162
"Eggplant, cooked, boiled, drained, with salt","Vegetables and Vegetable Products",2.51515149000,2163
"Potatoes, hash brown, frozen, plain, unprepared","Vegetables and Vegetable Products",2.51219513200,2164
"Pasta, gluten-free, brown rice flour, cooked, TINKYADA","Cereal Grains and Pasta",2.50724644200,2165
"SILK Peach soy yogurt","Legumes and Legume Products",2.50000003000,2166
"SILK Strawberry soy yogurt","Legumes and Legume Products",2.50000003000,2166
"Onions, sweet, raw","Vegetables and Vegetable Products",2.50000000000,2167
"Lamb, Australian, imported, fresh, seam fat, cooked","Lamb, Veal, and Game Products",2.49277957400,2168
"Tomatoes, red, ripe, cooked, stewed","Vegetables and Vegetable Products",2.48101268800,2169
"Cornmeal, yellow, self-rising, bolted, plain, enriched","Cereal Grains and Pasta",2.47904193600,2170
"Cornmeal, white, self-rising, bolted, plain, enriched","Cereal Grains and Pasta",2.47904193600,2170
"Potatoes, au gratin, dry mix, prepared with water, whole milk and butter","Vegetables and Vegetable Products",2.47311824000,2171
"Pate de foie gras, canned (goose liver pate), smoked","Poultry Products",2.46753228000,2172
"Leeks, (bulb and lower leaf-portion), raw","Vegetables and Vegetable Products",2.45901645000,2173
"Squash, winter, spaghetti, cooked, boiled, drained, or baked, without salt","Vegetables and Vegetable Products",2.44444444200,2174
"Squash, winter, spaghetti, cooked, boiled, drained, or baked, with salt","Vegetables and Vegetable Products",2.44444444200,2174
"Potatoes, white, flesh and skin, raw","Vegetables and Vegetable Products",2.43478267200,2175
"Beets, canned, regular pack, solids and liquids","Vegetables and Vegetable Products",2.43333330900,2176
"Wheat flour, white (industrial), 9% protein, bleached, enriched","Cereal Grains and Pasta",2.42234364400,2177
"Wheat flour, white (industrial), 9% protein, bleached, unenriched","Cereal Grains and Pasta",2.42234364400,2177
"Corn, sweet, yellow, canned, cream style, regular pack","Vegetables and Vegetable Products",2.41666668600,2178
"Corn, sweet, yellow, canned, cream style, no salt added","Vegetables and Vegetable Products",2.41666668600,2178
"Corn, sweet, white, canned, cream style, no salt added","Vegetables and Vegetable Products",2.41666668600,2178
"Cornmeal, yellow, self-rising, bolted, with wheat flour added, enriched","Cereal Grains and Pasta",2.41666648300,2179
"Cornmeal, white, self-rising, bolted, with wheat flour added, enriched","Cereal Grains and Pasta",2.41666648300,2179
"Potatoes, o'brien, frozen, unprepared","Vegetables and Vegetable Products",2.40789478500,2180
"Squash, winter, all varieties, cooked, baked, with salt","Vegetables and Vegetable Products",2.40540540300,2181
"Squash, winter, all varieties, cooked, baked, without salt","Vegetables and Vegetable Products",2.40540540300,2181
"Corn flour, whole-grain, blue (harina de maiz morado)","Cereal Grains and Pasta",2.40384637500,2182
"Lotus root, cooked, boiled, drained, without salt","Vegetables and Vegetable Products",2.39393937000,2183
"Lotus root, cooked, boiled, drained, with salt","Vegetables and Vegetable Products",2.39393937000,2183
"Wheat flour, white, tortilla mix, enriched","Cereal Grains and Pasta",2.38518537600,2184
"Tomatoes, sun-dried, packed in oil, drained","Vegetables and Vegetable Products",2.37558701600,2185
"Carrot, dehydrated","Vegetables and Vegetable Products",2.37536631000,2186
"Carrot juice, canned","Vegetables and Vegetable Products",2.37500000000,2187
"Burdock root, cooked, boiled, drained, with salt","Vegetables and Vegetable Products",2.37499992400,2188
"Burdock root, cooked, boiled, drained, without salt","Vegetables and Vegetable Products",2.37499992400,2188
"Eggplant, cooked, boiled, drained, without salt","Vegetables and Vegetable Products",2.37142860700,2189
"Cornmeal, yellow, self-rising, degermed, enriched","Cereal Grains and Pasta",2.36901374100,2190
"Cornmeal, white, self-rising, degermed, enriched","Cereal Grains and Pasta",2.36901374100,2190
"Rice, white, long-grain, parboiled, enriched, cooked","Cereal Grains and Pasta",2.36585357100,2191
"Rice, white, long-grain, parboiled, unenriched, cooked","Cereal Grains and Pasta",2.36585357100,2191
"Potatoes, mashed, dehydrated, flakes without milk, dry form","Vegetables and Vegetable Products",2.35593240600,2192
"Corn, sweet, white, canned, cream style, regular pack","Vegetables and Vegetable Products",2.35135143600,2193
"Potatoes, canned, drained solids","Vegetables and Vegetable Products",2.35000004700,2194
"Sorghum flour, whole-grain","Cereal Grains and Pasta",2.34818914500,2195
"Hearts of palm, raw","Vegetables and Vegetable Products",2.34782604000,2196
"Potatoes, canned, drained solids, no salt added","Vegetables and Vegetable Products",2.33333338000,2197
"Corn flour, masa, enriched, white","Cereal Grains and Pasta",2.33057856600,2198
"Corn flour, masa, unenriched, white","Cereal Grains and Pasta",2.33057856600,2198
"Corn flour, yellow, masa, enriched","Cereal Grains and Pasta",2.33057856600,2198
"Potatoes, microwaved, cooked in skin, flesh and skin, without salt","Vegetables and Vegetable Products",2.32380964000,2199
"Potatoes, microwaved, cooked, in skin, flesh and skin, with salt","Vegetables and Vegetable Products",2.32380964000,2199
"Noodles, chinese, chow mein","Cereal Grains and Pasta",2.30997849600,2200
"Potatoes, mashed, home-prepared, whole milk added","Vegetables and Vegetable Products",2.30120486300,2201
"Tomato products, canned, sauce, with onions, green peppers, and celery","Vegetables and Vegetable Products",2.29268293600,2202
"Potatoes, white, flesh and skin, baked","Vegetables and Vegetable Products",2.28260865000,2203
"Potatoes, scalloped, dry mix, prepared with water, whole milk and butter","Vegetables and Vegetable Products",2.27956985600,2204
"Ginger root, raw","Vegetables and Vegetable Products",2.27500000000,2205
"Potato pancakes","Vegetables and Vegetable Products",2.26865654400,2206
"Carrots, raw","Vegetables and Vegetable Products",2.26829269200,2207
"Wheat flour, white, cake, enriched","Cereal Grains and Pasta",2.26519342000,2208
"Squash, winter, butternut, cooked, baked, without salt","Vegetables and Vegetable Products",2.25000000000,2209
"Squash, winter, butternut, cooked, baked, with salt","Vegetables and Vegetable Products",2.25000000000,2209
"Cornmeal, whole-grain, yellow","Cereal Grains and Pasta",2.24309397200,2210
"Cornmeal, whole-grain, white","Cereal Grains and Pasta",2.24309397200,2210
"Sweet potato, cooked, baked in skin, flesh, without salt","Vegetables and Vegetable Products",2.23333331100,2211
"Sweet potato, cooked, baked in skin, flesh, with salt","Vegetables and Vegetable Products",2.23333331100,2211
"Rice, brown, long-grain, cooked (Includes foods for USDA's Food Distribution Program)","Cereal Grains and Pasta",2.22764219400,2212
"Beef, Australian, imported, grass-fed,  external fat, raw","Beef Products",2.22396908400,2213
"Squash, winter, butternut, raw","Vegetables and Vegetable Products",2.22222220000,2214
"Veal, seam fat only, cooked","Lamb, Veal, and Game Products",2.20990096800,2215
"Potatoes, mashed, dehydrated, granules without milk, dry form","Vegetables and Vegetable Products",2.20967738400,2216
"Chicken, skin (drumsticks and thighs), raw","Poultry Products",2.17727246600,2217
"Carrots, cooked, boiled, drained, with salt","Vegetables and Vegetable Products",2.17142860400,2218
"Carrots, cooked, boiled, drained, without salt","Vegetables and Vegetable Products",2.17142860400,2218
"Potatoes, scalloped, dry mix, unprepared","Vegetables and Vegetable Products",2.17039099200,2219
"Carrots, frozen, unprepared (Includes foods for USDA's Food Distribution Program)","Vegetables and Vegetable Products",2.16666668400,2220
"Potatoes, baked, skin, without salt","Vegetables and Vegetable Products",2.16666664500,2221
"Potatoes, baked, skin only, with salt","Vegetables and Vegetable Products",2.16666664500,2221
"Potatoes, boiled, cooked in skin, flesh, with salt","Vegetables and Vegetable Products",2.14942531100,2222
"Potatoes, boiled, cooked in skin, flesh, without salt","Vegetables and Vegetable Products",2.14942531100,2222
"Burdock root, raw","Vegetables and Vegetable Products",2.12500001700,2223
"Pasta, gluten-free, corn flour and quinoa flour, cooked, ANCIENT HARVEST","Cereal Grains and Pasta",2.12499988100,2224
"Rice, white, steamed, Chinese restaurant","Cereal Grains and Pasta",2.11920544000,2225
"Mountain yam, hawaii, cooked, steamed, without salt","Vegetables and Vegetable Products",2.10975610600,2226
"Mountain yam, hawaii, cooked, steamed, with salt","Vegetables and Vegetable Products",2.10975610600,2226
"Potatoes, baked, flesh, without salt","Vegetables and Vegetable Products",2.10752684800,2227
"Potatoes, baked, flesh, with salt","Vegetables and Vegetable Products",2.10752684800,2227
"Pasta, gluten-free, rice flour and rice bran extract, cooked, DE BOLES","Cereal Grains and Pasta",2.10500000000,2228
"Rice, brown, parboiled, cooked, UNCLE BENS","Cereal Grains and Pasta",2.10204078900,2229
"Potatoes, microwaved, cooked in skin, flesh, without salt","Vegetables and Vegetable Products",2.10000000000,2230
"Potatoes, microwaved, cooked in skin, flesh, with salt","Vegetables and Vegetable Products",2.10000000000,2230
"Potato wedges, frozen (Includes foods for USDA's Food Distribution Program)","Vegetables and Vegetable Products",2.09302326000,2231
"Pasta, gluten-free, corn, dry","Cereal Grains and Pasta",2.08963552000,2232
"Pasta, gluten-free, corn, cooked","Cereal Grains and Pasta",2.08730160400,2233
"Potatoes, hash brown, refrigerated, unprepared","Vegetables and Vegetable Products",2.08333335000,2234
"Rice, white, glutinous, unenriched, cooked","Cereal Grains and Pasta",2.08247415600,2235
"Carob flour","Legumes and Legume Products",2.08108131000,2236
"Seaweed, agar, raw","Vegetables and Vegetable Products",2.07692305200,2237
"Rice, brown, medium-grain, raw (Includes foods for USDA's Food Distribution Program)","Cereal Grains and Pasta",2.07182325000,2238
"Rice, brown, medium-grain, cooked (Includes foods for USDA's Food Distribution Program)","Cereal Grains and Pasta",2.07142847200,2239
"Rice, white, long-grain, regular, enriched, cooked","Cereal Grains and Pasta",2.06923085200,2240
"Rice, white, long-grain, regular, cooked, unenriched, with salt","Cereal Grains and Pasta",2.06923085200,2240
"Rice, white, long-grain, regular, cooked, enriched, with salt","Cereal Grains and Pasta",2.06923085200,2240
"Rice, white, long-grain, regular, unenriched, cooked without salt","Cereal Grains and Pasta",2.06923085200,2240
"Squash, winter, spaghetti, raw","Vegetables and Vegetable Products",2.06451616000,2241
"Rice, white, long-grain, precooked or instant, enriched, dry","Cereal Grains and Pasta",2.05789477800,2242
"Hominy, canned, white","Cereal Grains and Pasta",2.05555557200,2243
"Hominy, canned, yellow","Cereal Grains and Pasta",2.05555557200,2243
"Rice, brown, long-grain, raw (Includes foods for USDA's Food Distribution Program)","Cereal Grains and Pasta",2.05449618400,2244
"Rice, brown, parboiled, dry, UNCLE BEN'S","Cereal Grains and Pasta",2.05405428000,2245
"Seaweed, agar, dried","Vegetables and Vegetable Products",2.02941185400,2246
"Rice, white, long-grain, parboiled, enriched, dry","Cereal Grains and Pasta",2.00802154700,2247
"Rice, white, long-grain, parboiled, unenriched, dry","Cereal Grains and Pasta",2.00802154700,2247
"Squash, winter, acorn, cooked, baked, without salt","Vegetables and Vegetable Products",2.00000001600,2248
"Yambean (jicama), cooked, boiled, drained, with salt","Vegetables and Vegetable Products",2.00000001600,2248
"Squash, winter, acorn, cooked, baked, with salt","Vegetables and Vegetable Products",2.00000001600,2248
"Squash, winter, acorn, raw","Vegetables and Vegetable Products",2.00000000000,2249
"Mountain yam, hawaii, raw","Vegetables and Vegetable Products",1.99999998200,2250
"Rice flour, brown","Cereal Grains and Pasta",1.99173558300,2251
"Potatoes, boiled, cooked without skin, flesh, without salt","Vegetables and Vegetable Products",1.98837209700,2252
"Potatoes, boiled, cooked without skin, flesh, with salt","Vegetables and Vegetable Products",1.98837209700,2252
"Noodles, flat, crunchy, Chinese restaurant","Cereal Grains and Pasta",1.98272573800,2253
"Squash, winter, acorn, cooked, boiled, mashed, without salt","Vegetables and Vegetable Products",1.97058825500,2254
"Squash, winter, acorn, cooked, boiled, mashed, with salt","Vegetables and Vegetable Products",1.97058825500,2254
"Sweet potato, canned, mashed","Vegetables and Vegetable Products",1.96039602000,2255
"Rice, white, long-grain, regular, raw, enriched","Cereal Grains and Pasta",1.95342463800,2256
"Rice, white, long-grain, regular, raw, unenriched","Cereal Grains and Pasta",1.95342463800,2256
"Veal, Australian, separable fat, raw","Lamb, Veal, and Game Products",1.94695526700,2257
"Chicory roots, raw","Vegetables and Vegetable Products",1.94444446000,2258
"Potato flour","Vegetables and Vegetable Products",1.93277280000,2259
"Cornmeal, degermed, enriched, yellow","Cereal Grains and Pasta",1.92162183300,2260
"Cornmeal, degermed, enriched, white","Cereal Grains and Pasta",1.92162183300,2260
"Cornmeal, degermed, unenriched, yellow","Cereal Grains and Pasta",1.92162183300,2260
"Cornmeal, degermed, unenriched, white","Cereal Grains and Pasta",1.92162183300,2260
"Jew's ear, (pepeao), raw","Vegetables and Vegetable Products",1.92000000000,2261
"Corn flour, whole-grain, white","Cereal Grains and Pasta",1.91966751900,2262
"Corn flour, whole-grain, yellow","Cereal Grains and Pasta",1.91966751900,2262
"Pork, oriental style, dehydrated","Pork Products",1.91869888000,2263
"Potatoes, mashed, prepared from granules, without milk, whole milk and margarine","Vegetables and Vegetable Products",1.89814809500,2264
"Potatoes, mashed, dehydrated, prepared from granules without milk, whole milk and butter added","Vegetables and Vegetable Products",1.89814809500,2264
"Yambean (jicama), raw","Vegetables and Vegetable Products",1.89473680800,2265
"Yambean (jicama), cooked, boiled, drained, without salt","Vegetables and Vegetable Products",1.89473680800,2265
"Potato salad, home-prepared","Vegetables and Vegetable Products",1.87412587600,2266
"Parsnips, cooked, boiled, drained, without salt","Vegetables and Vegetable Products",1.85915492400,2267
"Parsnips, cooked, boiled, drained, with salt","Vegetables and Vegetable Products",1.85915492400,2267
"Potatoes, mashed, ready-to-eat","Vegetables and Vegetable Products",1.85849051400,2268
"Rice, white, glutinous, unenriched, uncooked","Cereal Grains and Pasta",1.84054074300,2269
"Lemon grass (citronella), raw","Vegetables and Vegetable Products",1.83838382000,2270
"Barley, pearled, cooked","Cereal Grains and Pasta",1.83739830600,2271
"Eggplant, pickled","Vegetables and Vegetable Products",1.83673467000,2272
"Potatoes, mashed, dehydrated, prepared from granules with milk, water and margarine added","Vegetables and Vegetable Products",1.83620697000,2273
"Rice, white, medium-grain, raw, enriched","Cereal Grains and Pasta",1.83611125800,2274
"Rice, white, medium-grain, raw, unenriched","Cereal Grains and Pasta",1.83611125800,2274
"Rice, white, medium-grain, enriched, cooked","Cereal Grains and Pasta",1.83076930400,2275
"Rice, white, medium-grain, cooked, unenriched","Cereal Grains and Pasta",1.83076930400,2275
"Carrots, baby, raw","Vegetables and Vegetable Products",1.82857145600,2276
"Sweet potato, raw, unprepared (Includes foods for USDA's Food Distribution Program)","Vegetables and Vegetable Products",1.82558139900,2277
"Pork, fresh, composite of separable fat, with added solution, raw","Pork Products",1.82480320800,2278
"Potatoes, mashed, dehydrated, prepared from flakes without milk, whole milk and butter added","Vegetables and Vegetable Products",1.82474220600,2279
"Rice, white, short-grain, enriched, uncooked","Cereal Grains and Pasta",1.81564240000,2280
"Rice, white, short-grain, raw, unenriched","Cereal Grains and Pasta",1.81564240000,2280
"Rice, white, short-grain, enriched, cooked","Cereal Grains and Pasta",1.81538468800,2281
"Rice, white, short-grain, cooked, unenriched","Cereal Grains and Pasta",1.81538468800,2281
"Sweet potato, canned, vacuum pack","Vegetables and Vegetable Products",1.81318681500,2282
"Veal, breast, separable fat, cooked","Lamb, Veal, and Game Products",1.80422284000,2283
"Pork, fresh, belly, raw","Pork Products",1.80308886800,2284
"Sweet potato, cooked, boiled, without skin","Vegetables and Vegetable Products",1.80263161500,2285
"Sweet potato, cooked, boiled, without skin, with salt","Vegetables and Vegetable Products",1.80263161500,2285
"Potatoes, french fried, steak cut, salt not added in processing, frozen, unprepared","Vegetables and Vegetable Products",1.79104488000,2286
"Pasta, gluten-free, corn and rice flour, cooked","Cereal Grains and Pasta",1.78770944000,2287
"Sweet potato, frozen, unprepared (Includes foods for USDA's Food Distribution Program)","Vegetables and Vegetable Products",1.78125005700,2288
"Waterchestnuts, chinese, canned, solids and liquids","Vegetables and Vegetable Products",1.76000000000,2289
"Veal, external fat only, raw","Lamb, Veal, and Game Products",1.75944372000,2290
"Rice, white, long-grain, precooked or instant, enriched, prepared","Cereal Grains and Pasta",1.75806448800,2291
"Potatoes, roasted, salt added in processing, frozen, unprepared","Vegetables and Vegetable Products",1.74803155200,2292
"Potatoes, french fried, all types, salt added in processing, frozen, home-prepared, oven heated","Vegetables and Vegetable Products",1.74050635000,2293
"Potatoes, french fried, steak fries, salt added in processing, frozen, oven-heated","Vegetables and Vegetable Products",1.73648654900,2294
"Potatoes, mashed, home-prepared, whole milk and margarine added","Vegetables and Vegetable Products",1.73451336800,2295
"Pork, cured, ham, separable fat, boneless, heated","Pork Products",1.72978339900,2296
"Pork, fresh, composite of separable fat, with added solution, cooked","Pork Products",1.71965841200,2297
"Sweet potato, frozen, cooked, baked, without salt","Vegetables and Vegetable Products",1.71000000000,2298
"Sweet potato, frozen, cooked, baked, with salt","Vegetables and Vegetable Products",1.71000000000,2298
"Beef, Australian, imported, grass-fed, seam fat, raw","Beef Products",1.70462592200,2299
"Potatoes, french fried, steak fries, salt added in processing, frozen, as purchased","Vegetables and Vegetable Products",1.68461545200,2300
"Potatoes, mashed, dehydrated, prepared from flakes without milk, whole milk and margarine added","Vegetables and Vegetable Products",1.68141602000,2301
"Potatoes, yellow fleshed, roasted, salt added in processing, frozen, unprepared","Vegetables and Vegetable Products",1.67226883900,2302
"Lamb, New Zealand, imported, frozen, composite of trimmed retail cuts, separable fat, cooked","Lamb, Veal, and Game Products",1.65870342000,2303
"Rice noodles, cooked","Cereal Grains and Pasta",1.65740736100,2304
"Ginger root, pickled, canned, with artificial sweetener","Vegetables and Vegetable Products",1.65000000000,2305
"Pickle relish, hot dog","Vegetables and Vegetable Products",1.64835165000,2306
"Potatoes, mashed, home-prepared, whole milk and butter added","Vegetables and Vegetable Products",1.64601778800,2307
"Rice noodles, dry","Cereal Grains and Pasta",1.63461553500,2308
"Rice flour, white, unenriched","Cereal Grains and Pasta",1.62568280000,2309
"Pepeao, dried","Vegetables and Vegetable Products",1.61744981000,2310
"Beans, adzuki, mature seeds, canned, sweetened","Legumes and Legume Products",1.60337542000,2311
"Potatoes, french fried, crinkle or regular cut, salt added in processing, frozen, as purchased","Vegetables and Vegetable Products",1.60273971000,2312
"Parsnips, raw","Vegetables and Vegetable Products",1.59999996000,2313
"Potatoes, french fried, all types, salt not added in processing, frozen, oven-heated","Vegetables and Vegetable Products",1.58333334600,2314
"Potatoes, french fried, cottage-cut, salt not added in processing, frozen, as purchased","Vegetables and Vegetable Products",1.58169941600,2315
"Vegetable juice, BOLTHOUSE FARMS, DAILY GREENS","Vegetables and Vegetable Products",1.58064518500,2316
"Potatoes, french fried, wedge cut, frozen, unprepared","Vegetables and Vegetable Products",1.58024704000,2317
"Potatoes, french fried, cottage-cut, salt not added in processing, frozen, oven-heated","Vegetables and Vegetable Products",1.57798166400,2318
"Potatoes, frozen, french fried, par fried, cottage-cut, prepared, heated in oven, with salt","Vegetables and Vegetable Products",1.57798166400,2318
"Carrots, frozen, cooked, boiled, drained, with salt","Vegetables and Vegetable Products",1.56756756600,2319
"Carrots, frozen, cooked, boiled, drained, without salt","Vegetables and Vegetable Products",1.56756756600,2319
"Beef, retail cuts, separable fat, cooked","Beef Products",1.56617622000,2320
"Potatoes, french fried, crinkle or regular cut, salt added in processing, frozen, oven-heated","Vegetables and Vegetable Products",1.55900618000,2321
"Potatoes, yellow fleshed, french fried, frozen, unprepared","Vegetables and Vegetable Products",1.52469148000,2322
"Potatoes, french fried, all types, salt added in processing, frozen, unprepared","Vegetables and Vegetable Products",1.52380950400,2323
"Potatoes, french fried, all types, salt not added in processing, frozen, as purchased","Vegetables and Vegetable Products",1.52380950400,2323
"Onion rings, breaded, par fried, frozen, prepared, heated in oven","Vegetables and Vegetable Products",1.49999983200,2324
"Potatoes, french fried, shoestring, salt added in processing, frozen, oven-heated","Vegetables and Vegetable Products",1.49484531000,2325
"Corn flour, yellow, degermed, unenriched","Cereal Grains and Pasta",1.49066685300,2326
"Yautia (tannier), raw","Vegetables and Vegetable Products",1.48979597200,2327
"Lamb, Australian, imported, fresh, separable fat, cooked","Lamb, Veal, and Game Products",1.47417819000,2328
"Veal, composite of trimmed retail cuts, separable fat, cooked","Lamb, Veal, and Game Products",1.46728934400,2329
"Pork, fresh, separable fat, raw","Pork Products",1.46360715000,2330
"Pork, cured, ham, separable fat, boneless, unheated","Pork Products",1.45631100000,2331
"Potatoes, french fried, cross cut, frozen, unprepared","Vegetables and Vegetable Products",1.44385038000,2332
"Waterchestnuts, chinese, (matai), raw","Vegetables and Vegetable Products",1.44329892000,2333
"Lamb, New Zealand, imported, Intermuscular fat, cooked","Lamb, Veal, and Game Products",1.43120775600,2334
"Beef, New Zealand, imported, intermuscular fat, cooked","Beef Products",1.41071406000,2335
"Potatoes, hash brown, frozen, with butter sauce, unprepared","Vegetables and Vegetable Products",1.38518510900,2336
"Potatoes, hash brown, frozen, with butter sauce, prepared","Vegetables and Vegetable Products",1.38202258800,2337
"Taro, raw","Vegetables and Vegetable Products",1.33928565000,2338
"Potatoes, hash brown, refrigerated, prepared, pan-fried in canola oil","Vegetables and Vegetable Products",1.33884284400,2339
"Potatoes, french fried, shoestring, salt added in processing, frozen, as purchased","Vegetables and Vegetable Products",1.32515330400,2340
"Yam, cooked, boiled, drained, or baked, with salt","Vegetables and Vegetable Products",1.30701757000,2341
"Yam, raw","Vegetables and Vegetable Products",1.29661012800,2342
"Pork, cured, separable fat (from ham and arm picnic), roasted","Pork Products",1.29272390800,2343
"Yam, cooked, boiled, drained, or baked, without salt","Vegetables and Vegetable Products",1.28448281000,2344
"Yokan, prepared from adzuki beans and sugar","Legumes and Legume Products",1.26538466600,2345
"Beef, New Zealand, imported, subcutaneous fat, raw","Beef Products",1.24087590000,2346
"Pickles, chowchow, with cauliflower onion mustard, sweet","Vegetables and Vegetable Products",1.23966945000,2347
"Beets, pickled, canned, solids and liquids","Vegetables and Vegetable Products",1.23076920000,2348
"Gourd, dishcloth (towelgourd), cooked, boiled, drained, with salt","Vegetables and Vegetable Products",1.22222225400,2349
"Onion rings, breaded, par fried, frozen, unprepared","Vegetables and Vegetable Products",1.22093023500,2350
"Beef, retail cuts, separable fat, raw","Beef Products",1.21810128000,2351
"Potatoes, hash brown, frozen, plain, prepared, pan fried in canola oil","Vegetables and Vegetable Products",1.21004565000,2352
"Sweet Potatoes, french fried, frozen as packaged, salt added in processing","Vegetables and Vegetable Products",1.18681308000,2353
"Sweet potato, canned, syrup pack, drained solids","Vegetables and Vegetable Products",1.18518515200,2354
"Gourd, dishcloth (towelgourd), cooked, boiled, drained, without salt","Vegetables and Vegetable Products",1.17857143800,2355
"Beef, New Zealand, imported, intermuscular fat, raw","Beef Products",1.15780761000,2356
"Beets, harvard, canned, solids and liquids","Vegetables and Vegetable Products",1.15068492000,2357
"Potatoes, hash brown, home-prepared","Vegetables and Vegetable Products",1.13207550000,2358
"Pork, fresh, separable fat, cooked","Pork Products",1.12779546400,2359
"Potato puffs, frozen, oven-heated","Vegetables and Vegetable Products",1.10937492900,2360
"Sweet potato, canned, syrup pack, solids and liquids","Vegetables and Vegetable Products",1.10112359000,2361
"Beef, Australian, imported, Wagyu, external fat, Aust. marble score 4/5, raw","Beef Products",1.09731520800,2362
"Potatoes, frozen, french fried, par fried, extruded, unprepared","Vegetables and Vegetable Products",1.08846158200,2363
"Potatoes, o'brien, frozen, prepared","Vegetables and Vegetable Products",1.08823534200,2364
"Potato puffs, frozen, unprepared","Vegetables and Vegetable Products",1.08426975400,2365
"Lamb, New Zealand, imported, frozen, composite of trimmed retail cuts, separable fat, raw","Lamb, Veal, and Game Products",1.08125000000,2366
"Potatoes, frozen, french fried, par fried, extruded, prepared, heated in oven, without salt","Vegetables and Vegetable Products",1.06606606500,2367
"Pumpkin pie mix, canned","Vegetables and Vegetable Products",1.04807696500,2368
"Epazote, raw","Vegetables and Vegetable Products",1.03125000000,2369
Catsup,"Vegetables and Vegetable Products",1.02970296000,2370
"Catsup, low sodium","Vegetables and Vegetable Products",1.02970296000,2370
"Beef, Australian, imported, Wagyu, seam fat, Aust. marble score 4/5, raw","Beef Products",1.01010120000,2371
"Pork, cured, separable fat (from ham and arm picnic), unheated","Pork Products",0.98100188800,2372
"Pork, fresh, variety meats and by-products, jowl, raw","Pork Products",0.97404608400,2373
"Lamb, Australian, imported, fresh, separable fat, raw","Lamb, Veal, and Game Products",0.96759267000,2374
"Veal, composite of trimmed retail cuts, separable fat, raw","Lamb, Veal, and Game Products",0.94357359600,2375
"Beef, New Zealand, imported, subcutaneous fat, cooked","Beef Products",0.88919285000,2376
"Beef, Australian, imported, Wagyu, external fat, Aust. marble score 9, raw","Beef Products",0.86697953000,2377
"Cassava, raw","Vegetables and Vegetable Products",0.85000000000,2378
"Sweet Potato puffs, frozen, unprepared","Vegetables and Vegetable Products",0.84472048000,2379
"Beef, Australian, imported, Wagyu, seam fat, Aust. marble score 9, raw","Beef Products",0.82296633600,2380
"Sweet Potatoes, french fried, crosscut, frozen, unprepared","Vegetables and Vegetable Products",0.81339713000,2381
"Peppers, sweet, red, sauteed","Vegetables and Vegetable Products",0.78195488800,2382
"Lamb, New Zealand, imported, subcutaneous fat, cooked","Lamb, Veal, and Game Products",0.77744832000,2383
"Onions, yellow, sauteed","Vegetables and Vegetable Products",0.77235769500,2384
"Tree fern, cooked, with salt","Vegetables and Vegetable Products",0.72500000000,2385
"Tree fern, cooked, without salt","Vegetables and Vegetable Products",0.72500000000,2385
"Lamb, New Zealand, imported, Intermuscular fat, raw","Lamb, Veal, and Game Products",0.72343750000,2386
"Pork, cured, salt pork, raw","Pork Products",0.67513349000,2387
"Peppers, sweet, green, sauteed","Vegetables and Vegetable Products",0.67241382000,2388
"Pickles, cucumber, sweet (includes bread and butter pickles)","Vegetables and Vegetable Products",0.63736263800,2389
"Chicken, broilers or fryers, separable fat, raw","Poultry Products",0.59300472500,2390
"Lamb, New Zealand, imported, subcutaneous fat, raw","Lamb, Veal, and Game Products",0.55049782500,2391
"Sweet potato, cooked, candied, home-prepared","Vegetables and Vegetable Products",0.54268292900,2392
"Pickle relish, hamburger","Vegetables and Vegetable Products",0.48837209400,2393
"Taro, cooked, without salt","Vegetables and Vegetable Products",0.36619720800,2394
"Taro, cooked, with salt","Vegetables and Vegetable Products",0.36619720800,2394
"Pork, fresh, backfat, raw","Pork Products",0.35960588400,2395
Poi,"Vegetables and Vegetable Products",0.33928569800,2396
"Pickles, cucumber, sweet, low sodium (includes bread and butter pickles)","Vegetables and Vegetable Products",0.30327867700,2397
"Pickle relish, sweet","Vegetables and Vegetable Products",0.28461539600,2398
"Pork, fresh, variety meats and by-products, leaf fat, raw","Pork Products",0.20536753600,2399
"Beef, variety meats and by-products, suet, raw","Beef Products",0.17564400000,2400
"Arrowroot flour","Cereal Grains and Pasta",0.08403360000,2401
Cornstarch,"Cereal Grains and Pasta",0.06824147200,2402
"Tapioca, pearl, dry","Cereal Grains and Pasta",0.05307262400,2403
"Noodles, chinese, cellophane or long rice (mung beans), dehydrated","Legumes and Legume Products",0.04558404800,2404
"Vermicelli, made from soy","Legumes and Legume Products",0.03021148000,2405
"Pork, bacon, rendered fat, cooked","Pork Products",0.00779510200,2406
"SILK Hazelnut Creamer","Legumes and Legume Products",0.00000000000,2407
"SILK Original Creamer","Legumes and Legume Products",0.00000000000,2407
"SILK French Vanilla Creamer","Legumes and Legume Products",0.00000000000,2407
